ISO-10303-21;
HEADER;
/* Generated by software containing ST-Developer
 * from STEP Tools, Inc. (www.steptools.com) 
 */
/* OPTION: using custom renumber hook */

FILE_DESCRIPTION(
/* description */ ('STEP AP242 Edition 2',
'CAx-IF Rec.Pracs.---Representation and Presentation of Product Manufa
cturing Information (PMI)---4.0---2014-10-13',
'CAx-IF Rec.Pracs.---3D Tessellated Geometry---0.4---2014-09-14','2;1',
'CAx-IF Rec.Pracs.---User Defined Attributes---1.5---2016-08-15'),
/* implementation_level */ '2;1');

FILE_NAME(
/* name */ 'Part Studio 2 - thesensor_PCB',
/* time_stamp */ '2026-10-05T08:17:02Z',
/* author */ (''),
/* organization */ (''),
/* preprocessor_version */ 'ST-DEVELOPER v20',
/* originating_system */ 'ONSHAPE BY PTC INC, 1.221',
/* authorisation */ '  ');

FILE_SCHEMA (('AP242_MANAGED_MODEL_BASED_3D_ENGINEERING_MIM_LF { 1 0 10303 442 3 1 4 }'));
ENDSEC;

DATA;
#10=SHAPE_REPRESENTATION_RELATIONSHIP('','',#1756,#11);
#11=ADVANCED_BREP_SHAPE_REPRESENTATION('',(#1754),#2948);
#12=PLANE('',#1761);
#13=PLANE('',#1762);
#14=PLANE('',#1763);
#15=PLANE('',#1824);
#16=PLANE('',#1878);
#17=PLANE('',#1881);
#18=PLANE('',#1882);
#19=PLANE('',#1883);
#20=PLANE('',#1886);
#21=PLANE('',#1887);
#22=PLANE('',#1952);
#23=PLANE('',#1953);
#24=PLANE('',#1954);
#25=PLANE('',#1955);
#26=PLANE('',#1956);
#27=PLANE('',#1957);
#28=PLANE('',#1958);
#29=PLANE('',#1959);
#30=PLANE('',#1960);
#31=PLANE('',#1961);
#32=PLANE('',#1964);
#33=CIRCLE('',#1759,0.00199999850585);
#34=CIRCLE('',#1760,0.00199999850585);
#35=CIRCLE('',#1764,0.00199999850585);
#36=CIRCLE('',#1765,0.00400000042591);
#37=CIRCLE('',#1766,0.00400000042591);
#38=CIRCLE('',#1767,0.00400000042591);
#39=CIRCLE('',#1768,0.00400000042591);
#40=CIRCLE('',#1769,0.0011);
#41=CIRCLE('',#1770,0.00055);
#42=CIRCLE('',#1771,0.00055);
#43=CIRCLE('',#1772,0.00055);
#44=CIRCLE('',#1773,0.00055);
#45=CIRCLE('',#1774,0.00055);
#46=CIRCLE('',#1775,0.00055);
#47=CIRCLE('',#1776,0.00055);
#48=CIRCLE('',#1777,0.0004445);
#49=CIRCLE('',#1778,0.0004445);
#50=CIRCLE('',#1779,0.00055);
#51=CIRCLE('',#1780,0.0004445);
#52=CIRCLE('',#1781,0.0004445);
#53=CIRCLE('',#1782,0.0011);
#54=CIRCLE('',#1783,0.0004445);
#55=CIRCLE('',#1784,0.0004445);
#56=CIRCLE('',#1785,0.0004445);
#57=CIRCLE('',#1786,0.0004445);
#58=CIRCLE('',#1787,0.0004445);
#59=CIRCLE('',#1788,0.0004);
#60=CIRCLE('',#1789,0.0005);
#61=CIRCLE('',#1790,0.0005);
#62=CIRCLE('',#1791,0.0005);
#63=CIRCLE('',#1792,0.0004445);
#64=CIRCLE('',#1793,0.0004445);
#65=CIRCLE('',#1794,0.0004445);
#66=CIRCLE('',#1795,0.0004445);
#67=CIRCLE('',#1796,0.0004445);
#68=CIRCLE('',#1797,0.0005);
#69=CIRCLE('',#1798,0.0011);
#70=CIRCLE('',#1799,0.0005);
#71=CIRCLE('',#1800,0.0005);
#72=CIRCLE('',#1801,0.00075);
#73=CIRCLE('',#1802,0.00045);
#74=CIRCLE('',#1803,0.00045);
#75=CIRCLE('',#1804,0.0005);
#76=CIRCLE('',#1805,0.0005);
#77=CIRCLE('',#1806,0.0005);
#78=CIRCLE('',#1807,0.00045);
#79=CIRCLE('',#1808,0.00075);
#80=CIRCLE('',#1809,0.0005);
#81=CIRCLE('',#1810,0.0005);
#82=CIRCLE('',#1811,0.0005);
#83=CIRCLE('',#1812,0.0004);
#84=CIRCLE('',#1813,0.0004);
#85=CIRCLE('',#1814,0.0005);
#86=CIRCLE('',#1815,0.0005);
#87=CIRCLE('',#1816,0.0005);
#88=CIRCLE('',#1817,0.0005);
#89=CIRCLE('',#1818,0.0004);
#90=CIRCLE('',#1819,0.0005);
#91=CIRCLE('',#1820,0.0005);
#92=CIRCLE('',#1821,0.000375);
#93=CIRCLE('',#1822,0.000375);
#94=CIRCLE('',#1823,0.0011);
#95=CIRCLE('',#1825,0.001532);
#96=CIRCLE('',#1826,0.00400000042591);
#97=CIRCLE('',#1827,0.00400000042591);
#98=CIRCLE('',#1828,0.00400000042591);
#99=CIRCLE('',#1829,0.00400000042591);
#100=CIRCLE('',#1830,0.00199999850585);
#101=CIRCLE('',#1831,0.0011);
#102=CIRCLE('',#1832,0.00055);
#103=CIRCLE('',#1833,0.00055);
#104=CIRCLE('',#1834,0.00055);
#105=CIRCLE('',#1835,0.00055);
#106=CIRCLE('',#1836,0.00055);
#107=CIRCLE('',#1837,0.00055);
#108=CIRCLE('',#1838,0.00055);
#109=CIRCLE('',#1839,0.0004445);
#110=CIRCLE('',#1840,0.0004445);
#111=CIRCLE('',#1841,0.00055);
#112=CIRCLE('',#1842,0.0004445);
#113=CIRCLE('',#1843,0.0004445);
#114=CIRCLE('',#1844,0.0011);
#115=CIRCLE('',#1845,0.0004445);
#116=CIRCLE('',#1846,0.0004445);
#117=CIRCLE('',#1847,0.0004445);
#118=CIRCLE('',#1848,0.0004445);
#119=CIRCLE('',#1849,0.0004445);
#120=CIRCLE('',#1850,0.0004);
#121=CIRCLE('',#1851,0.0005);
#122=CIRCLE('',#1852,0.0005);
#123=CIRCLE('',#1853,0.0005);
#124=CIRCLE('',#1854,0.0004445);
#125=CIRCLE('',#1855,0.0004445);
#126=CIRCLE('',#1856,0.0004445);
#127=CIRCLE('',#1857,0.0004445);
#128=CIRCLE('',#1858,0.0004445);
#129=CIRCLE('',#1859,0.0011);
#130=CIRCLE('',#1860,0.00075);
#131=CIRCLE('',#1861,0.00045);
#132=CIRCLE('',#1862,0.00045);
#133=CIRCLE('',#1863,0.00045);
#134=CIRCLE('',#1864,0.00075);
#135=CIRCLE('',#1865,0.0005);
#136=CIRCLE('',#1866,0.0004);
#137=CIRCLE('',#1867,0.0004);
#138=CIRCLE('',#1868,0.0005);
#139=CIRCLE('',#1869,0.0005);
#140=CIRCLE('',#1870,0.0005);
#141=CIRCLE('',#1871,0.0005);
#142=CIRCLE('',#1872,0.0004);
#143=CIRCLE('',#1873,0.0005);
#144=CIRCLE('',#1874,0.0005);
#145=CIRCLE('',#1875,0.000375);
#146=CIRCLE('',#1876,0.000375);
#147=CIRCLE('',#1877,0.0011);
#148=CIRCLE('',#1918,0.0005);
#149=CIRCLE('',#1921,0.0005);
#150=CIRCLE('',#1923,0.0005);
#151=CIRCLE('',#1928,0.0005);
#152=CIRCLE('',#1930,0.0005);
#153=CIRCLE('',#1932,0.0005);
#154=CIRCLE('',#1936,0.0005);
#155=CIRCLE('',#1938,0.0005);
#156=CIRCLE('',#1963,0.001532);
#157=ORIENTED_EDGE('',*,*,#607,.T.);
#158=ORIENTED_EDGE('',*,*,#608,.T.);
#159=ORIENTED_EDGE('',*,*,#609,.F.);
#160=ORIENTED_EDGE('',*,*,#610,.F.);
#161=ORIENTED_EDGE('',*,*,#611,.T.);
#162=ORIENTED_EDGE('',*,*,#612,.T.);
#163=ORIENTED_EDGE('',*,*,#607,.F.);
#164=ORIENTED_EDGE('',*,*,#613,.F.);
#165=ORIENTED_EDGE('',*,*,#609,.T.);
#166=ORIENTED_EDGE('',*,*,#614,.T.);
#167=ORIENTED_EDGE('',*,*,#615,.F.);
#168=ORIENTED_EDGE('',*,*,#616,.F.);
#169=ORIENTED_EDGE('',*,*,#616,.T.);
#170=ORIENTED_EDGE('',*,*,#617,.T.);
#171=ORIENTED_EDGE('',*,*,#618,.T.);
#172=ORIENTED_EDGE('',*,*,#619,.T.);
#173=ORIENTED_EDGE('',*,*,#620,.T.);
#174=ORIENTED_EDGE('',*,*,#621,.T.);
#175=ORIENTED_EDGE('',*,*,#622,.T.);
#176=ORIENTED_EDGE('',*,*,#623,.T.);
#177=ORIENTED_EDGE('',*,*,#624,.T.);
#178=ORIENTED_EDGE('',*,*,#625,.T.);
#179=ORIENTED_EDGE('',*,*,#626,.T.);
#180=ORIENTED_EDGE('',*,*,#627,.T.);
#181=ORIENTED_EDGE('',*,*,#613,.T.);
#182=ORIENTED_EDGE('',*,*,#610,.T.);
#183=ORIENTED_EDGE('',*,*,#628,.F.);
#184=ORIENTED_EDGE('',*,*,#629,.F.);
#185=ORIENTED_EDGE('',*,*,#630,.F.);
#186=ORIENTED_EDGE('',*,*,#631,.F.);
#187=ORIENTED_EDGE('',*,*,#632,.F.);
#188=ORIENTED_EDGE('',*,*,#633,.F.);
#189=ORIENTED_EDGE('',*,*,#634,.F.);
#190=ORIENTED_EDGE('',*,*,#635,.F.);
#191=ORIENTED_EDGE('',*,*,#636,.F.);
#192=ORIENTED_EDGE('',*,*,#637,.F.);
#193=ORIENTED_EDGE('',*,*,#638,.F.);
#194=ORIENTED_EDGE('',*,*,#639,.F.);
#195=ORIENTED_EDGE('',*,*,#640,.F.);
#196=ORIENTED_EDGE('',*,*,#641,.F.);
#197=ORIENTED_EDGE('',*,*,#642,.F.);
#198=ORIENTED_EDGE('',*,*,#643,.F.);
#199=ORIENTED_EDGE('',*,*,#644,.F.);
#200=ORIENTED_EDGE('',*,*,#645,.F.);
#201=ORIENTED_EDGE('',*,*,#646,.F.);
#202=ORIENTED_EDGE('',*,*,#647,.F.);
#203=ORIENTED_EDGE('',*,*,#648,.F.);
#204=ORIENTED_EDGE('',*,*,#649,.F.);
#205=ORIENTED_EDGE('',*,*,#650,.F.);
#206=ORIENTED_EDGE('',*,*,#651,.F.);
#207=ORIENTED_EDGE('',*,*,#652,.F.);
#208=ORIENTED_EDGE('',*,*,#653,.F.);
#209=ORIENTED_EDGE('',*,*,#654,.F.);
#210=ORIENTED_EDGE('',*,*,#655,.F.);
#211=ORIENTED_EDGE('',*,*,#656,.F.);
#212=ORIENTED_EDGE('',*,*,#657,.F.);
#213=ORIENTED_EDGE('',*,*,#658,.F.);
#214=ORIENTED_EDGE('',*,*,#659,.F.);
#215=ORIENTED_EDGE('',*,*,#660,.F.);
#216=ORIENTED_EDGE('',*,*,#661,.F.);
#217=ORIENTED_EDGE('',*,*,#662,.F.);
#218=ORIENTED_EDGE('',*,*,#663,.F.);
#219=ORIENTED_EDGE('',*,*,#664,.F.);
#220=ORIENTED_EDGE('',*,*,#665,.F.);
#221=ORIENTED_EDGE('',*,*,#666,.F.);
#222=ORIENTED_EDGE('',*,*,#667,.F.);
#223=ORIENTED_EDGE('',*,*,#668,.F.);
#224=ORIENTED_EDGE('',*,*,#669,.F.);
#225=ORIENTED_EDGE('',*,*,#670,.F.);
#226=ORIENTED_EDGE('',*,*,#671,.F.);
#227=ORIENTED_EDGE('',*,*,#672,.F.);
#228=ORIENTED_EDGE('',*,*,#673,.F.);
#229=ORIENTED_EDGE('',*,*,#674,.F.);
#230=ORIENTED_EDGE('',*,*,#675,.F.);
#231=ORIENTED_EDGE('',*,*,#676,.F.);
#232=ORIENTED_EDGE('',*,*,#677,.F.);
#233=ORIENTED_EDGE('',*,*,#678,.F.);
#234=ORIENTED_EDGE('',*,*,#679,.F.);
#235=ORIENTED_EDGE('',*,*,#680,.F.);
#236=ORIENTED_EDGE('',*,*,#681,.F.);
#237=ORIENTED_EDGE('',*,*,#682,.F.);
#238=ORIENTED_EDGE('',*,*,#683,.F.);
#239=ORIENTED_EDGE('',*,*,#684,.T.);
#240=ORIENTED_EDGE('',*,*,#685,.T.);
#241=ORIENTED_EDGE('',*,*,#686,.F.);
#242=ORIENTED_EDGE('',*,*,#687,.F.);
#243=ORIENTED_EDGE('',*,*,#608,.F.);
#244=ORIENTED_EDGE('',*,*,#612,.F.);
#245=ORIENTED_EDGE('',*,*,#688,.F.);
#246=ORIENTED_EDGE('',*,*,#689,.F.);
#247=ORIENTED_EDGE('',*,*,#690,.F.);
#248=ORIENTED_EDGE('',*,*,#691,.F.);
#249=ORIENTED_EDGE('',*,*,#692,.F.);
#250=ORIENTED_EDGE('',*,*,#693,.F.);
#251=ORIENTED_EDGE('',*,*,#694,.F.);
#252=ORIENTED_EDGE('',*,*,#695,.F.);
#253=ORIENTED_EDGE('',*,*,#696,.F.);
#254=ORIENTED_EDGE('',*,*,#697,.F.);
#255=ORIENTED_EDGE('',*,*,#698,.F.);
#256=ORIENTED_EDGE('',*,*,#614,.F.);
#257=ORIENTED_EDGE('',*,*,#699,.T.);
#258=ORIENTED_EDGE('',*,*,#700,.T.);
#259=ORIENTED_EDGE('',*,*,#701,.T.);
#260=ORIENTED_EDGE('',*,*,#702,.T.);
#261=ORIENTED_EDGE('',*,*,#703,.T.);
#262=ORIENTED_EDGE('',*,*,#704,.T.);
#263=ORIENTED_EDGE('',*,*,#705,.T.);
#264=ORIENTED_EDGE('',*,*,#706,.T.);
#265=ORIENTED_EDGE('',*,*,#707,.T.);
#266=ORIENTED_EDGE('',*,*,#708,.T.);
#267=ORIENTED_EDGE('',*,*,#709,.T.);
#268=ORIENTED_EDGE('',*,*,#710,.T.);
#269=ORIENTED_EDGE('',*,*,#711,.T.);
#270=ORIENTED_EDGE('',*,*,#712,.T.);
#271=ORIENTED_EDGE('',*,*,#713,.T.);
#272=ORIENTED_EDGE('',*,*,#714,.T.);
#273=ORIENTED_EDGE('',*,*,#715,.T.);
#274=ORIENTED_EDGE('',*,*,#716,.T.);
#275=ORIENTED_EDGE('',*,*,#717,.T.);
#276=ORIENTED_EDGE('',*,*,#718,.T.);
#277=ORIENTED_EDGE('',*,*,#719,.T.);
#278=ORIENTED_EDGE('',*,*,#720,.T.);
#279=ORIENTED_EDGE('',*,*,#721,.T.);
#280=ORIENTED_EDGE('',*,*,#722,.T.);
#281=ORIENTED_EDGE('',*,*,#723,.T.);
#282=ORIENTED_EDGE('',*,*,#724,.T.);
#283=ORIENTED_EDGE('',*,*,#725,.T.);
#284=ORIENTED_EDGE('',*,*,#726,.T.);
#285=ORIENTED_EDGE('',*,*,#727,.T.);
#286=ORIENTED_EDGE('',*,*,#728,.T.);
#287=ORIENTED_EDGE('',*,*,#729,.T.);
#288=ORIENTED_EDGE('',*,*,#730,.T.);
#289=ORIENTED_EDGE('',*,*,#731,.T.);
#290=ORIENTED_EDGE('',*,*,#732,.T.);
#291=ORIENTED_EDGE('',*,*,#733,.T.);
#292=ORIENTED_EDGE('',*,*,#734,.T.);
#293=ORIENTED_EDGE('',*,*,#735,.T.);
#294=ORIENTED_EDGE('',*,*,#736,.T.);
#295=ORIENTED_EDGE('',*,*,#737,.T.);
#296=ORIENTED_EDGE('',*,*,#738,.T.);
#297=ORIENTED_EDGE('',*,*,#739,.T.);
#298=ORIENTED_EDGE('',*,*,#740,.T.);
#299=ORIENTED_EDGE('',*,*,#741,.T.);
#300=ORIENTED_EDGE('',*,*,#742,.T.);
#301=ORIENTED_EDGE('',*,*,#743,.T.);
#302=ORIENTED_EDGE('',*,*,#744,.T.);
#303=ORIENTED_EDGE('',*,*,#745,.T.);
#304=ORIENTED_EDGE('',*,*,#746,.T.);
#305=ORIENTED_EDGE('',*,*,#688,.T.);
#306=ORIENTED_EDGE('',*,*,#611,.F.);
#307=ORIENTED_EDGE('',*,*,#627,.F.);
#308=ORIENTED_EDGE('',*,*,#615,.T.);
#309=ORIENTED_EDGE('',*,*,#698,.T.);
#310=ORIENTED_EDGE('',*,*,#747,.F.);
#311=ORIENTED_EDGE('',*,*,#617,.F.);
#312=ORIENTED_EDGE('',*,*,#748,.T.);
#313=ORIENTED_EDGE('',*,*,#689,.T.);
#314=ORIENTED_EDGE('',*,*,#746,.F.);
#315=ORIENTED_EDGE('',*,*,#626,.F.);
#316=ORIENTED_EDGE('',*,*,#747,.T.);
#317=ORIENTED_EDGE('',*,*,#697,.T.);
#318=ORIENTED_EDGE('',*,*,#749,.F.);
#319=ORIENTED_EDGE('',*,*,#618,.F.);
#320=ORIENTED_EDGE('',*,*,#750,.T.);
#321=ORIENTED_EDGE('',*,*,#690,.T.);
#322=ORIENTED_EDGE('',*,*,#748,.F.);
#323=ORIENTED_EDGE('',*,*,#625,.F.);
#324=ORIENTED_EDGE('',*,*,#749,.T.);
#325=ORIENTED_EDGE('',*,*,#696,.T.);
#326=ORIENTED_EDGE('',*,*,#751,.F.);
#327=ORIENTED_EDGE('',*,*,#619,.F.);
#328=ORIENTED_EDGE('',*,*,#752,.T.);
#329=ORIENTED_EDGE('',*,*,#691,.T.);
#330=ORIENTED_EDGE('',*,*,#750,.F.);
#331=ORIENTED_EDGE('',*,*,#624,.F.);
#332=ORIENTED_EDGE('',*,*,#751,.T.);
#333=ORIENTED_EDGE('',*,*,#695,.T.);
#334=ORIENTED_EDGE('',*,*,#753,.F.);
#335=ORIENTED_EDGE('',*,*,#620,.F.);
#336=ORIENTED_EDGE('',*,*,#754,.T.);
#337=ORIENTED_EDGE('',*,*,#692,.T.);
#338=ORIENTED_EDGE('',*,*,#752,.F.);
#339=ORIENTED_EDGE('',*,*,#623,.F.);
#340=ORIENTED_EDGE('',*,*,#753,.T.);
#341=ORIENTED_EDGE('',*,*,#694,.T.);
#342=ORIENTED_EDGE('',*,*,#755,.F.);
#343=ORIENTED_EDGE('',*,*,#621,.F.);
#344=ORIENTED_EDGE('',*,*,#755,.T.);
#345=ORIENTED_EDGE('',*,*,#693,.T.);
#346=ORIENTED_EDGE('',*,*,#754,.F.);
#347=ORIENTED_EDGE('',*,*,#622,.F.);
#348=ORIENTED_EDGE('',*,*,#628,.T.);
#349=ORIENTED_EDGE('',*,*,#756,.T.);
#350=ORIENTED_EDGE('',*,*,#699,.F.);
#351=ORIENTED_EDGE('',*,*,#756,.F.);
#352=ORIENTED_EDGE('',*,*,#629,.T.);
#353=ORIENTED_EDGE('',*,*,#757,.T.);
#354=ORIENTED_EDGE('',*,*,#700,.F.);
#355=ORIENTED_EDGE('',*,*,#757,.F.);
#356=ORIENTED_EDGE('',*,*,#630,.T.);
#357=ORIENTED_EDGE('',*,*,#758,.T.);
#358=ORIENTED_EDGE('',*,*,#701,.F.);
#359=ORIENTED_EDGE('',*,*,#758,.F.);
#360=ORIENTED_EDGE('',*,*,#631,.T.);
#361=ORIENTED_EDGE('',*,*,#759,.T.);
#362=ORIENTED_EDGE('',*,*,#702,.F.);
#363=ORIENTED_EDGE('',*,*,#759,.F.);
#364=ORIENTED_EDGE('',*,*,#632,.T.);
#365=ORIENTED_EDGE('',*,*,#760,.T.);
#366=ORIENTED_EDGE('',*,*,#703,.F.);
#367=ORIENTED_EDGE('',*,*,#760,.F.);
#368=ORIENTED_EDGE('',*,*,#633,.T.);
#369=ORIENTED_EDGE('',*,*,#761,.T.);
#370=ORIENTED_EDGE('',*,*,#704,.F.);
#371=ORIENTED_EDGE('',*,*,#761,.F.);
#372=ORIENTED_EDGE('',*,*,#634,.T.);
#373=ORIENTED_EDGE('',*,*,#762,.T.);
#374=ORIENTED_EDGE('',*,*,#705,.F.);
#375=ORIENTED_EDGE('',*,*,#762,.F.);
#376=ORIENTED_EDGE('',*,*,#635,.T.);
#377=ORIENTED_EDGE('',*,*,#763,.T.);
#378=ORIENTED_EDGE('',*,*,#706,.F.);
#379=ORIENTED_EDGE('',*,*,#763,.F.);
#380=ORIENTED_EDGE('',*,*,#636,.T.);
#381=ORIENTED_EDGE('',*,*,#764,.T.);
#382=ORIENTED_EDGE('',*,*,#707,.F.);
#383=ORIENTED_EDGE('',*,*,#764,.F.);
#384=ORIENTED_EDGE('',*,*,#637,.T.);
#385=ORIENTED_EDGE('',*,*,#765,.T.);
#386=ORIENTED_EDGE('',*,*,#708,.F.);
#387=ORIENTED_EDGE('',*,*,#765,.F.);
#388=ORIENTED_EDGE('',*,*,#638,.T.);
#389=ORIENTED_EDGE('',*,*,#766,.T.);
#390=ORIENTED_EDGE('',*,*,#709,.F.);
#391=ORIENTED_EDGE('',*,*,#766,.F.);
#392=ORIENTED_EDGE('',*,*,#639,.T.);
#393=ORIENTED_EDGE('',*,*,#767,.T.);
#394=ORIENTED_EDGE('',*,*,#710,.F.);
#395=ORIENTED_EDGE('',*,*,#767,.F.);
#396=ORIENTED_EDGE('',*,*,#640,.T.);
#397=ORIENTED_EDGE('',*,*,#768,.T.);
#398=ORIENTED_EDGE('',*,*,#711,.F.);
#399=ORIENTED_EDGE('',*,*,#768,.F.);
#400=ORIENTED_EDGE('',*,*,#641,.T.);
#401=ORIENTED_EDGE('',*,*,#769,.T.);
#402=ORIENTED_EDGE('',*,*,#712,.F.);
#403=ORIENTED_EDGE('',*,*,#769,.F.);
#404=ORIENTED_EDGE('',*,*,#642,.T.);
#405=ORIENTED_EDGE('',*,*,#770,.T.);
#406=ORIENTED_EDGE('',*,*,#713,.F.);
#407=ORIENTED_EDGE('',*,*,#770,.F.);
#408=ORIENTED_EDGE('',*,*,#643,.T.);
#409=ORIENTED_EDGE('',*,*,#771,.T.);
#410=ORIENTED_EDGE('',*,*,#714,.F.);
#411=ORIENTED_EDGE('',*,*,#771,.F.);
#412=ORIENTED_EDGE('',*,*,#644,.T.);
#413=ORIENTED_EDGE('',*,*,#772,.T.);
#414=ORIENTED_EDGE('',*,*,#715,.F.);
#415=ORIENTED_EDGE('',*,*,#772,.F.);
#416=ORIENTED_EDGE('',*,*,#645,.T.);
#417=ORIENTED_EDGE('',*,*,#773,.T.);
#418=ORIENTED_EDGE('',*,*,#716,.F.);
#419=ORIENTED_EDGE('',*,*,#773,.F.);
#420=ORIENTED_EDGE('',*,*,#646,.T.);
#421=ORIENTED_EDGE('',*,*,#774,.T.);
#422=ORIENTED_EDGE('',*,*,#717,.F.);
#423=ORIENTED_EDGE('',*,*,#774,.F.);
#424=ORIENTED_EDGE('',*,*,#647,.T.);
#425=ORIENTED_EDGE('',*,*,#775,.T.);
#426=ORIENTED_EDGE('',*,*,#718,.F.);
#427=ORIENTED_EDGE('',*,*,#775,.F.);
#428=ORIENTED_EDGE('',*,*,#648,.T.);
#429=ORIENTED_EDGE('',*,*,#776,.T.);
#430=ORIENTED_EDGE('',*,*,#719,.F.);
#431=ORIENTED_EDGE('',*,*,#776,.F.);
#432=ORIENTED_EDGE('',*,*,#649,.T.);
#433=ORIENTED_EDGE('',*,*,#777,.T.);
#434=ORIENTED_EDGE('',*,*,#720,.F.);
#435=ORIENTED_EDGE('',*,*,#777,.F.);
#436=ORIENTED_EDGE('',*,*,#650,.T.);
#437=ORIENTED_EDGE('',*,*,#778,.T.);
#438=ORIENTED_EDGE('',*,*,#721,.F.);
#439=ORIENTED_EDGE('',*,*,#778,.F.);
#440=ORIENTED_EDGE('',*,*,#651,.T.);
#441=ORIENTED_EDGE('',*,*,#779,.T.);
#442=ORIENTED_EDGE('',*,*,#722,.F.);
#443=ORIENTED_EDGE('',*,*,#779,.F.);
#444=ORIENTED_EDGE('',*,*,#652,.T.);
#445=ORIENTED_EDGE('',*,*,#780,.T.);
#446=ORIENTED_EDGE('',*,*,#723,.F.);
#447=ORIENTED_EDGE('',*,*,#780,.F.);
#448=ORIENTED_EDGE('',*,*,#653,.T.);
#449=ORIENTED_EDGE('',*,*,#781,.T.);
#450=ORIENTED_EDGE('',*,*,#724,.F.);
#451=ORIENTED_EDGE('',*,*,#781,.F.);
#452=ORIENTED_EDGE('',*,*,#654,.T.);
#453=ORIENTED_EDGE('',*,*,#782,.T.);
#454=ORIENTED_EDGE('',*,*,#725,.F.);
#455=ORIENTED_EDGE('',*,*,#782,.F.);
#456=ORIENTED_EDGE('',*,*,#655,.T.);
#457=ORIENTED_EDGE('',*,*,#783,.T.);
#458=ORIENTED_EDGE('',*,*,#726,.F.);
#459=ORIENTED_EDGE('',*,*,#783,.F.);
#460=ORIENTED_EDGE('',*,*,#656,.T.);
#461=ORIENTED_EDGE('',*,*,#784,.F.);
#462=ORIENTED_EDGE('',*,*,#657,.T.);
#463=ORIENTED_EDGE('',*,*,#785,.T.);
#464=ORIENTED_EDGE('',*,*,#727,.F.);
#465=ORIENTED_EDGE('',*,*,#785,.F.);
#466=ORIENTED_EDGE('',*,*,#658,.T.);
#467=ORIENTED_EDGE('',*,*,#786,.F.);
#468=ORIENTED_EDGE('',*,*,#659,.T.);
#469=ORIENTED_EDGE('',*,*,#787,.F.);
#470=ORIENTED_EDGE('',*,*,#660,.T.);
#471=ORIENTED_EDGE('',*,*,#788,.T.);
#472=ORIENTED_EDGE('',*,*,#728,.F.);
#473=ORIENTED_EDGE('',*,*,#788,.F.);
#474=ORIENTED_EDGE('',*,*,#661,.T.);
#475=ORIENTED_EDGE('',*,*,#789,.T.);
#476=ORIENTED_EDGE('',*,*,#729,.F.);
#477=ORIENTED_EDGE('',*,*,#789,.F.);
#478=ORIENTED_EDGE('',*,*,#662,.T.);
#479=ORIENTED_EDGE('',*,*,#790,.T.);
#480=ORIENTED_EDGE('',*,*,#730,.F.);
#481=ORIENTED_EDGE('',*,*,#790,.F.);
#482=ORIENTED_EDGE('',*,*,#663,.T.);
#483=ORIENTED_EDGE('',*,*,#791,.F.);
#484=ORIENTED_EDGE('',*,*,#664,.T.);
#485=ORIENTED_EDGE('',*,*,#792,.F.);
#486=ORIENTED_EDGE('',*,*,#665,.T.);
#487=ORIENTED_EDGE('',*,*,#793,.F.);
#488=ORIENTED_EDGE('',*,*,#666,.T.);
#489=ORIENTED_EDGE('',*,*,#794,.T.);
#490=ORIENTED_EDGE('',*,*,#731,.F.);
#491=ORIENTED_EDGE('',*,*,#794,.F.);
#492=ORIENTED_EDGE('',*,*,#667,.T.);
#493=ORIENTED_EDGE('',*,*,#795,.T.);
#494=ORIENTED_EDGE('',*,*,#732,.F.);
#495=ORIENTED_EDGE('',*,*,#795,.F.);
#496=ORIENTED_EDGE('',*,*,#668,.T.);
#497=ORIENTED_EDGE('',*,*,#796,.F.);
#498=ORIENTED_EDGE('',*,*,#669,.T.);
#499=ORIENTED_EDGE('',*,*,#797,.F.);
#500=ORIENTED_EDGE('',*,*,#670,.T.);
#501=ORIENTED_EDGE('',*,*,#798,.T.);
#502=ORIENTED_EDGE('',*,*,#733,.F.);
#503=ORIENTED_EDGE('',*,*,#798,.F.);
#504=ORIENTED_EDGE('',*,*,#671,.T.);
#505=ORIENTED_EDGE('',*,*,#799,.T.);
#506=ORIENTED_EDGE('',*,*,#734,.F.);
#507=ORIENTED_EDGE('',*,*,#799,.F.);
#508=ORIENTED_EDGE('',*,*,#672,.T.);
#509=ORIENTED_EDGE('',*,*,#800,.T.);
#510=ORIENTED_EDGE('',*,*,#735,.F.);
#511=ORIENTED_EDGE('',*,*,#800,.F.);
#512=ORIENTED_EDGE('',*,*,#673,.T.);
#513=ORIENTED_EDGE('',*,*,#801,.T.);
#514=ORIENTED_EDGE('',*,*,#736,.F.);
#515=ORIENTED_EDGE('',*,*,#801,.F.);
#516=ORIENTED_EDGE('',*,*,#674,.T.);
#517=ORIENTED_EDGE('',*,*,#802,.T.);
#518=ORIENTED_EDGE('',*,*,#737,.F.);
#519=ORIENTED_EDGE('',*,*,#802,.F.);
#520=ORIENTED_EDGE('',*,*,#675,.T.);
#521=ORIENTED_EDGE('',*,*,#803,.T.);
#522=ORIENTED_EDGE('',*,*,#738,.F.);
#523=ORIENTED_EDGE('',*,*,#803,.F.);
#524=ORIENTED_EDGE('',*,*,#676,.T.);
#525=ORIENTED_EDGE('',*,*,#804,.T.);
#526=ORIENTED_EDGE('',*,*,#739,.F.);
#527=ORIENTED_EDGE('',*,*,#804,.F.);
#528=ORIENTED_EDGE('',*,*,#677,.T.);
#529=ORIENTED_EDGE('',*,*,#805,.T.);
#530=ORIENTED_EDGE('',*,*,#740,.F.);
#531=ORIENTED_EDGE('',*,*,#805,.F.);
#532=ORIENTED_EDGE('',*,*,#678,.T.);
#533=ORIENTED_EDGE('',*,*,#806,.T.);
#534=ORIENTED_EDGE('',*,*,#741,.F.);
#535=ORIENTED_EDGE('',*,*,#806,.F.);
#536=ORIENTED_EDGE('',*,*,#679,.T.);
#537=ORIENTED_EDGE('',*,*,#807,.T.);
#538=ORIENTED_EDGE('',*,*,#742,.F.);
#539=ORIENTED_EDGE('',*,*,#807,.F.);
#540=ORIENTED_EDGE('',*,*,#680,.T.);
#541=ORIENTED_EDGE('',*,*,#808,.T.);
#542=ORIENTED_EDGE('',*,*,#743,.F.);
#543=ORIENTED_EDGE('',*,*,#808,.F.);
#544=ORIENTED_EDGE('',*,*,#681,.T.);
#545=ORIENTED_EDGE('',*,*,#809,.T.);
#546=ORIENTED_EDGE('',*,*,#744,.F.);
#547=ORIENTED_EDGE('',*,*,#809,.F.);
#548=ORIENTED_EDGE('',*,*,#682,.T.);
#549=ORIENTED_EDGE('',*,*,#810,.T.);
#550=ORIENTED_EDGE('',*,*,#745,.F.);
#551=ORIENTED_EDGE('',*,*,#810,.F.);
#552=ORIENTED_EDGE('',*,*,#684,.F.);
#553=ORIENTED_EDGE('',*,*,#811,.F.);
#554=ORIENTED_EDGE('',*,*,#812,.T.);
#555=ORIENTED_EDGE('',*,*,#813,.T.);
#556=ORIENTED_EDGE('',*,*,#687,.T.);
#557=ORIENTED_EDGE('',*,*,#814,.F.);
#558=ORIENTED_EDGE('',*,*,#815,.F.);
#559=ORIENTED_EDGE('',*,*,#811,.T.);
#560=ORIENTED_EDGE('',*,*,#686,.T.);
#561=ORIENTED_EDGE('',*,*,#816,.F.);
#562=ORIENTED_EDGE('',*,*,#817,.F.);
#563=ORIENTED_EDGE('',*,*,#814,.T.);
#564=ORIENTED_EDGE('',*,*,#685,.F.);
#565=ORIENTED_EDGE('',*,*,#813,.F.);
#566=ORIENTED_EDGE('',*,*,#818,.T.);
#567=ORIENTED_EDGE('',*,*,#816,.T.);
#568=ORIENTED_EDGE('',*,*,#784,.T.);
#569=ORIENTED_EDGE('',*,*,#786,.T.);
#570=ORIENTED_EDGE('',*,*,#787,.T.);
#571=ORIENTED_EDGE('',*,*,#791,.T.);
#572=ORIENTED_EDGE('',*,*,#792,.T.);
#573=ORIENTED_EDGE('',*,*,#793,.T.);
#574=ORIENTED_EDGE('',*,*,#796,.T.);
#575=ORIENTED_EDGE('',*,*,#797,.T.);
#576=ORIENTED_EDGE('',*,*,#819,.F.);
#577=ORIENTED_EDGE('',*,*,#820,.T.);
#578=ORIENTED_EDGE('',*,*,#821,.T.);
#579=ORIENTED_EDGE('',*,*,#822,.F.);
#580=ORIENTED_EDGE('',*,*,#812,.F.);
#581=ORIENTED_EDGE('',*,*,#815,.T.);
#582=ORIENTED_EDGE('',*,*,#817,.T.);
#583=ORIENTED_EDGE('',*,*,#818,.F.);
#584=ORIENTED_EDGE('',*,*,#819,.T.);
#585=ORIENTED_EDGE('',*,*,#823,.F.);
#586=ORIENTED_EDGE('',*,*,#824,.F.);
#587=ORIENTED_EDGE('',*,*,#825,.T.);
#588=ORIENTED_EDGE('',*,*,#822,.T.);
#589=ORIENTED_EDGE('',*,*,#826,.F.);
#590=ORIENTED_EDGE('',*,*,#827,.F.);
#591=ORIENTED_EDGE('',*,*,#823,.T.);
#592=ORIENTED_EDGE('',*,*,#826,.T.);
#593=ORIENTED_EDGE('',*,*,#821,.F.);
#594=ORIENTED_EDGE('',*,*,#828,.F.);
#595=ORIENTED_EDGE('',*,*,#829,.T.);
#596=ORIENTED_EDGE('',*,*,#828,.T.);
#597=ORIENTED_EDGE('',*,*,#820,.F.);
#598=ORIENTED_EDGE('',*,*,#825,.F.);
#599=ORIENTED_EDGE('',*,*,#830,.T.);
#600=ORIENTED_EDGE('',*,*,#824,.T.);
#601=ORIENTED_EDGE('',*,*,#827,.T.);
#602=ORIENTED_EDGE('',*,*,#829,.F.);
#603=ORIENTED_EDGE('',*,*,#830,.F.);
#604=ORIENTED_EDGE('',*,*,#831,.F.);
#605=ORIENTED_EDGE('',*,*,#683,.T.);
#606=ORIENTED_EDGE('',*,*,#831,.T.);
#607=EDGE_CURVE('',#832,#833,#988,.F.);
#608=EDGE_CURVE('',#833,#834,#33,.F.);
#609=EDGE_CURVE('',#835,#834,#989,.F.);
#610=EDGE_CURVE('',#832,#835,#34,.F.);
#611=EDGE_CURVE('',#836,#837,#990,.F.);
#612=EDGE_CURVE('',#837,#833,#991,.T.);
#613=EDGE_CURVE('',#836,#832,#992,.F.);
#614=EDGE_CURVE('',#834,#838,#993,.T.);
#615=EDGE_CURVE('',#839,#838,#994,.F.);
#616=EDGE_CURVE('',#835,#839,#995,.T.);
#617=EDGE_CURVE('',#839,#840,#35,.F.);
#618=EDGE_CURVE('',#840,#841,#996,.T.);
#619=EDGE_CURVE('',#841,#842,#997,.T.);
#620=EDGE_CURVE('',#842,#843,#36,.T.);
#621=EDGE_CURVE('',#843,#844,#998,.F.);
#622=EDGE_CURVE('',#844,#845,#37,.T.);
#623=EDGE_CURVE('',#845,#846,#999,.F.);
#624=EDGE_CURVE('',#846,#847,#38,.T.);
#625=EDGE_CURVE('',#847,#848,#1000,.T.);
#626=EDGE_CURVE('',#848,#849,#39,.T.);
#627=EDGE_CURVE('',#849,#836,#1001,.T.);
#628=EDGE_CURVE('',#850,#850,#40,.T.);
#629=EDGE_CURVE('',#851,#851,#41,.T.);
#630=EDGE_CURVE('',#852,#852,#42,.T.);
#631=EDGE_CURVE('',#853,#853,#43,.T.);
#632=EDGE_CURVE('',#854,#854,#44,.T.);
#633=EDGE_CURVE('',#855,#855,#45,.T.);
#634=EDGE_CURVE('',#856,#856,#46,.T.);
#635=EDGE_CURVE('',#857,#857,#47,.T.);
#636=EDGE_CURVE('',#858,#858,#48,.T.);
#637=EDGE_CURVE('',#859,#859,#49,.T.);
#638=EDGE_CURVE('',#860,#860,#50,.T.);
#639=EDGE_CURVE('',#861,#861,#51,.T.);
#640=EDGE_CURVE('',#862,#862,#52,.T.);
#641=EDGE_CURVE('',#863,#863,#53,.T.);
#642=EDGE_CURVE('',#864,#864,#54,.T.);
#643=EDGE_CURVE('',#865,#865,#55,.T.);
#644=EDGE_CURVE('',#866,#866,#56,.T.);
#645=EDGE_CURVE('',#867,#867,#57,.T.);
#646=EDGE_CURVE('',#868,#868,#58,.T.);
#647=EDGE_CURVE('',#869,#869,#59,.T.);
#648=EDGE_CURVE('',#870,#870,#60,.T.);
#649=EDGE_CURVE('',#871,#871,#61,.T.);
#650=EDGE_CURVE('',#872,#872,#62,.T.);
#651=EDGE_CURVE('',#873,#873,#63,.T.);
#652=EDGE_CURVE('',#874,#874,#64,.T.);
#653=EDGE_CURVE('',#875,#875,#65,.T.);
#654=EDGE_CURVE('',#876,#876,#66,.T.);
#655=EDGE_CURVE('',#877,#877,#67,.T.);
#656=EDGE_CURVE('',#878,#878,#68,.T.);
#657=EDGE_CURVE('',#879,#879,#69,.T.);
#658=EDGE_CURVE('',#880,#880,#70,.T.);
#659=EDGE_CURVE('',#881,#881,#71,.T.);
#660=EDGE_CURVE('',#882,#882,#72,.T.);
#661=EDGE_CURVE('',#883,#883,#73,.T.);
#662=EDGE_CURVE('',#884,#884,#74,.T.);
#663=EDGE_CURVE('',#885,#885,#75,.T.);
#664=EDGE_CURVE('',#886,#886,#76,.T.);
#665=EDGE_CURVE('',#887,#887,#77,.T.);
#666=EDGE_CURVE('',#888,#888,#78,.T.);
#667=EDGE_CURVE('',#889,#889,#79,.T.);
#668=EDGE_CURVE('',#890,#890,#80,.T.);
#669=EDGE_CURVE('',#891,#891,#81,.T.);
#670=EDGE_CURVE('',#892,#892,#82,.T.);
#671=EDGE_CURVE('',#893,#893,#83,.T.);
#672=EDGE_CURVE('',#894,#894,#84,.T.);
#673=EDGE_CURVE('',#895,#895,#85,.T.);
#674=EDGE_CURVE('',#896,#896,#86,.T.);
#675=EDGE_CURVE('',#897,#897,#87,.T.);
#676=EDGE_CURVE('',#898,#898,#88,.T.);
#677=EDGE_CURVE('',#899,#899,#89,.T.);
#678=EDGE_CURVE('',#900,#900,#90,.T.);
#679=EDGE_CURVE('',#901,#901,#91,.T.);
#680=EDGE_CURVE('',#902,#902,#92,.T.);
#681=EDGE_CURVE('',#903,#903,#93,.T.);
#682=EDGE_CURVE('',#904,#904,#94,.T.);
#683=EDGE_CURVE('',#905,#905,#95,.T.);
#684=EDGE_CURVE('',#906,#907,#1002,.T.);
#685=EDGE_CURVE('',#907,#908,#1003,.T.);
#686=EDGE_CURVE('',#909,#908,#1004,.T.);
#687=EDGE_CURVE('',#906,#909,#1005,.T.);
#688=EDGE_CURVE('',#910,#837,#1006,.T.);
#689=EDGE_CURVE('',#911,#910,#96,.T.);
#690=EDGE_CURVE('',#912,#911,#1007,.T.);
#691=EDGE_CURVE('',#913,#912,#97,.T.);
#692=EDGE_CURVE('',#914,#913,#1008,.T.);
#693=EDGE_CURVE('',#915,#914,#98,.T.);
#694=EDGE_CURVE('',#916,#915,#1009,.T.);
#695=EDGE_CURVE('',#917,#916,#99,.T.);
#696=EDGE_CURVE('',#918,#917,#1010,.T.);
#697=EDGE_CURVE('',#919,#918,#1011,.T.);
#698=EDGE_CURVE('',#838,#919,#100,.F.);
#699=EDGE_CURVE('',#920,#920,#101,.T.);
#700=EDGE_CURVE('',#921,#921,#102,.T.);
#701=EDGE_CURVE('',#922,#922,#103,.T.);
#702=EDGE_CURVE('',#923,#923,#104,.T.);
#703=EDGE_CURVE('',#924,#924,#105,.T.);
#704=EDGE_CURVE('',#925,#925,#106,.T.);
#705=EDGE_CURVE('',#926,#926,#107,.T.);
#706=EDGE_CURVE('',#927,#927,#108,.T.);
#707=EDGE_CURVE('',#928,#928,#109,.T.);
#708=EDGE_CURVE('',#929,#929,#110,.T.);
#709=EDGE_CURVE('',#930,#930,#111,.T.);
#710=EDGE_CURVE('',#931,#931,#112,.T.);
#711=EDGE_CURVE('',#932,#932,#113,.T.);
#712=EDGE_CURVE('',#933,#933,#114,.T.);
#713=EDGE_CURVE('',#934,#934,#115,.T.);
#714=EDGE_CURVE('',#935,#935,#116,.T.);
#715=EDGE_CURVE('',#936,#936,#117,.T.);
#716=EDGE_CURVE('',#937,#937,#118,.T.);
#717=EDGE_CURVE('',#938,#938,#119,.T.);
#718=EDGE_CURVE('',#939,#939,#120,.T.);
#719=EDGE_CURVE('',#940,#940,#121,.T.);
#720=EDGE_CURVE('',#941,#941,#122,.T.);
#721=EDGE_CURVE('',#942,#942,#123,.T.);
#722=EDGE_CURVE('',#943,#943,#124,.T.);
#723=EDGE_CURVE('',#944,#944,#125,.T.);
#724=EDGE_CURVE('',#945,#945,#126,.T.);
#725=EDGE_CURVE('',#946,#946,#127,.T.);
#726=EDGE_CURVE('',#947,#947,#128,.T.);
#727=EDGE_CURVE('',#948,#948,#129,.T.);
#728=EDGE_CURVE('',#949,#949,#130,.T.);
#729=EDGE_CURVE('',#950,#950,#131,.T.);
#730=EDGE_CURVE('',#951,#951,#132,.T.);
#731=EDGE_CURVE('',#952,#952,#133,.T.);
#732=EDGE_CURVE('',#953,#953,#134,.T.);
#733=EDGE_CURVE('',#954,#954,#135,.T.);
#734=EDGE_CURVE('',#955,#955,#136,.T.);
#735=EDGE_CURVE('',#956,#956,#137,.T.);
#736=EDGE_CURVE('',#957,#957,#138,.T.);
#737=EDGE_CURVE('',#958,#958,#139,.T.);
#738=EDGE_CURVE('',#959,#959,#140,.T.);
#739=EDGE_CURVE('',#960,#960,#141,.T.);
#740=EDGE_CURVE('',#961,#961,#142,.T.);
#741=EDGE_CURVE('',#962,#962,#143,.T.);
#742=EDGE_CURVE('',#963,#963,#144,.T.);
#743=EDGE_CURVE('',#964,#964,#145,.T.);
#744=EDGE_CURVE('',#965,#965,#146,.T.);
#745=EDGE_CURVE('',#966,#966,#147,.T.);
#746=EDGE_CURVE('',#849,#910,#1012,.F.);
#747=EDGE_CURVE('',#840,#919,#1013,.F.);
#748=EDGE_CURVE('',#848,#911,#1014,.F.);
#749=EDGE_CURVE('',#841,#918,#1015,.F.);
#750=EDGE_CURVE('',#847,#912,#1016,.F.);
#751=EDGE_CURVE('',#842,#917,#1017,.F.);
#752=EDGE_CURVE('',#846,#913,#1018,.F.);
#753=EDGE_CURVE('',#843,#916,#1019,.F.);
#754=EDGE_CURVE('',#845,#914,#1020,.F.);
#755=EDGE_CURVE('',#844,#915,#1021,.F.);
#756=EDGE_CURVE('',#850,#920,#1022,.F.);
#757=EDGE_CURVE('',#851,#921,#1023,.F.);
#758=EDGE_CURVE('',#852,#922,#1024,.F.);
#759=EDGE_CURVE('',#853,#923,#1025,.F.);
#760=EDGE_CURVE('',#854,#924,#1026,.F.);
#761=EDGE_CURVE('',#855,#925,#1027,.F.);
#762=EDGE_CURVE('',#856,#926,#1028,.F.);
#763=EDGE_CURVE('',#857,#927,#1029,.F.);
#764=EDGE_CURVE('',#858,#928,#1030,.F.);
#765=EDGE_CURVE('',#859,#929,#1031,.F.);
#766=EDGE_CURVE('',#860,#930,#1032,.F.);
#767=EDGE_CURVE('',#861,#931,#1033,.F.);
#768=EDGE_CURVE('',#862,#932,#1034,.F.);
#769=EDGE_CURVE('',#863,#933,#1035,.F.);
#770=EDGE_CURVE('',#864,#934,#1036,.F.);
#771=EDGE_CURVE('',#865,#935,#1037,.F.);
#772=EDGE_CURVE('',#866,#936,#1038,.F.);
#773=EDGE_CURVE('',#867,#937,#1039,.F.);
#774=EDGE_CURVE('',#868,#938,#1040,.F.);
#775=EDGE_CURVE('',#869,#939,#1041,.F.);
#776=EDGE_CURVE('',#870,#940,#1042,.F.);
#777=EDGE_CURVE('',#871,#941,#1043,.F.);
#778=EDGE_CURVE('',#872,#942,#1044,.F.);
#779=EDGE_CURVE('',#873,#943,#1045,.F.);
#780=EDGE_CURVE('',#874,#944,#1046,.F.);
#781=EDGE_CURVE('',#875,#945,#1047,.F.);
#782=EDGE_CURVE('',#876,#946,#1048,.F.);
#783=EDGE_CURVE('',#877,#947,#1049,.F.);
#784=EDGE_CURVE('',#967,#967,#148,.T.);
#785=EDGE_CURVE('',#879,#948,#1050,.F.);
#786=EDGE_CURVE('',#968,#968,#149,.T.);
#787=EDGE_CURVE('',#969,#969,#150,.T.);
#788=EDGE_CURVE('',#882,#949,#1051,.F.);
#789=EDGE_CURVE('',#883,#950,#1052,.F.);
#790=EDGE_CURVE('',#884,#951,#1053,.F.);
#791=EDGE_CURVE('',#970,#970,#151,.T.);
#792=EDGE_CURVE('',#971,#971,#152,.T.);
#793=EDGE_CURVE('',#972,#972,#153,.T.);
#794=EDGE_CURVE('',#888,#952,#1054,.F.);
#795=EDGE_CURVE('',#889,#953,#1055,.F.);
#796=EDGE_CURVE('',#973,#973,#154,.T.);
#797=EDGE_CURVE('',#974,#974,#155,.T.);
#798=EDGE_CURVE('',#892,#954,#1056,.F.);
#799=EDGE_CURVE('',#893,#955,#1057,.F.);
#800=EDGE_CURVE('',#894,#956,#1058,.F.);
#801=EDGE_CURVE('',#895,#957,#1059,.F.);
#802=EDGE_CURVE('',#896,#958,#1060,.F.);
#803=EDGE_CURVE('',#897,#959,#1061,.F.);
#804=EDGE_CURVE('',#898,#960,#1062,.F.);
#805=EDGE_CURVE('',#899,#961,#1063,.F.);
#806=EDGE_CURVE('',#900,#962,#1064,.F.);
#807=EDGE_CURVE('',#901,#963,#1065,.F.);
#808=EDGE_CURVE('',#902,#964,#1066,.F.);
#809=EDGE_CURVE('',#903,#965,#1067,.F.);
#810=EDGE_CURVE('',#904,#966,#1068,.F.);
#811=EDGE_CURVE('',#975,#906,#1069,.T.);
#812=EDGE_CURVE('',#975,#976,#1070,.T.);
#813=EDGE_CURVE('',#976,#907,#1071,.T.);
#814=EDGE_CURVE('',#977,#909,#1072,.T.);
#815=EDGE_CURVE('',#975,#977,#1073,.T.);
#816=EDGE_CURVE('',#978,#908,#1074,.T.);
#817=EDGE_CURVE('',#977,#978,#1075,.T.);
#818=EDGE_CURVE('',#976,#978,#1076,.T.);
#819=EDGE_CURVE('',#979,#980,#1077,.T.);
#820=EDGE_CURVE('',#979,#981,#1078,.T.);
#821=EDGE_CURVE('',#981,#982,#1079,.T.);
#822=EDGE_CURVE('',#980,#982,#1080,.T.);
#823=EDGE_CURVE('',#983,#980,#1081,.T.);
#824=EDGE_CURVE('',#984,#983,#1082,.T.);
#825=EDGE_CURVE('',#984,#979,#1083,.T.);
#826=EDGE_CURVE('',#985,#982,#1084,.T.);
#827=EDGE_CURVE('',#983,#985,#1085,.T.);
#828=EDGE_CURVE('',#986,#981,#1086,.T.);
#829=EDGE_CURVE('',#986,#985,#1087,.T.);
#830=EDGE_CURVE('',#984,#986,#1088,.T.);
#831=EDGE_CURVE('',#987,#987,#156,.T.);
#832=VERTEX_POINT('',#2485);
#833=VERTEX_POINT('',#2486);
#834=VERTEX_POINT('',#2488);
#835=VERTEX_POINT('',#2490);
#836=VERTEX_POINT('',#2494);
#837=VERTEX_POINT('',#2495);
#838=VERTEX_POINT('',#2500);
#839=VERTEX_POINT('',#2502);
#840=VERTEX_POINT('',#2506);
#841=VERTEX_POINT('',#2508);
#842=VERTEX_POINT('',#2510);
#843=VERTEX_POINT('',#2512);
#844=VERTEX_POINT('',#2514);
#845=VERTEX_POINT('',#2516);
#846=VERTEX_POINT('',#2518);
#847=VERTEX_POINT('',#2520);
#848=VERTEX_POINT('',#2522);
#849=VERTEX_POINT('',#2524);
#850=VERTEX_POINT('',#2527);
#851=VERTEX_POINT('',#2529);
#852=VERTEX_POINT('',#2531);
#853=VERTEX_POINT('',#2533);
#854=VERTEX_POINT('',#2535);
#855=VERTEX_POINT('',#2537);
#856=VERTEX_POINT('',#2539);
#857=VERTEX_POINT('',#2541);
#858=VERTEX_POINT('',#2543);
#859=VERTEX_POINT('',#2545);
#860=VERTEX_POINT('',#2547);
#861=VERTEX_POINT('',#2549);
#862=VERTEX_POINT('',#2551);
#863=VERTEX_POINT('',#2553);
#864=VERTEX_POINT('',#2555);
#865=VERTEX_POINT('',#2557);
#866=VERTEX_POINT('',#2559);
#867=VERTEX_POINT('',#2561);
#868=VERTEX_POINT('',#2563);
#869=VERTEX_POINT('',#2565);
#870=VERTEX_POINT('',#2567);
#871=VERTEX_POINT('',#2569);
#872=VERTEX_POINT('',#2571);
#873=VERTEX_POINT('',#2573);
#874=VERTEX_POINT('',#2575);
#875=VERTEX_POINT('',#2577);
#876=VERTEX_POINT('',#2579);
#877=VERTEX_POINT('',#2581);
#878=VERTEX_POINT('',#2583);
#879=VERTEX_POINT('',#2585);
#880=VERTEX_POINT('',#2587);
#881=VERTEX_POINT('',#2589);
#882=VERTEX_POINT('',#2591);
#883=VERTEX_POINT('',#2593);
#884=VERTEX_POINT('',#2595);
#885=VERTEX_POINT('',#2597);
#886=VERTEX_POINT('',#2599);
#887=VERTEX_POINT('',#2601);
#888=VERTEX_POINT('',#2603);
#889=VERTEX_POINT('',#2605);
#890=VERTEX_POINT('',#2607);
#891=VERTEX_POINT('',#2609);
#892=VERTEX_POINT('',#2611);
#893=VERTEX_POINT('',#2613);
#894=VERTEX_POINT('',#2615);
#895=VERTEX_POINT('',#2617);
#896=VERTEX_POINT('',#2619);
#897=VERTEX_POINT('',#2621);
#898=VERTEX_POINT('',#2623);
#899=VERTEX_POINT('',#2625);
#900=VERTEX_POINT('',#2627);
#901=VERTEX_POINT('',#2629);
#902=VERTEX_POINT('',#2631);
#903=VERTEX_POINT('',#2633);
#904=VERTEX_POINT('',#2635);
#905=VERTEX_POINT('',#2638);
#906=VERTEX_POINT('',#2640);
#907=VERTEX_POINT('',#2641);
#908=VERTEX_POINT('',#2643);
#909=VERTEX_POINT('',#2645);
#910=VERTEX_POINT('',#2648);
#911=VERTEX_POINT('',#2650);
#912=VERTEX_POINT('',#2652);
#913=VERTEX_POINT('',#2654);
#914=VERTEX_POINT('',#2656);
#915=VERTEX_POINT('',#2658);
#916=VERTEX_POINT('',#2660);
#917=VERTEX_POINT('',#2662);
#918=VERTEX_POINT('',#2664);
#919=VERTEX_POINT('',#2666);
#920=VERTEX_POINT('',#2669);
#921=VERTEX_POINT('',#2671);
#922=VERTEX_POINT('',#2673);
#923=VERTEX_POINT('',#2675);
#924=VERTEX_POINT('',#2677);
#925=VERTEX_POINT('',#2679);
#926=VERTEX_POINT('',#2681);
#927=VERTEX_POINT('',#2683);
#928=VERTEX_POINT('',#2685);
#929=VERTEX_POINT('',#2687);
#930=VERTEX_POINT('',#2689);
#931=VERTEX_POINT('',#2691);
#932=VERTEX_POINT('',#2693);
#933=VERTEX_POINT('',#2695);
#934=VERTEX_POINT('',#2697);
#935=VERTEX_POINT('',#2699);
#936=VERTEX_POINT('',#2701);
#937=VERTEX_POINT('',#2703);
#938=VERTEX_POINT('',#2705);
#939=VERTEX_POINT('',#2707);
#940=VERTEX_POINT('',#2709);
#941=VERTEX_POINT('',#2711);
#942=VERTEX_POINT('',#2713);
#943=VERTEX_POINT('',#2715);
#944=VERTEX_POINT('',#2717);
#945=VERTEX_POINT('',#2719);
#946=VERTEX_POINT('',#2721);
#947=VERTEX_POINT('',#2723);
#948=VERTEX_POINT('',#2725);
#949=VERTEX_POINT('',#2727);
#950=VERTEX_POINT('',#2729);
#951=VERTEX_POINT('',#2731);
#952=VERTEX_POINT('',#2733);
#953=VERTEX_POINT('',#2735);
#954=VERTEX_POINT('',#2737);
#955=VERTEX_POINT('',#2739);
#956=VERTEX_POINT('',#2741);
#957=VERTEX_POINT('',#2743);
#958=VERTEX_POINT('',#2745);
#959=VERTEX_POINT('',#2747);
#960=VERTEX_POINT('',#2749);
#961=VERTEX_POINT('',#2751);
#962=VERTEX_POINT('',#2753);
#963=VERTEX_POINT('',#2755);
#964=VERTEX_POINT('',#2757);
#965=VERTEX_POINT('',#2759);
#966=VERTEX_POINT('',#2761);
#967=VERTEX_POINT('',#2841);
#968=VERTEX_POINT('',#2846);
#969=VERTEX_POINT('',#2849);
#970=VERTEX_POINT('',#2858);
#971=VERTEX_POINT('',#2861);
#972=VERTEX_POINT('',#2864);
#973=VERTEX_POINT('',#2871);
#974=VERTEX_POINT('',#2874);
#975=VERTEX_POINT('',#2903);
#976=VERTEX_POINT('',#2905);
#977=VERTEX_POINT('',#2909);
#978=VERTEX_POINT('',#2913);
#979=VERTEX_POINT('',#2919);
#980=VERTEX_POINT('',#2920);
#981=VERTEX_POINT('',#2922);
#982=VERTEX_POINT('',#2924);
#983=VERTEX_POINT('',#2928);
#984=VERTEX_POINT('',#2930);
#985=VERTEX_POINT('',#2934);
#986=VERTEX_POINT('',#2938);
#987=VERTEX_POINT('',#2945);
#988=LINE('',#2484,#1089);
#989=LINE('',#2489,#1090);
#990=LINE('',#2493,#1091);
#991=LINE('',#2496,#1092);
#992=LINE('',#2497,#1093);
#993=LINE('',#2499,#1094);
#994=LINE('',#2501,#1095);
#995=LINE('',#2503,#1096);
#996=LINE('',#2507,#1097);
#997=LINE('',#2509,#1098);
#998=LINE('',#2513,#1099);
#999=LINE('',#2517,#1100);
#1000=LINE('',#2521,#1101);
#1001=LINE('',#2525,#1102);
#1002=LINE('',#2639,#1103);
#1003=LINE('',#2642,#1104);
#1004=LINE('',#2644,#1105);
#1005=LINE('',#2646,#1106);
#1006=LINE('',#2647,#1107);
#1007=LINE('',#2651,#1108);
#1008=LINE('',#2655,#1109);
#1009=LINE('',#2659,#1110);
#1010=LINE('',#2663,#1111);
#1011=LINE('',#2665,#1112);
#1012=LINE('',#2763,#1113);
#1013=LINE('',#2765,#1114);
#1014=LINE('',#2767,#1115);
#1015=LINE('',#2769,#1116);
#1016=LINE('',#2771,#1117);
#1017=LINE('',#2773,#1118);
#1018=LINE('',#2775,#1119);
#1019=LINE('',#2777,#1120);
#1020=LINE('',#2779,#1121);
#1021=LINE('',#2781,#1122);
#1022=LINE('',#2784,#1123);
#1023=LINE('',#2786,#1124);
#1024=LINE('',#2788,#1125);
#1025=LINE('',#2790,#1126);
#1026=LINE('',#2792,#1127);
#1027=LINE('',#2794,#1128);
#1028=LINE('',#2796,#1129);
#1029=LINE('',#2798,#1130);
#1030=LINE('',#2800,#1131);
#1031=LINE('',#2802,#1132);
#1032=LINE('',#2804,#1133);
#1033=LINE('',#2806,#1134);
#1034=LINE('',#2808,#1135);
#1035=LINE('',#2810,#1136);
#1036=LINE('',#2812,#1137);
#1037=LINE('',#2814,#1138);
#1038=LINE('',#2816,#1139);
#1039=LINE('',#2818,#1140);
#1040=LINE('',#2820,#1141);
#1041=LINE('',#2822,#1142);
#1042=LINE('',#2824,#1143);
#1043=LINE('',#2826,#1144);
#1044=LINE('',#2828,#1145);
#1045=LINE('',#2830,#1146);
#1046=LINE('',#2832,#1147);
#1047=LINE('',#2834,#1148);
#1048=LINE('',#2836,#1149);
#1049=LINE('',#2838,#1150);
#1050=LINE('',#2843,#1151);
#1051=LINE('',#2851,#1152);
#1052=LINE('',#2853,#1153);
#1053=LINE('',#2855,#1154);
#1054=LINE('',#2866,#1155);
#1055=LINE('',#2868,#1156);
#1056=LINE('',#2876,#1157);
#1057=LINE('',#2878,#1158);
#1058=LINE('',#2880,#1159);
#1059=LINE('',#2882,#1160);
#1060=LINE('',#2884,#1161);
#1061=LINE('',#2886,#1162);
#1062=LINE('',#2888,#1163);
#1063=LINE('',#2890,#1164);
#1064=LINE('',#2892,#1165);
#1065=LINE('',#2894,#1166);
#1066=LINE('',#2896,#1167);
#1067=LINE('',#2898,#1168);
#1068=LINE('',#2900,#1169);
#1069=LINE('',#2902,#1170);
#1070=LINE('',#2904,#1171);
#1071=LINE('',#2906,#1172);
#1072=LINE('',#2908,#1173);
#1073=LINE('',#2910,#1174);
#1074=LINE('',#2912,#1175);
#1075=LINE('',#2914,#1176);
#1076=LINE('',#2916,#1177);
#1077=LINE('',#2918,#1178);
#1078=LINE('',#2921,#1179);
#1079=LINE('',#2923,#1180);
#1080=LINE('',#2925,#1181);
#1081=LINE('',#2927,#1182);
#1082=LINE('',#2929,#1183);
#1083=LINE('',#2931,#1184);
#1084=LINE('',#2933,#1185);
#1085=LINE('',#2935,#1186);
#1086=LINE('',#2937,#1187);
#1087=LINE('',#2939,#1188);
#1088=LINE('',#2941,#1189);
#1089=VECTOR('',#1969,1.);
#1090=VECTOR('',#1972,1.);
#1091=VECTOR('',#1977,1.);
#1092=VECTOR('',#1978,1.);
#1093=VECTOR('',#1979,1.);
#1094=VECTOR('',#1982,1.);
#1095=VECTOR('',#1983,1.);
#1096=VECTOR('',#1984,1.);
#1097=VECTOR('',#1989,1.);
#1098=VECTOR('',#1990,1.);
#1099=VECTOR('',#1993,1.);
#1100=VECTOR('',#1996,1.);
#1101=VECTOR('',#1999,1.);
#1102=VECTOR('',#2002,1.);
#1103=VECTOR('',#2117,1.);
#1104=VECTOR('',#2118,1.);
#1105=VECTOR('',#2119,1.);
#1106=VECTOR('',#2120,1.);
#1107=VECTOR('',#2121,1.);
#1108=VECTOR('',#2124,1.);
#1109=VECTOR('',#2127,1.);
#1110=VECTOR('',#2130,1.);
#1111=VECTOR('',#2133,1.);
#1112=VECTOR('',#2134,1.);
#1113=VECTOR('',#2233,1.);
#1114=VECTOR('',#2236,1.);
#1115=VECTOR('',#2239,1.);
#1116=VECTOR('',#2242,1.);
#1117=VECTOR('',#2245,1.);
#1118=VECTOR('',#2248,1.);
#1119=VECTOR('',#2251,1.);
#1120=VECTOR('',#2254,1.);
#1121=VECTOR('',#2257,1.);
#1122=VECTOR('',#2260,1.);
#1123=VECTOR('',#2265,1.);
#1124=VECTOR('',#2268,1.);
#1125=VECTOR('',#2271,1.);
#1126=VECTOR('',#2274,1.);
#1127=VECTOR('',#2277,1.);
#1128=VECTOR('',#2280,1.);
#1129=VECTOR('',#2283,1.);
#1130=VECTOR('',#2286,1.);
#1131=VECTOR('',#2289,1.);
#1132=VECTOR('',#2292,1.);
#1133=VECTOR('',#2295,1.);
#1134=VECTOR('',#2298,1.);
#1135=VECTOR('',#2301,1.);
#1136=VECTOR('',#2304,1.);
#1137=VECTOR('',#2307,1.);
#1138=VECTOR('',#2310,1.);
#1139=VECTOR('',#2313,1.);
#1140=VECTOR('',#2316,1.);
#1141=VECTOR('',#2319,1.);
#1142=VECTOR('',#2322,1.);
#1143=VECTOR('',#2325,1.);
#1144=VECTOR('',#2328,1.);
#1145=VECTOR('',#2331,1.);
#1146=VECTOR('',#2334,1.);
#1147=VECTOR('',#2337,1.);
#1148=VECTOR('',#2340,1.);
#1149=VECTOR('',#2343,1.);
#1150=VECTOR('',#2346,1.);
#1151=VECTOR('',#2353,1.);
#1152=VECTOR('',#2364,1.);
#1153=VECTOR('',#2367,1.);
#1154=VECTOR('',#2370,1.);
#1155=VECTOR('',#2385,1.);
#1156=VECTOR('',#2388,1.);
#1157=VECTOR('',#2399,1.);
#1158=VECTOR('',#2402,1.);
#1159=VECTOR('',#2405,1.);
#1160=VECTOR('',#2408,1.);
#1161=VECTOR('',#2411,1.);
#1162=VECTOR('',#2414,1.);
#1163=VECTOR('',#2417,1.);
#1164=VECTOR('',#2420,1.);
#1165=VECTOR('',#2423,1.);
#1166=VECTOR('',#2426,1.);
#1167=VECTOR('',#2429,1.);
#1168=VECTOR('',#2432,1.);
#1169=VECTOR('',#2435,1.);
#1170=VECTOR('',#2438,1.);
#1171=VECTOR('',#2439,1.);
#1172=VECTOR('',#2440,1.);
#1173=VECTOR('',#2443,1.);
#1174=VECTOR('',#2444,1.);
#1175=VECTOR('',#2447,1.);
#1176=VECTOR('',#2448,1.);
#1177=VECTOR('',#2451,1.);
#1178=VECTOR('',#2454,1.);
#1179=VECTOR('',#2455,1.);
#1180=VECTOR('',#2456,1.);
#1181=VECTOR('',#2457,1.);
#1182=VECTOR('',#2460,1.);
#1183=VECTOR('',#2461,1.);
#1184=VECTOR('',#2462,1.);
#1185=VECTOR('',#2465,1.);
#1186=VECTOR('',#2466,1.);
#1187=VECTOR('',#2469,1.);
#1188=VECTOR('',#2470,1.);
#1189=VECTOR('',#2473,1.);
#1190=EDGE_LOOP('',(#157,#158,#159,#160));
#1191=EDGE_LOOP('',(#161,#162,#163,#164));
#1192=EDGE_LOOP('',(#165,#166,#167,#168));
#1193=EDGE_LOOP('',(#169,#170,#171,#172,#173,#174,#175,#176,#177,#178,#179,
#180,#181,#182));
#1194=EDGE_LOOP('',(#183));
#1195=EDGE_LOOP('',(#184));
#1196=EDGE_LOOP('',(#185));
#1197=EDGE_LOOP('',(#186));
#1198=EDGE_LOOP('',(#187));
#1199=EDGE_LOOP('',(#188));
#1200=EDGE_LOOP('',(#189));
#1201=EDGE_LOOP('',(#190));
#1202=EDGE_LOOP('',(#191));
#1203=EDGE_LOOP('',(#192));
#1204=EDGE_LOOP('',(#193));
#1205=EDGE_LOOP('',(#194));
#1206=EDGE_LOOP('',(#195));
#1207=EDGE_LOOP('',(#196));
#1208=EDGE_LOOP('',(#197));
#1209=EDGE_LOOP('',(#198));
#1210=EDGE_LOOP('',(#199));
#1211=EDGE_LOOP('',(#200));
#1212=EDGE_LOOP('',(#201));
#1213=EDGE_LOOP('',(#202));
#1214=EDGE_LOOP('',(#203));
#1215=EDGE_LOOP('',(#204));
#1216=EDGE_LOOP('',(#205));
#1217=EDGE_LOOP('',(#206));
#1218=EDGE_LOOP('',(#207));
#1219=EDGE_LOOP('',(#208));
#1220=EDGE_LOOP('',(#209));
#1221=EDGE_LOOP('',(#210));
#1222=EDGE_LOOP('',(#211));
#1223=EDGE_LOOP('',(#212));
#1224=EDGE_LOOP('',(#213));
#1225=EDGE_LOOP('',(#214));
#1226=EDGE_LOOP('',(#215));
#1227=EDGE_LOOP('',(#216));
#1228=EDGE_LOOP('',(#217));
#1229=EDGE_LOOP('',(#218));
#1230=EDGE_LOOP('',(#219));
#1231=EDGE_LOOP('',(#220));
#1232=EDGE_LOOP('',(#221));
#1233=EDGE_LOOP('',(#222));
#1234=EDGE_LOOP('',(#223));
#1235=EDGE_LOOP('',(#224));
#1236=EDGE_LOOP('',(#225));
#1237=EDGE_LOOP('',(#226));
#1238=EDGE_LOOP('',(#227));
#1239=EDGE_LOOP('',(#228));
#1240=EDGE_LOOP('',(#229));
#1241=EDGE_LOOP('',(#230));
#1242=EDGE_LOOP('',(#231));
#1243=EDGE_LOOP('',(#232));
#1244=EDGE_LOOP('',(#233));
#1245=EDGE_LOOP('',(#234));
#1246=EDGE_LOOP('',(#235));
#1247=EDGE_LOOP('',(#236));
#1248=EDGE_LOOP('',(#237));
#1249=EDGE_LOOP('',(#238));
#1250=EDGE_LOOP('',(#239,#240,#241,#242));
#1251=EDGE_LOOP('',(#243,#244,#245,#246,#247,#248,#249,#250,#251,#252,#253,
#254,#255,#256));
#1252=EDGE_LOOP('',(#257));
#1253=EDGE_LOOP('',(#258));
#1254=EDGE_LOOP('',(#259));
#1255=EDGE_LOOP('',(#260));
#1256=EDGE_LOOP('',(#261));
#1257=EDGE_LOOP('',(#262));
#1258=EDGE_LOOP('',(#263));
#1259=EDGE_LOOP('',(#264));
#1260=EDGE_LOOP('',(#265));
#1261=EDGE_LOOP('',(#266));
#1262=EDGE_LOOP('',(#267));
#1263=EDGE_LOOP('',(#268));
#1264=EDGE_LOOP('',(#269));
#1265=EDGE_LOOP('',(#270));
#1266=EDGE_LOOP('',(#271));
#1267=EDGE_LOOP('',(#272));
#1268=EDGE_LOOP('',(#273));
#1269=EDGE_LOOP('',(#274));
#1270=EDGE_LOOP('',(#275));
#1271=EDGE_LOOP('',(#276));
#1272=EDGE_LOOP('',(#277));
#1273=EDGE_LOOP('',(#278));
#1274=EDGE_LOOP('',(#279));
#1275=EDGE_LOOP('',(#280));
#1276=EDGE_LOOP('',(#281));
#1277=EDGE_LOOP('',(#282));
#1278=EDGE_LOOP('',(#283));
#1279=EDGE_LOOP('',(#284));
#1280=EDGE_LOOP('',(#285));
#1281=EDGE_LOOP('',(#286));
#1282=EDGE_LOOP('',(#287));
#1283=EDGE_LOOP('',(#288));
#1284=EDGE_LOOP('',(#289));
#1285=EDGE_LOOP('',(#290));
#1286=EDGE_LOOP('',(#291));
#1287=EDGE_LOOP('',(#292));
#1288=EDGE_LOOP('',(#293));
#1289=EDGE_LOOP('',(#294));
#1290=EDGE_LOOP('',(#295));
#1291=EDGE_LOOP('',(#296));
#1292=EDGE_LOOP('',(#297));
#1293=EDGE_LOOP('',(#298));
#1294=EDGE_LOOP('',(#299));
#1295=EDGE_LOOP('',(#300));
#1296=EDGE_LOOP('',(#301));
#1297=EDGE_LOOP('',(#302));
#1298=EDGE_LOOP('',(#303));
#1299=EDGE_LOOP('',(#304,#305,#306,#307));
#1300=EDGE_LOOP('',(#308,#309,#310,#311));
#1301=EDGE_LOOP('',(#312,#313,#314,#315));
#1302=EDGE_LOOP('',(#316,#317,#318,#319));
#1303=EDGE_LOOP('',(#320,#321,#322,#323));
#1304=EDGE_LOOP('',(#324,#325,#326,#327));
#1305=EDGE_LOOP('',(#328,#329,#330,#331));
#1306=EDGE_LOOP('',(#332,#333,#334,#335));
#1307=EDGE_LOOP('',(#336,#337,#338,#339));
#1308=EDGE_LOOP('',(#340,#341,#342,#343));
#1309=EDGE_LOOP('',(#344,#345,#346,#347));
#1310=EDGE_LOOP('',(#348,#349,#350,#351));
#1311=EDGE_LOOP('',(#352,#353,#354,#355));
#1312=EDGE_LOOP('',(#356,#357,#358,#359));
#1313=EDGE_LOOP('',(#360,#361,#362,#363));
#1314=EDGE_LOOP('',(#364,#365,#366,#367));
#1315=EDGE_LOOP('',(#368,#369,#370,#371));
#1316=EDGE_LOOP('',(#372,#373,#374,#375));
#1317=EDGE_LOOP('',(#376,#377,#378,#379));
#1318=EDGE_LOOP('',(#380,#381,#382,#383));
#1319=EDGE_LOOP('',(#384,#385,#386,#387));
#1320=EDGE_LOOP('',(#388,#389,#390,#391));
#1321=EDGE_LOOP('',(#392,#393,#394,#395));
#1322=EDGE_LOOP('',(#396,#397,#398,#399));
#1323=EDGE_LOOP('',(#400,#401,#402,#403));
#1324=EDGE_LOOP('',(#404,#405,#406,#407));
#1325=EDGE_LOOP('',(#408,#409,#410,#411));
#1326=EDGE_LOOP('',(#412,#413,#414,#415));
#1327=EDGE_LOOP('',(#416,#417,#418,#419));
#1328=EDGE_LOOP('',(#420,#421,#422,#423));
#1329=EDGE_LOOP('',(#424,#425,#426,#427));
#1330=EDGE_LOOP('',(#428,#429,#430,#431));
#1331=EDGE_LOOP('',(#432,#433,#434,#435));
#1332=EDGE_LOOP('',(#436,#437,#438,#439));
#1333=EDGE_LOOP('',(#440,#441,#442,#443));
#1334=EDGE_LOOP('',(#444,#445,#446,#447));
#1335=EDGE_LOOP('',(#448,#449,#450,#451));
#1336=EDGE_LOOP('',(#452,#453,#454,#455));
#1337=EDGE_LOOP('',(#456,#457,#458,#459));
#1338=EDGE_LOOP('',(#460));
#1339=EDGE_LOOP('',(#461));
#1340=EDGE_LOOP('',(#462,#463,#464,#465));
#1341=EDGE_LOOP('',(#466));
#1342=EDGE_LOOP('',(#467));
#1343=EDGE_LOOP('',(#468));
#1344=EDGE_LOOP('',(#469));
#1345=EDGE_LOOP('',(#470,#471,#472,#473));
#1346=EDGE_LOOP('',(#474,#475,#476,#477));
#1347=EDGE_LOOP('',(#478,#479,#480,#481));
#1348=EDGE_LOOP('',(#482));
#1349=EDGE_LOOP('',(#483));
#1350=EDGE_LOOP('',(#484));
#1351=EDGE_LOOP('',(#485));
#1352=EDGE_LOOP('',(#486));
#1353=EDGE_LOOP('',(#487));
#1354=EDGE_LOOP('',(#488,#489,#490,#491));
#1355=EDGE_LOOP('',(#492,#493,#494,#495));
#1356=EDGE_LOOP('',(#496));
#1357=EDGE_LOOP('',(#497));
#1358=EDGE_LOOP('',(#498));
#1359=EDGE_LOOP('',(#499));
#1360=EDGE_LOOP('',(#500,#501,#502,#503));
#1361=EDGE_LOOP('',(#504,#505,#506,#507));
#1362=EDGE_LOOP('',(#508,#509,#510,#511));
#1363=EDGE_LOOP('',(#512,#513,#514,#515));
#1364=EDGE_LOOP('',(#516,#517,#518,#519));
#1365=EDGE_LOOP('',(#520,#521,#522,#523));
#1366=EDGE_LOOP('',(#524,#525,#526,#527));
#1367=EDGE_LOOP('',(#528,#529,#530,#531));
#1368=EDGE_LOOP('',(#532,#533,#534,#535));
#1369=EDGE_LOOP('',(#536,#537,#538,#539));
#1370=EDGE_LOOP('',(#540,#541,#542,#543));
#1371=EDGE_LOOP('',(#544,#545,#546,#547));
#1372=EDGE_LOOP('',(#548,#549,#550,#551));
#1373=EDGE_LOOP('',(#552,#553,#554,#555));
#1374=EDGE_LOOP('',(#556,#557,#558,#559));
#1375=EDGE_LOOP('',(#560,#561,#562,#563));
#1376=EDGE_LOOP('',(#564,#565,#566,#567));
#1377=EDGE_LOOP('',(#568));
#1378=EDGE_LOOP('',(#569));
#1379=EDGE_LOOP('',(#570));
#1380=EDGE_LOOP('',(#571));
#1381=EDGE_LOOP('',(#572));
#1382=EDGE_LOOP('',(#573));
#1383=EDGE_LOOP('',(#574));
#1384=EDGE_LOOP('',(#575));
#1385=EDGE_LOOP('',(#576,#577,#578,#579));
#1386=EDGE_LOOP('',(#580,#581,#582,#583));
#1387=EDGE_LOOP('',(#584,#585,#586,#587));
#1388=EDGE_LOOP('',(#588,#589,#590,#591));
#1389=EDGE_LOOP('',(#592,#593,#594,#595));
#1390=EDGE_LOOP('',(#596,#597,#598,#599));
#1391=EDGE_LOOP('',(#600,#601,#602,#603));
#1392=EDGE_LOOP('',(#604));
#1393=EDGE_LOOP('',(#605));
#1394=EDGE_LOOP('',(#606));
#1395=FACE_BOUND('',#1190,.T.);
#1396=FACE_BOUND('',#1191,.T.);
#1397=FACE_BOUND('',#1192,.T.);
#1398=FACE_BOUND('',#1193,.T.);
#1399=FACE_BOUND('',#1194,.T.);
#1400=FACE_BOUND('',#1195,.T.);
#1401=FACE_BOUND('',#1196,.T.);
#1402=FACE_BOUND('',#1197,.T.);
#1403=FACE_BOUND('',#1198,.T.);
#1404=FACE_BOUND('',#1199,.T.);
#1405=FACE_BOUND('',#1200,.T.);
#1406=FACE_BOUND('',#1201,.T.);
#1407=FACE_BOUND('',#1202,.T.);
#1408=FACE_BOUND('',#1203,.T.);
#1409=FACE_BOUND('',#1204,.T.);
#1410=FACE_BOUND('',#1205,.T.);
#1411=FACE_BOUND('',#1206,.T.);
#1412=FACE_BOUND('',#1207,.T.);
#1413=FACE_BOUND('',#1208,.T.);
#1414=FACE_BOUND('',#1209,.T.);
#1415=FACE_BOUND('',#1210,.T.);
#1416=FACE_BOUND('',#1211,.T.);
#1417=FACE_BOUND('',#1212,.T.);
#1418=FACE_BOUND('',#1213,.T.);
#1419=FACE_BOUND('',#1214,.T.);
#1420=FACE_BOUND('',#1215,.T.);
#1421=FACE_BOUND('',#1216,.T.);
#1422=FACE_BOUND('',#1217,.T.);
#1423=FACE_BOUND('',#1218,.T.);
#1424=FACE_BOUND('',#1219,.T.);
#1425=FACE_BOUND('',#1220,.T.);
#1426=FACE_BOUND('',#1221,.T.);
#1427=FACE_BOUND('',#1222,.T.);
#1428=FACE_BOUND('',#1223,.T.);
#1429=FACE_BOUND('',#1224,.T.);
#1430=FACE_BOUND('',#1225,.T.);
#1431=FACE_BOUND('',#1226,.T.);
#1432=FACE_BOUND('',#1227,.T.);
#1433=FACE_BOUND('',#1228,.T.);
#1434=FACE_BOUND('',#1229,.T.);
#1435=FACE_BOUND('',#1230,.T.);
#1436=FACE_BOUND('',#1231,.T.);
#1437=FACE_BOUND('',#1232,.T.);
#1438=FACE_BOUND('',#1233,.T.);
#1439=FACE_BOUND('',#1234,.T.);
#1440=FACE_BOUND('',#1235,.T.);
#1441=FACE_BOUND('',#1236,.T.);
#1442=FACE_BOUND('',#1237,.T.);
#1443=FACE_BOUND('',#1238,.T.);
#1444=FACE_BOUND('',#1239,.T.);
#1445=FACE_BOUND('',#1240,.T.);
#1446=FACE_BOUND('',#1241,.T.);
#1447=FACE_BOUND('',#1242,.T.);
#1448=FACE_BOUND('',#1243,.T.);
#1449=FACE_BOUND('',#1244,.T.);
#1450=FACE_BOUND('',#1245,.T.);
#1451=FACE_BOUND('',#1246,.T.);
#1452=FACE_BOUND('',#1247,.T.);
#1453=FACE_BOUND('',#1248,.T.);
#1454=FACE_BOUND('',#1249,.T.);
#1455=FACE_BOUND('',#1250,.T.);
#1456=FACE_BOUND('',#1251,.T.);
#1457=FACE_BOUND('',#1252,.T.);
#1458=FACE_BOUND('',#1253,.T.);
#1459=FACE_BOUND('',#1254,.T.);
#1460=FACE_BOUND('',#1255,.T.);
#1461=FACE_BOUND('',#1256,.T.);
#1462=FACE_BOUND('',#1257,.T.);
#1463=FACE_BOUND('',#1258,.T.);
#1464=FACE_BOUND('',#1259,.T.);
#1465=FACE_BOUND('',#1260,.T.);
#1466=FACE_BOUND('',#1261,.T.);
#1467=FACE_BOUND('',#1262,.T.);
#1468=FACE_BOUND('',#1263,.T.);
#1469=FACE_BOUND('',#1264,.T.);
#1470=FACE_BOUND('',#1265,.T.);
#1471=FACE_BOUND('',#1266,.T.);
#1472=FACE_BOUND('',#1267,.T.);
#1473=FACE_BOUND('',#1268,.T.);
#1474=FACE_BOUND('',#1269,.T.);
#1475=FACE_BOUND('',#1270,.T.);
#1476=FACE_BOUND('',#1271,.T.);
#1477=FACE_BOUND('',#1272,.T.);
#1478=FACE_BOUND('',#1273,.T.);
#1479=FACE_BOUND('',#1274,.T.);
#1480=FACE_BOUND('',#1275,.T.);
#1481=FACE_BOUND('',#1276,.T.);
#1482=FACE_BOUND('',#1277,.T.);
#1483=FACE_BOUND('',#1278,.T.);
#1484=FACE_BOUND('',#1279,.T.);
#1485=FACE_BOUND('',#1280,.T.);
#1486=FACE_BOUND('',#1281,.T.);
#1487=FACE_BOUND('',#1282,.T.);
#1488=FACE_BOUND('',#1283,.T.);
#1489=FACE_BOUND('',#1284,.T.);
#1490=FACE_BOUND('',#1285,.T.);
#1491=FACE_BOUND('',#1286,.T.);
#1492=FACE_BOUND('',#1287,.T.);
#1493=FACE_BOUND('',#1288,.T.);
#1494=FACE_BOUND('',#1289,.T.);
#1495=FACE_BOUND('',#1290,.T.);
#1496=FACE_BOUND('',#1291,.T.);
#1497=FACE_BOUND('',#1292,.T.);
#1498=FACE_BOUND('',#1293,.T.);
#1499=FACE_BOUND('',#1294,.T.);
#1500=FACE_BOUND('',#1295,.T.);
#1501=FACE_BOUND('',#1296,.T.);
#1502=FACE_BOUND('',#1297,.T.);
#1503=FACE_BOUND('',#1298,.T.);
#1504=FACE_BOUND('',#1299,.T.);
#1505=FACE_BOUND('',#1300,.T.);
#1506=FACE_BOUND('',#1301,.T.);
#1507=FACE_BOUND('',#1302,.T.);
#1508=FACE_BOUND('',#1303,.T.);
#1509=FACE_BOUND('',#1304,.T.);
#1510=FACE_BOUND('',#1305,.T.);
#1511=FACE_BOUND('',#1306,.T.);
#1512=FACE_BOUND('',#1307,.T.);
#1513=FACE_BOUND('',#1308,.T.);
#1514=FACE_BOUND('',#1309,.T.);
#1515=FACE_BOUND('',#1310,.T.);
#1516=FACE_BOUND('',#1311,.T.);
#1517=FACE_BOUND('',#1312,.T.);
#1518=FACE_BOUND('',#1313,.T.);
#1519=FACE_BOUND('',#1314,.T.);
#1520=FACE_BOUND('',#1315,.T.);
#1521=FACE_BOUND('',#1316,.T.);
#1522=FACE_BOUND('',#1317,.T.);
#1523=FACE_BOUND('',#1318,.T.);
#1524=FACE_BOUND('',#1319,.T.);
#1525=FACE_BOUND('',#1320,.T.);
#1526=FACE_BOUND('',#1321,.T.);
#1527=FACE_BOUND('',#1322,.T.);
#1528=FACE_BOUND('',#1323,.T.);
#1529=FACE_BOUND('',#1324,.T.);
#1530=FACE_BOUND('',#1325,.T.);
#1531=FACE_BOUND('',#1326,.T.);
#1532=FACE_BOUND('',#1327,.T.);
#1533=FACE_BOUND('',#1328,.T.);
#1534=FACE_BOUND('',#1329,.T.);
#1535=FACE_BOUND('',#1330,.T.);
#1536=FACE_BOUND('',#1331,.T.);
#1537=FACE_BOUND('',#1332,.T.);
#1538=FACE_BOUND('',#1333,.T.);
#1539=FACE_BOUND('',#1334,.T.);
#1540=FACE_BOUND('',#1335,.T.);
#1541=FACE_BOUND('',#1336,.T.);
#1542=FACE_BOUND('',#1337,.T.);
#1543=FACE_BOUND('',#1338,.T.);
#1544=FACE_BOUND('',#1339,.T.);
#1545=FACE_BOUND('',#1340,.T.);
#1546=FACE_BOUND('',#1341,.T.);
#1547=FACE_BOUND('',#1342,.T.);
#1548=FACE_BOUND('',#1343,.T.);
#1549=FACE_BOUND('',#1344,.T.);
#1550=FACE_BOUND('',#1345,.T.);
#1551=FACE_BOUND('',#1346,.T.);
#1552=FACE_BOUND('',#1347,.T.);
#1553=FACE_BOUND('',#1348,.T.);
#1554=FACE_BOUND('',#1349,.T.);
#1555=FACE_BOUND('',#1350,.T.);
#1556=FACE_BOUND('',#1351,.T.);
#1557=FACE_BOUND('',#1352,.T.);
#1558=FACE_BOUND('',#1353,.T.);
#1559=FACE_BOUND('',#1354,.T.);
#1560=FACE_BOUND('',#1355,.T.);
#1561=FACE_BOUND('',#1356,.T.);
#1562=FACE_BOUND('',#1357,.T.);
#1563=FACE_BOUND('',#1358,.T.);
#1564=FACE_BOUND('',#1359,.T.);
#1565=FACE_BOUND('',#1360,.T.);
#1566=FACE_BOUND('',#1361,.T.);
#1567=FACE_BOUND('',#1362,.T.);
#1568=FACE_BOUND('',#1363,.T.);
#1569=FACE_BOUND('',#1364,.T.);
#1570=FACE_BOUND('',#1365,.T.);
#1571=FACE_BOUND('',#1366,.T.);
#1572=FACE_BOUND('',#1367,.T.);
#1573=FACE_BOUND('',#1368,.T.);
#1574=FACE_BOUND('',#1369,.T.);
#1575=FACE_BOUND('',#1370,.T.);
#1576=FACE_BOUND('',#1371,.T.);
#1577=FACE_BOUND('',#1372,.T.);
#1578=FACE_BOUND('',#1373,.T.);
#1579=FACE_BOUND('',#1374,.T.);
#1580=FACE_BOUND('',#1375,.T.);
#1581=FACE_BOUND('',#1376,.T.);
#1582=FACE_BOUND('',#1377,.T.);
#1583=FACE_BOUND('',#1378,.T.);
#1584=FACE_BOUND('',#1379,.T.);
#1585=FACE_BOUND('',#1380,.T.);
#1586=FACE_BOUND('',#1381,.T.);
#1587=FACE_BOUND('',#1382,.T.);
#1588=FACE_BOUND('',#1383,.T.);
#1589=FACE_BOUND('',#1384,.T.);
#1590=FACE_BOUND('',#1385,.T.);
#1591=FACE_BOUND('',#1386,.T.);
#1592=FACE_BOUND('',#1387,.T.);
#1593=FACE_BOUND('',#1388,.T.);
#1594=FACE_BOUND('',#1389,.T.);
#1595=FACE_BOUND('',#1390,.T.);
#1596=FACE_BOUND('',#1391,.T.);
#1597=FACE_BOUND('',#1392,.T.);
#1598=FACE_BOUND('',#1393,.T.);
#1599=FACE_BOUND('',#1394,.T.);
#1600=CYLINDRICAL_SURFACE('',#1758,0.00199999850585);
#1601=CYLINDRICAL_SURFACE('',#1879,0.00199999850585);
#1602=CYLINDRICAL_SURFACE('',#1880,0.00400000042591);
#1603=CYLINDRICAL_SURFACE('',#1884,0.00400000042591);
#1604=CYLINDRICAL_SURFACE('',#1885,0.00400000042591);
#1605=CYLINDRICAL_SURFACE('',#1888,0.00400000042591);
#1606=CYLINDRICAL_SURFACE('',#1889,0.0011);
#1607=CYLINDRICAL_SURFACE('',#1890,0.00055);
#1608=CYLINDRICAL_SURFACE('',#1891,0.00055);
#1609=CYLINDRICAL_SURFACE('',#1892,0.00055);
#1610=CYLINDRICAL_SURFACE('',#1893,0.00055);
#1611=CYLINDRICAL_SURFACE('',#1894,0.00055);
#1612=CYLINDRICAL_SURFACE('',#1895,0.00055);
#1613=CYLINDRICAL_SURFACE('',#1896,0.00055);
#1614=CYLINDRICAL_SURFACE('',#1897,0.0004445);
#1615=CYLINDRICAL_SURFACE('',#1898,0.0004445);
#1616=CYLINDRICAL_SURFACE('',#1899,0.00055);
#1617=CYLINDRICAL_SURFACE('',#1900,0.0004445);
#1618=CYLINDRICAL_SURFACE('',#1901,0.0004445);
#1619=CYLINDRICAL_SURFACE('',#1902,0.0011);
#1620=CYLINDRICAL_SURFACE('',#1903,0.0004445);
#1621=CYLINDRICAL_SURFACE('',#1904,0.0004445);
#1622=CYLINDRICAL_SURFACE('',#1905,0.0004445);
#1623=CYLINDRICAL_SURFACE('',#1906,0.0004445);
#1624=CYLINDRICAL_SURFACE('',#1907,0.0004445);
#1625=CYLINDRICAL_SURFACE('',#1908,0.0004);
#1626=CYLINDRICAL_SURFACE('',#1909,0.0005);
#1627=CYLINDRICAL_SURFACE('',#1910,0.0005);
#1628=CYLINDRICAL_SURFACE('',#1911,0.0005);
#1629=CYLINDRICAL_SURFACE('',#1912,0.0004445);
#1630=CYLINDRICAL_SURFACE('',#1913,0.0004445);
#1631=CYLINDRICAL_SURFACE('',#1914,0.0004445);
#1632=CYLINDRICAL_SURFACE('',#1915,0.0004445);
#1633=CYLINDRICAL_SURFACE('',#1916,0.0004445);
#1634=CYLINDRICAL_SURFACE('',#1917,0.0005);
#1635=CYLINDRICAL_SURFACE('',#1919,0.0011);
#1636=CYLINDRICAL_SURFACE('',#1920,0.0005);
#1637=CYLINDRICAL_SURFACE('',#1922,0.0005);
#1638=CYLINDRICAL_SURFACE('',#1924,0.00075);
#1639=CYLINDRICAL_SURFACE('',#1925,0.00045);
#1640=CYLINDRICAL_SURFACE('',#1926,0.00045);
#1641=CYLINDRICAL_SURFACE('',#1927,0.0005);
#1642=CYLINDRICAL_SURFACE('',#1929,0.0005);
#1643=CYLINDRICAL_SURFACE('',#1931,0.0005);
#1644=CYLINDRICAL_SURFACE('',#1933,0.00045);
#1645=CYLINDRICAL_SURFACE('',#1934,0.00075);
#1646=CYLINDRICAL_SURFACE('',#1935,0.0005);
#1647=CYLINDRICAL_SURFACE('',#1937,0.0005);
#1648=CYLINDRICAL_SURFACE('',#1939,0.0005);
#1649=CYLINDRICAL_SURFACE('',#1940,0.0004);
#1650=CYLINDRICAL_SURFACE('',#1941,0.0004);
#1651=CYLINDRICAL_SURFACE('',#1942,0.0005);
#1652=CYLINDRICAL_SURFACE('',#1943,0.0005);
#1653=CYLINDRICAL_SURFACE('',#1944,0.0005);
#1654=CYLINDRICAL_SURFACE('',#1945,0.0005);
#1655=CYLINDRICAL_SURFACE('',#1946,0.0004);
#1656=CYLINDRICAL_SURFACE('',#1947,0.0005);
#1657=CYLINDRICAL_SURFACE('',#1948,0.0005);
#1658=CYLINDRICAL_SURFACE('',#1949,0.000375);
#1659=CYLINDRICAL_SURFACE('',#1950,0.000375);
#1660=CYLINDRICAL_SURFACE('',#1951,0.0011);
#1661=CYLINDRICAL_SURFACE('',#1962,0.001532);
#1662=ADVANCED_FACE('',(#1395),#1600,.F.);
#1663=ADVANCED_FACE('',(#1396),#12,.T.);
#1664=ADVANCED_FACE('',(#1397),#13,.T.);
#1665=ADVANCED_FACE('',(#1398,#1399,#1400,#1401,#1402,#1403,#1404,#1405,
#1406,#1407,#1408,#1409,#1410,#1411,#1412,#1413,#1414,#1415,#1416,#1417,
#1418,#1419,#1420,#1421,#1422,#1423,#1424,#1425,#1426,#1427,#1428,#1429,
#1430,#1431,#1432,#1433,#1434,#1435,#1436,#1437,#1438,#1439,#1440,#1441,
#1442,#1443,#1444,#1445,#1446,#1447,#1448,#1449,#1450,#1451,#1452,#1453),
#14,.F.);
#1666=ADVANCED_FACE('',(#1454,#1455,#1456,#1457,#1458,#1459,#1460,#1461,
#1462,#1463,#1464,#1465,#1466,#1467,#1468,#1469,#1470,#1471,#1472,#1473,
#1474,#1475,#1476,#1477,#1478,#1479,#1480,#1481,#1482,#1483,#1484,#1485,
#1486,#1487,#1488,#1489,#1490,#1491,#1492,#1493,#1494,#1495,#1496,#1497,
#1498,#1499,#1500,#1501,#1502,#1503),#15,.T.);
#1667=ADVANCED_FACE('',(#1504),#16,.T.);
#1668=ADVANCED_FACE('',(#1505),#1601,.F.);
#1669=ADVANCED_FACE('',(#1506),#1602,.T.);
#1670=ADVANCED_FACE('',(#1507),#17,.T.);
#1671=ADVANCED_FACE('',(#1508),#18,.T.);
#1672=ADVANCED_FACE('',(#1509),#19,.T.);
#1673=ADVANCED_FACE('',(#1510),#1603,.T.);
#1674=ADVANCED_FACE('',(#1511),#1604,.T.);
#1675=ADVANCED_FACE('',(#1512),#20,.T.);
#1676=ADVANCED_FACE('',(#1513),#21,.T.);
#1677=ADVANCED_FACE('',(#1514),#1605,.T.);
#1678=ADVANCED_FACE('',(#1515),#1606,.F.);
#1679=ADVANCED_FACE('',(#1516),#1607,.F.);
#1680=ADVANCED_FACE('',(#1517),#1608,.F.);
#1681=ADVANCED_FACE('',(#1518),#1609,.F.);
#1682=ADVANCED_FACE('',(#1519),#1610,.F.);
#1683=ADVANCED_FACE('',(#1520),#1611,.F.);
#1684=ADVANCED_FACE('',(#1521),#1612,.F.);
#1685=ADVANCED_FACE('',(#1522),#1613,.F.);
#1686=ADVANCED_FACE('',(#1523),#1614,.F.);
#1687=ADVANCED_FACE('',(#1524),#1615,.F.);
#1688=ADVANCED_FACE('',(#1525),#1616,.F.);
#1689=ADVANCED_FACE('',(#1526),#1617,.F.);
#1690=ADVANCED_FACE('',(#1527),#1618,.F.);
#1691=ADVANCED_FACE('',(#1528),#1619,.F.);
#1692=ADVANCED_FACE('',(#1529),#1620,.F.);
#1693=ADVANCED_FACE('',(#1530),#1621,.F.);
#1694=ADVANCED_FACE('',(#1531),#1622,.F.);
#1695=ADVANCED_FACE('',(#1532),#1623,.F.);
#1696=ADVANCED_FACE('',(#1533),#1624,.F.);
#1697=ADVANCED_FACE('',(#1534),#1625,.F.);
#1698=ADVANCED_FACE('',(#1535),#1626,.F.);
#1699=ADVANCED_FACE('',(#1536),#1627,.F.);
#1700=ADVANCED_FACE('',(#1537),#1628,.F.);
#1701=ADVANCED_FACE('',(#1538),#1629,.F.);
#1702=ADVANCED_FACE('',(#1539),#1630,.F.);
#1703=ADVANCED_FACE('',(#1540),#1631,.F.);
#1704=ADVANCED_FACE('',(#1541),#1632,.F.);
#1705=ADVANCED_FACE('',(#1542),#1633,.F.);
#1706=ADVANCED_FACE('',(#1543,#1544),#1634,.F.);
#1707=ADVANCED_FACE('',(#1545),#1635,.F.);
#1708=ADVANCED_FACE('',(#1546,#1547),#1636,.F.);
#1709=ADVANCED_FACE('',(#1548,#1549),#1637,.F.);
#1710=ADVANCED_FACE('',(#1550),#1638,.F.);
#1711=ADVANCED_FACE('',(#1551),#1639,.F.);
#1712=ADVANCED_FACE('',(#1552),#1640,.F.);
#1713=ADVANCED_FACE('',(#1553,#1554),#1641,.F.);
#1714=ADVANCED_FACE('',(#1555,#1556),#1642,.F.);
#1715=ADVANCED_FACE('',(#1557,#1558),#1643,.F.);
#1716=ADVANCED_FACE('',(#1559),#1644,.F.);
#1717=ADVANCED_FACE('',(#1560),#1645,.F.);
#1718=ADVANCED_FACE('',(#1561,#1562),#1646,.F.);
#1719=ADVANCED_FACE('',(#1563,#1564),#1647,.F.);
#1720=ADVANCED_FACE('',(#1565),#1648,.F.);
#1721=ADVANCED_FACE('',(#1566),#1649,.F.);
#1722=ADVANCED_FACE('',(#1567),#1650,.F.);
#1723=ADVANCED_FACE('',(#1568),#1651,.F.);
#1724=ADVANCED_FACE('',(#1569),#1652,.F.);
#1725=ADVANCED_FACE('',(#1570),#1653,.F.);
#1726=ADVANCED_FACE('',(#1571),#1654,.F.);
#1727=ADVANCED_FACE('',(#1572),#1655,.F.);
#1728=ADVANCED_FACE('',(#1573),#1656,.F.);
#1729=ADVANCED_FACE('',(#1574),#1657,.F.);
#1730=ADVANCED_FACE('',(#1575),#1658,.F.);
#1731=ADVANCED_FACE('',(#1576),#1659,.F.);
#1732=ADVANCED_FACE('',(#1577),#1660,.F.);
#1733=ADVANCED_FACE('',(#1578),#22,.T.);
#1734=ADVANCED_FACE('',(#1579),#23,.F.);
#1735=ADVANCED_FACE('',(#1580),#24,.F.);
#1736=ADVANCED_FACE('',(#1581),#25,.T.);
#1737=ADVANCED_FACE('',(#1582,#1583,#1584,#1585,#1586,#1587,#1588,#1589,
#1590,#1591),#26,.T.);
#1738=ADVANCED_FACE('',(#1592),#27,.F.);
#1739=ADVANCED_FACE('',(#1593),#28,.F.);
#1740=ADVANCED_FACE('',(#1594),#29,.T.);
#1741=ADVANCED_FACE('',(#1595),#30,.T.);
#1742=ADVANCED_FACE('',(#1596),#31,.T.);
#1743=ADVANCED_FACE('',(#1597,#1598),#1661,.T.);
#1744=ADVANCED_FACE('',(#1599),#32,.T.);
#1745=CLOSED_SHELL('',(#1662,#1663,#1664,#1665,#1666,#1667,#1668,#1669,
#1670,#1671,#1672,#1673,#1674,#1675,#1676,#1677,#1678,#1679,#1680,#1681,
#1682,#1683,#1684,#1685,#1686,#1687,#1688,#1689,#1690,#1691,#1692,#1693,
#1694,#1695,#1696,#1697,#1698,#1699,#1700,#1701,#1702,#1703,#1704,#1705,
#1706,#1707,#1708,#1709,#1710,#1711,#1712,#1713,#1714,#1715,#1716,#1717,
#1718,#1719,#1720,#1721,#1722,#1723,#1724,#1725,#1726,#1727,#1728,#1729,
#1730,#1731,#1732,#1733,#1734,#1735,#1736,#1737,#1738,#1739,#1740,#1741,
#1742,#1743,#1744));
#1746=STYLED_ITEM('',(#1747),#1754);
#1747=PRESENTATION_STYLE_ASSIGNMENT((#1748));
#1748=SURFACE_STYLE_USAGE(.BOTH.,#1749);
#1749=SURFACE_SIDE_STYLE('',(#1750));
#1750=SURFACE_STYLE_FILL_AREA(#1751);
#1751=FILL_AREA_STYLE('',(#1752));
#1752=FILL_AREA_STYLE_COLOUR('',#1753);
#1753=COLOUR_RGB('',0.196078431372549,0.43921568627451,0.0784313725490196);
#1754=MANIFOLD_SOLID_BREP('thesensor_PCB',#1745);
#1755=SHAPE_DEFINITION_REPRESENTATION(#2953,#1756);
#1756=SHAPE_REPRESENTATION('thesensor_PCB',(#1757),#2948);
#1757=AXIS2_PLACEMENT_3D('',#2482,#1965,#1966);
#1758=AXIS2_PLACEMENT_3D('',#2483,#1967,#1968);
#1759=AXIS2_PLACEMENT_3D('',#2487,#1970,#1971);
#1760=AXIS2_PLACEMENT_3D('',#2491,#1973,#1974);
#1761=AXIS2_PLACEMENT_3D('',#2492,#1975,#1976);
#1762=AXIS2_PLACEMENT_3D('',#2498,#1980,#1981);
#1763=AXIS2_PLACEMENT_3D('',#2504,#1985,#1986);
#1764=AXIS2_PLACEMENT_3D('',#2505,#1987,#1988);
#1765=AXIS2_PLACEMENT_3D('',#2511,#1991,#1992);
#1766=AXIS2_PLACEMENT_3D('',#2515,#1994,#1995);
#1767=AXIS2_PLACEMENT_3D('',#2519,#1997,#1998);
#1768=AXIS2_PLACEMENT_3D('',#2523,#2000,#2001);
#1769=AXIS2_PLACEMENT_3D('',#2526,#2003,#2004);
#1770=AXIS2_PLACEMENT_3D('',#2528,#2005,#2006);
#1771=AXIS2_PLACEMENT_3D('',#2530,#2007,#2008);
#1772=AXIS2_PLACEMENT_3D('',#2532,#2009,#2010);
#1773=AXIS2_PLACEMENT_3D('',#2534,#2011,#2012);
#1774=AXIS2_PLACEMENT_3D('',#2536,#2013,#2014);
#1775=AXIS2_PLACEMENT_3D('',#2538,#2015,#2016);
#1776=AXIS2_PLACEMENT_3D('',#2540,#2017,#2018);
#1777=AXIS2_PLACEMENT_3D('',#2542,#2019,#2020);
#1778=AXIS2_PLACEMENT_3D('',#2544,#2021,#2022);
#1779=AXIS2_PLACEMENT_3D('',#2546,#2023,#2024);
#1780=AXIS2_PLACEMENT_3D('',#2548,#2025,#2026);
#1781=AXIS2_PLACEMENT_3D('',#2550,#2027,#2028);
#1782=AXIS2_PLACEMENT_3D('',#2552,#2029,#2030);
#1783=AXIS2_PLACEMENT_3D('',#2554,#2031,#2032);
#1784=AXIS2_PLACEMENT_3D('',#2556,#2033,#2034);
#1785=AXIS2_PLACEMENT_3D('',#2558,#2035,#2036);
#1786=AXIS2_PLACEMENT_3D('',#2560,#2037,#2038);
#1787=AXIS2_PLACEMENT_3D('',#2562,#2039,#2040);
#1788=AXIS2_PLACEMENT_3D('',#2564,#2041,#2042);
#1789=AXIS2_PLACEMENT_3D('',#2566,#2043,#2044);
#1790=AXIS2_PLACEMENT_3D('',#2568,#2045,#2046);
#1791=AXIS2_PLACEMENT_3D('',#2570,#2047,#2048);
#1792=AXIS2_PLACEMENT_3D('',#2572,#2049,#2050);
#1793=AXIS2_PLACEMENT_3D('',#2574,#2051,#2052);
#1794=AXIS2_PLACEMENT_3D('',#2576,#2053,#2054);
#1795=AXIS2_PLACEMENT_3D('',#2578,#2055,#2056);
#1796=AXIS2_PLACEMENT_3D('',#2580,#2057,#2058);
#1797=AXIS2_PLACEMENT_3D('',#2582,#2059,#2060);
#1798=AXIS2_PLACEMENT_3D('',#2584,#2061,#2062);
#1799=AXIS2_PLACEMENT_3D('',#2586,#2063,#2064);
#1800=AXIS2_PLACEMENT_3D('',#2588,#2065,#2066);
#1801=AXIS2_PLACEMENT_3D('',#2590,#2067,#2068);
#1802=AXIS2_PLACEMENT_3D('',#2592,#2069,#2070);
#1803=AXIS2_PLACEMENT_3D('',#2594,#2071,#2072);
#1804=AXIS2_PLACEMENT_3D('',#2596,#2073,#2074);
#1805=AXIS2_PLACEMENT_3D('',#2598,#2075,#2076);
#1806=AXIS2_PLACEMENT_3D('',#2600,#2077,#2078);
#1807=AXIS2_PLACEMENT_3D('',#2602,#2079,#2080);
#1808=AXIS2_PLACEMENT_3D('',#2604,#2081,#2082);
#1809=AXIS2_PLACEMENT_3D('',#2606,#2083,#2084);
#1810=AXIS2_PLACEMENT_3D('',#2608,#2085,#2086);
#1811=AXIS2_PLACEMENT_3D('',#2610,#2087,#2088);
#1812=AXIS2_PLACEMENT_3D('',#2612,#2089,#2090);
#1813=AXIS2_PLACEMENT_3D('',#2614,#2091,#2092);
#1814=AXIS2_PLACEMENT_3D('',#2616,#2093,#2094);
#1815=AXIS2_PLACEMENT_3D('',#2618,#2095,#2096);
#1816=AXIS2_PLACEMENT_3D('',#2620,#2097,#2098);
#1817=AXIS2_PLACEMENT_3D('',#2622,#2099,#2100);
#1818=AXIS2_PLACEMENT_3D('',#2624,#2101,#2102);
#1819=AXIS2_PLACEMENT_3D('',#2626,#2103,#2104);
#1820=AXIS2_PLACEMENT_3D('',#2628,#2105,#2106);
#1821=AXIS2_PLACEMENT_3D('',#2630,#2107,#2108);
#1822=AXIS2_PLACEMENT_3D('',#2632,#2109,#2110);
#1823=AXIS2_PLACEMENT_3D('',#2634,#2111,#2112);
#1824=AXIS2_PLACEMENT_3D('',#2636,#2113,#2114);
#1825=AXIS2_PLACEMENT_3D('',#2637,#2115,#2116);
#1826=AXIS2_PLACEMENT_3D('',#2649,#2122,#2123);
#1827=AXIS2_PLACEMENT_3D('',#2653,#2125,#2126);
#1828=AXIS2_PLACEMENT_3D('',#2657,#2128,#2129);
#1829=AXIS2_PLACEMENT_3D('',#2661,#2131,#2132);
#1830=AXIS2_PLACEMENT_3D('',#2667,#2135,#2136);
#1831=AXIS2_PLACEMENT_3D('',#2668,#2137,#2138);
#1832=AXIS2_PLACEMENT_3D('',#2670,#2139,#2140);
#1833=AXIS2_PLACEMENT_3D('',#2672,#2141,#2142);
#1834=AXIS2_PLACEMENT_3D('',#2674,#2143,#2144);
#1835=AXIS2_PLACEMENT_3D('',#2676,#2145,#2146);
#1836=AXIS2_PLACEMENT_3D('',#2678,#2147,#2148);
#1837=AXIS2_PLACEMENT_3D('',#2680,#2149,#2150);
#1838=AXIS2_PLACEMENT_3D('',#2682,#2151,#2152);
#1839=AXIS2_PLACEMENT_3D('',#2684,#2153,#2154);
#1840=AXIS2_PLACEMENT_3D('',#2686,#2155,#2156);
#1841=AXIS2_PLACEMENT_3D('',#2688,#2157,#2158);
#1842=AXIS2_PLACEMENT_3D('',#2690,#2159,#2160);
#1843=AXIS2_PLACEMENT_3D('',#2692,#2161,#2162);
#1844=AXIS2_PLACEMENT_3D('',#2694,#2163,#2164);
#1845=AXIS2_PLACEMENT_3D('',#2696,#2165,#2166);
#1846=AXIS2_PLACEMENT_3D('',#2698,#2167,#2168);
#1847=AXIS2_PLACEMENT_3D('',#2700,#2169,#2170);
#1848=AXIS2_PLACEMENT_3D('',#2702,#2171,#2172);
#1849=AXIS2_PLACEMENT_3D('',#2704,#2173,#2174);
#1850=AXIS2_PLACEMENT_3D('',#2706,#2175,#2176);
#1851=AXIS2_PLACEMENT_3D('',#2708,#2177,#2178);
#1852=AXIS2_PLACEMENT_3D('',#2710,#2179,#2180);
#1853=AXIS2_PLACEMENT_3D('',#2712,#2181,#2182);
#1854=AXIS2_PLACEMENT_3D('',#2714,#2183,#2184);
#1855=AXIS2_PLACEMENT_3D('',#2716,#2185,#2186);
#1856=AXIS2_PLACEMENT_3D('',#2718,#2187,#2188);
#1857=AXIS2_PLACEMENT_3D('',#2720,#2189,#2190);
#1858=AXIS2_PLACEMENT_3D('',#2722,#2191,#2192);
#1859=AXIS2_PLACEMENT_3D('',#2724,#2193,#2194);
#1860=AXIS2_PLACEMENT_3D('',#2726,#2195,#2196);
#1861=AXIS2_PLACEMENT_3D('',#2728,#2197,#2198);
#1862=AXIS2_PLACEMENT_3D('',#2730,#2199,#2200);
#1863=AXIS2_PLACEMENT_3D('',#2732,#2201,#2202);
#1864=AXIS2_PLACEMENT_3D('',#2734,#2203,#2204);
#1865=AXIS2_PLACEMENT_3D('',#2736,#2205,#2206);
#1866=AXIS2_PLACEMENT_3D('',#2738,#2207,#2208);
#1867=AXIS2_PLACEMENT_3D('',#2740,#2209,#2210);
#1868=AXIS2_PLACEMENT_3D('',#2742,#2211,#2212);
#1869=AXIS2_PLACEMENT_3D('',#2744,#2213,#2214);
#1870=AXIS2_PLACEMENT_3D('',#2746,#2215,#2216);
#1871=AXIS2_PLACEMENT_3D('',#2748,#2217,#2218);
#1872=AXIS2_PLACEMENT_3D('',#2750,#2219,#2220);
#1873=AXIS2_PLACEMENT_3D('',#2752,#2221,#2222);
#1874=AXIS2_PLACEMENT_3D('',#2754,#2223,#2224);
#1875=AXIS2_PLACEMENT_3D('',#2756,#2225,#2226);
#1876=AXIS2_PLACEMENT_3D('',#2758,#2227,#2228);
#1877=AXIS2_PLACEMENT_3D('',#2760,#2229,#2230);
#1878=AXIS2_PLACEMENT_3D('',#2762,#2231,#2232);
#1879=AXIS2_PLACEMENT_3D('',#2764,#2234,#2235);
#1880=AXIS2_PLACEMENT_3D('',#2766,#2237,#2238);
#1881=AXIS2_PLACEMENT_3D('',#2768,#2240,#2241);
#1882=AXIS2_PLACEMENT_3D('',#2770,#2243,#2244);
#1883=AXIS2_PLACEMENT_3D('',#2772,#2246,#2247);
#1884=AXIS2_PLACEMENT_3D('',#2774,#2249,#2250);
#1885=AXIS2_PLACEMENT_3D('',#2776,#2252,#2253);
#1886=AXIS2_PLACEMENT_3D('',#2778,#2255,#2256);
#1887=AXIS2_PLACEMENT_3D('',#2780,#2258,#2259);
#1888=AXIS2_PLACEMENT_3D('',#2782,#2261,#2262);
#1889=AXIS2_PLACEMENT_3D('',#2783,#2263,#2264);
#1890=AXIS2_PLACEMENT_3D('',#2785,#2266,#2267);
#1891=AXIS2_PLACEMENT_3D('',#2787,#2269,#2270);
#1892=AXIS2_PLACEMENT_3D('',#2789,#2272,#2273);
#1893=AXIS2_PLACEMENT_3D('',#2791,#2275,#2276);
#1894=AXIS2_PLACEMENT_3D('',#2793,#2278,#2279);
#1895=AXIS2_PLACEMENT_3D('',#2795,#2281,#2282);
#1896=AXIS2_PLACEMENT_3D('',#2797,#2284,#2285);
#1897=AXIS2_PLACEMENT_3D('',#2799,#2287,#2288);
#1898=AXIS2_PLACEMENT_3D('',#2801,#2290,#2291);
#1899=AXIS2_PLACEMENT_3D('',#2803,#2293,#2294);
#1900=AXIS2_PLACEMENT_3D('',#2805,#2296,#2297);
#1901=AXIS2_PLACEMENT_3D('',#2807,#2299,#2300);
#1902=AXIS2_PLACEMENT_3D('',#2809,#2302,#2303);
#1903=AXIS2_PLACEMENT_3D('',#2811,#2305,#2306);
#1904=AXIS2_PLACEMENT_3D('',#2813,#2308,#2309);
#1905=AXIS2_PLACEMENT_3D('',#2815,#2311,#2312);
#1906=AXIS2_PLACEMENT_3D('',#2817,#2314,#2315);
#1907=AXIS2_PLACEMENT_3D('',#2819,#2317,#2318);
#1908=AXIS2_PLACEMENT_3D('',#2821,#2320,#2321);
#1909=AXIS2_PLACEMENT_3D('',#2823,#2323,#2324);
#1910=AXIS2_PLACEMENT_3D('',#2825,#2326,#2327);
#1911=AXIS2_PLACEMENT_3D('',#2827,#2329,#2330);
#1912=AXIS2_PLACEMENT_3D('',#2829,#2332,#2333);
#1913=AXIS2_PLACEMENT_3D('',#2831,#2335,#2336);
#1914=AXIS2_PLACEMENT_3D('',#2833,#2338,#2339);
#1915=AXIS2_PLACEMENT_3D('',#2835,#2341,#2342);
#1916=AXIS2_PLACEMENT_3D('',#2837,#2344,#2345);
#1917=AXIS2_PLACEMENT_3D('',#2839,#2347,#2348);
#1918=AXIS2_PLACEMENT_3D('',#2840,#2349,#2350);
#1919=AXIS2_PLACEMENT_3D('',#2842,#2351,#2352);
#1920=AXIS2_PLACEMENT_3D('',#2844,#2354,#2355);
#1921=AXIS2_PLACEMENT_3D('',#2845,#2356,#2357);
#1922=AXIS2_PLACEMENT_3D('',#2847,#2358,#2359);
#1923=AXIS2_PLACEMENT_3D('',#2848,#2360,#2361);
#1924=AXIS2_PLACEMENT_3D('',#2850,#2362,#2363);
#1925=AXIS2_PLACEMENT_3D('',#2852,#2365,#2366);
#1926=AXIS2_PLACEMENT_3D('',#2854,#2368,#2369);
#1927=AXIS2_PLACEMENT_3D('',#2856,#2371,#2372);
#1928=AXIS2_PLACEMENT_3D('',#2857,#2373,#2374);
#1929=AXIS2_PLACEMENT_3D('',#2859,#2375,#2376);
#1930=AXIS2_PLACEMENT_3D('',#2860,#2377,#2378);
#1931=AXIS2_PLACEMENT_3D('',#2862,#2379,#2380);
#1932=AXIS2_PLACEMENT_3D('',#2863,#2381,#2382);
#1933=AXIS2_PLACEMENT_3D('',#2865,#2383,#2384);
#1934=AXIS2_PLACEMENT_3D('',#2867,#2386,#2387);
#1935=AXIS2_PLACEMENT_3D('',#2869,#2389,#2390);
#1936=AXIS2_PLACEMENT_3D('',#2870,#2391,#2392);
#1937=AXIS2_PLACEMENT_3D('',#2872,#2393,#2394);
#1938=AXIS2_PLACEMENT_3D('',#2873,#2395,#2396);
#1939=AXIS2_PLACEMENT_3D('',#2875,#2397,#2398);
#1940=AXIS2_PLACEMENT_3D('',#2877,#2400,#2401);
#1941=AXIS2_PLACEMENT_3D('',#2879,#2403,#2404);
#1942=AXIS2_PLACEMENT_3D('',#2881,#2406,#2407);
#1943=AXIS2_PLACEMENT_3D('',#2883,#2409,#2410);
#1944=AXIS2_PLACEMENT_3D('',#2885,#2412,#2413);
#1945=AXIS2_PLACEMENT_3D('',#2887,#2415,#2416);
#1946=AXIS2_PLACEMENT_3D('',#2889,#2418,#2419);
#1947=AXIS2_PLACEMENT_3D('',#2891,#2421,#2422);
#1948=AXIS2_PLACEMENT_3D('',#2893,#2424,#2425);
#1949=AXIS2_PLACEMENT_3D('',#2895,#2427,#2428);
#1950=AXIS2_PLACEMENT_3D('',#2897,#2430,#2431);
#1951=AXIS2_PLACEMENT_3D('',#2899,#2433,#2434);
#1952=AXIS2_PLACEMENT_3D('',#2901,#2436,#2437);
#1953=AXIS2_PLACEMENT_3D('',#2907,#2441,#2442);
#1954=AXIS2_PLACEMENT_3D('',#2911,#2445,#2446);
#1955=AXIS2_PLACEMENT_3D('',#2915,#2449,#2450);
#1956=AXIS2_PLACEMENT_3D('',#2917,#2452,#2453);
#1957=AXIS2_PLACEMENT_3D('',#2926,#2458,#2459);
#1958=AXIS2_PLACEMENT_3D('',#2932,#2463,#2464);
#1959=AXIS2_PLACEMENT_3D('',#2936,#2467,#2468);
#1960=AXIS2_PLACEMENT_3D('',#2940,#2471,#2472);
#1961=AXIS2_PLACEMENT_3D('',#2942,#2474,#2475);
#1962=AXIS2_PLACEMENT_3D('',#2943,#2476,#2477);
#1963=AXIS2_PLACEMENT_3D('',#2944,#2478,#2479);
#1964=AXIS2_PLACEMENT_3D('',#2946,#2480,#2481);
#1965=DIRECTION('',(0.,0.,1.));
#1966=DIRECTION('',(1.,0.,0.));
#1967=DIRECTION('',(-2.42898935971829E-16,1.,0.));
#1968=DIRECTION('',(-0.999999999999721,-2.42898935971761E-16,7.47075743835492E-7));
#1969=DIRECTION('',(-2.42898935971829E-16,1.,0.));
#1970=DIRECTION('',(-2.42898935971829E-16,1.,0.));
#1971=DIRECTION('',(-1.,-2.42898935971829E-16,0.));
#1972=DIRECTION('',(-2.42898935971829E-16,1.,0.));
#1973=DIRECTION('',(-2.42898935971829E-16,1.,0.));
#1974=DIRECTION('',(-1.,-2.42898935971829E-16,0.));
#1975=DIRECTION('',(1.,2.42898935971829E-16,0.));
#1976=DIRECTION('',(0.,0.,-1.));
#1977=DIRECTION('',(-2.42898935971829E-16,1.,0.));
#1978=DIRECTION('',(0.,0.,-1.));
#1979=DIRECTION('',(0.,0.,1.));
#1980=DIRECTION('',(0.,0.,1.));
#1981=DIRECTION('',(1.,2.42898935971829E-16,0.));
#1982=DIRECTION('',(1.,2.42898935971829E-16,0.));
#1983=DIRECTION('',(-2.42898935971829E-16,1.,0.));
#1984=DIRECTION('',(1.,2.42898935971829E-16,0.));
#1985=DIRECTION('',(2.42898935971829E-16,-1.,0.));
#1986=DIRECTION('',(1.,2.42898935971829E-16,0.));
#1987=DIRECTION('',(-2.42898935971829E-16,1.,0.));
#1988=DIRECTION('',(-1.,-2.42898935971829E-16,0.));
#1989=DIRECTION('',(0.,0.,1.));
#1990=DIRECTION('',(1.,2.42898935971829E-16,0.));
#1991=DIRECTION('',(-2.42898935971829E-16,1.,0.));
#1992=DIRECTION('',(-1.,-2.42898935971829E-16,0.));
#1993=DIRECTION('',(0.,0.,1.));
#1994=DIRECTION('',(-2.42898935971829E-16,1.,0.));
#1995=DIRECTION('',(-1.,-2.42898935971829E-16,0.));
#1996=DIRECTION('',(1.,2.42898935971829E-16,0.));
#1997=DIRECTION('',(-2.42898935971829E-16,1.,0.));
#1998=DIRECTION('',(-1.,-2.42898935971829E-16,0.));
#1999=DIRECTION('',(0.,0.,1.));
#2000=DIRECTION('',(-2.42898935971829E-16,1.,0.));
#2001=DIRECTION('',(-1.,-2.42898935971829E-16,0.));
#2002=DIRECTION('',(1.,2.42898935971829E-16,0.));
#2003=DIRECTION('',(-2.42898935971829E-16,1.,0.));
#2004=DIRECTION('',(-1.,-2.42898935971829E-16,0.));
#2005=DIRECTION('',(-2.42898935971829E-16,1.,0.));
#2006=DIRECTION('',(-1.,-2.42898935971829E-16,0.));
#2007=DIRECTION('',(-2.42898935971829E-16,1.,0.));
#2008=DIRECTION('',(-1.,-2.42898935971829E-16,0.));
#2009=DIRECTION('',(-2.42898935971829E-16,1.,0.));
#2010=DIRECTION('',(-1.,-2.42898935971829E-16,0.));
#2011=DIRECTION('',(-2.42898935971829E-16,1.,0.));
#2012=DIRECTION('',(-1.,-2.42898935971829E-16,0.));
#2013=DIRECTION('',(-2.42898935971829E-16,1.,0.));
#2014=DIRECTION('',(-1.,-2.42898935971829E-16,0.));
#2015=DIRECTION('',(-2.42898935971829E-16,1.,0.));
#2016=DIRECTION('',(-1.,-2.42898935971829E-16,0.));
#2017=DIRECTION('',(-2.42898935971829E-16,1.,0.));
#2018=DIRECTION('',(-1.,-2.42898935971829E-16,0.));
#2019=DIRECTION('',(-2.42898935971829E-16,1.,0.));
#2020=DIRECTION('',(-1.,-2.42898935971829E-16,0.));
#2021=DIRECTION('',(-2.42898935971829E-16,1.,0.));
#2022=DIRECTION('',(-1.,-2.42898935971829E-16,0.));
#2023=DIRECTION('',(-2.42898935971829E-16,1.,0.));
#2024=DIRECTION('',(-1.,-2.42898935971829E-16,0.));
#2025=DIRECTION('',(-2.42898935971829E-16,1.,0.));
#2026=DIRECTION('',(-1.,-2.42898935971829E-16,0.));
#2027=DIRECTION('',(-2.42898935971829E-16,1.,0.));
#2028=DIRECTION('',(-1.,-2.42898935971829E-16,0.));
#2029=DIRECTION('',(-2.42898935971829E-16,1.,0.));
#2030=DIRECTION('',(-1.,-2.42898935971829E-16,0.));
#2031=DIRECTION('',(-2.42898935971829E-16,1.,0.));
#2032=DIRECTION('',(-1.,-2.42898935971829E-16,0.));
#2033=DIRECTION('',(-2.42898935971829E-16,1.,0.));
#2034=DIRECTION('',(-1.,-2.42898935971829E-16,0.));
#2035=DIRECTION('',(-2.42898935971829E-16,1.,0.));
#2036=DIRECTION('',(-1.,-2.42898935971829E-16,0.));
#2037=DIRECTION('',(-2.42898935971829E-16,1.,0.));
#2038=DIRECTION('',(-1.,-2.42898935971829E-16,0.));
#2039=DIRECTION('',(-2.42898935971829E-16,1.,0.));
#2040=DIRECTION('',(-1.,-2.42898935971829E-16,0.));
#2041=DIRECTION('',(-2.42898935971829E-16,1.,0.));
#2042=DIRECTION('',(-1.,-2.42898935971829E-16,0.));
#2043=DIRECTION('',(-2.42898935971829E-16,1.,0.));
#2044=DIRECTION('',(-1.,-2.42898935971829E-16,0.));
#2045=DIRECTION('',(-2.42898935971829E-16,1.,0.));
#2046=DIRECTION('',(-1.,-2.42898935971829E-16,0.));
#2047=DIRECTION('',(-2.42898935971829E-16,1.,0.));
#2048=DIRECTION('',(-1.,-2.42898935971829E-16,0.));
#2049=DIRECTION('',(-2.42898935971829E-16,1.,0.));
#2050=DIRECTION('',(-1.,-2.42898935971829E-16,0.));
#2051=DIRECTION('',(-2.42898935971829E-16,1.,0.));
#2052=DIRECTION('',(-1.,-2.42898935971829E-16,0.));
#2053=DIRECTION('',(-2.42898935971829E-16,1.,0.));
#2054=DIRECTION('',(-1.,-2.42898935971829E-16,0.));
#2055=DIRECTION('',(-2.42898935971829E-16,1.,0.));
#2056=DIRECTION('',(-1.,-2.42898935971829E-16,0.));
#2057=DIRECTION('',(-2.42898935971829E-16,1.,0.));
#2058=DIRECTION('',(-1.,-2.42898935971829E-16,0.));
#2059=DIRECTION('',(-2.42898935971829E-16,1.,0.));
#2060=DIRECTION('',(-1.,-2.42898935971829E-16,0.));
#2061=DIRECTION('',(-2.42898935971829E-16,1.,0.));
#2062=DIRECTION('',(-1.,-2.42898935971829E-16,0.));
#2063=DIRECTION('',(-2.42898935971829E-16,1.,0.));
#2064=DIRECTION('',(-1.,-2.42898935971829E-16,0.));
#2065=DIRECTION('',(-2.42898935971829E-16,1.,0.));
#2066=DIRECTION('',(-1.,-2.42898935971829E-16,0.));
#2067=DIRECTION('',(-2.42898935971829E-16,1.,0.));
#2068=DIRECTION('',(-1.,-2.42898935971829E-16,0.));
#2069=DIRECTION('',(-2.42898935971829E-16,1.,0.));
#2070=DIRECTION('',(-1.,-2.42898935971829E-16,0.));
#2071=DIRECTION('',(-2.42898935971829E-16,1.,0.));
#2072=DIRECTION('',(-1.,-2.42898935971829E-16,0.));
#2073=DIRECTION('',(-2.42898935971829E-16,1.,0.));
#2074=DIRECTION('',(-1.,-2.42898935971829E-16,0.));
#2075=DIRECTION('',(-2.42898935971829E-16,1.,0.));
#2076=DIRECTION('',(-1.,-2.42898935971829E-16,0.));
#2077=DIRECTION('',(-2.42898935971829E-16,1.,0.));
#2078=DIRECTION('',(-1.,-2.42898935971829E-16,0.));
#2079=DIRECTION('',(-2.42898935971829E-16,1.,0.));
#2080=DIRECTION('',(-1.,-2.42898935971829E-16,0.));
#2081=DIRECTION('',(-2.42898935971829E-16,1.,0.));
#2082=DIRECTION('',(-1.,-2.42898935971829E-16,0.));
#2083=DIRECTION('',(-2.42898935971829E-16,1.,0.));
#2084=DIRECTION('',(-1.,-2.42898935971829E-16,0.));
#2085=DIRECTION('',(-2.42898935971829E-16,1.,0.));
#2086=DIRECTION('',(-1.,-2.42898935971829E-16,0.));
#2087=DIRECTION('',(-2.42898935971829E-16,1.,0.));
#2088=DIRECTION('',(-1.,-2.42898935971829E-16,0.));
#2089=DIRECTION('',(-2.42898935971829E-16,1.,0.));
#2090=DIRECTION('',(-1.,-2.42898935971829E-16,0.));
#2091=DIRECTION('',(-2.42898935971829E-16,1.,0.));
#2092=DIRECTION('',(-1.,-2.42898935971829E-16,0.));
#2093=DIRECTION('',(-2.42898935971829E-16,1.,0.));
#2094=DIRECTION('',(-1.,-2.42898935971829E-16,0.));
#2095=DIRECTION('',(-2.42898935971829E-16,1.,0.));
#2096=DIRECTION('',(-1.,-2.42898935971829E-16,0.));
#2097=DIRECTION('',(-2.42898935971829E-16,1.,0.));
#2098=DIRECTION('',(-1.,-2.42898935971829E-16,0.));
#2099=DIRECTION('',(-2.42898935971829E-16,1.,0.));
#2100=DIRECTION('',(-1.,-2.42898935971829E-16,0.));
#2101=DIRECTION('',(-2.42898935971829E-16,1.,0.));
#2102=DIRECTION('',(-1.,-2.42898935971829E-16,0.));
#2103=DIRECTION('',(-2.42898935971829E-16,1.,0.));
#2104=DIRECTION('',(-1.,-2.42898935971829E-16,0.));
#2105=DIRECTION('',(-2.42898935971829E-16,1.,0.));
#2106=DIRECTION('',(-1.,-2.42898935971829E-16,0.));
#2107=DIRECTION('',(-2.42898935971829E-16,1.,0.));
#2108=DIRECTION('',(-1.,-2.42898935971829E-16,0.));
#2109=DIRECTION('',(-2.42898935971829E-16,1.,0.));
#2110=DIRECTION('',(-1.,-2.42898935971829E-16,0.));
#2111=DIRECTION('',(-2.42898935971829E-16,1.,0.));
#2112=DIRECTION('',(-1.,-2.42898935971829E-16,0.));
#2113=DIRECTION('',(2.42898935971829E-16,-1.,0.));
#2114=DIRECTION('',(1.,2.42898935971829E-16,0.));
#2115=DIRECTION('',(2.42898935971829E-16,-1.,0.));
#2116=DIRECTION('',(-0.82219219164378,0.,-0.569209978830307));
#2117=DIRECTION('',(1.,2.42898935971829E-16,0.));
#2118=DIRECTION('',(0.,0.,-1.));
#2119=DIRECTION('',(1.,2.42898935971829E-16,0.));
#2120=DIRECTION('',(0.,0.,-1.));
#2121=DIRECTION('',(1.,2.42898935971829E-16,0.));
#2122=DIRECTION('',(-2.42898935971829E-16,1.,0.));
#2123=DIRECTION('',(-1.,-2.42898935971829E-16,0.));
#2124=DIRECTION('',(0.,0.,1.));
#2125=DIRECTION('',(-2.42898935971829E-16,1.,0.));
#2126=DIRECTION('',(-1.,-2.42898935971829E-16,0.));
#2127=DIRECTION('',(-1.,-2.42898935971829E-16,0.));
#2128=DIRECTION('',(-2.42898935971829E-16,1.,0.));
#2129=DIRECTION('',(-1.,-2.42898935971829E-16,0.));
#2130=DIRECTION('',(0.,0.,-1.));
#2131=DIRECTION('',(-2.42898935971829E-16,1.,0.));
#2132=DIRECTION('',(-1.,-2.42898935971829E-16,0.));
#2133=DIRECTION('',(1.,2.42898935971829E-16,0.));
#2134=DIRECTION('',(0.,0.,1.));
#2135=DIRECTION('',(-2.42898935971829E-16,1.,0.));
#2136=DIRECTION('',(-1.,-2.42898935971829E-16,0.));
#2137=DIRECTION('',(-2.42898935971829E-16,1.,0.));
#2138=DIRECTION('',(-1.,-2.42898935971829E-16,0.));
#2139=DIRECTION('',(-2.42898935971829E-16,1.,0.));
#2140=DIRECTION('',(-1.,-2.42898935971829E-16,0.));
#2141=DIRECTION('',(-2.42898935971829E-16,1.,0.));
#2142=DIRECTION('',(-1.,-2.42898935971829E-16,0.));
#2143=DIRECTION('',(-2.42898935971829E-16,1.,0.));
#2144=DIRECTION('',(-1.,-2.42898935971829E-16,0.));
#2145=DIRECTION('',(-2.42898935971829E-16,1.,0.));
#2146=DIRECTION('',(-1.,-2.42898935971829E-16,0.));
#2147=DIRECTION('',(-2.42898935971829E-16,1.,0.));
#2148=DIRECTION('',(-1.,-2.42898935971829E-16,0.));
#2149=DIRECTION('',(-2.42898935971829E-16,1.,0.));
#2150=DIRECTION('',(-1.,-2.42898935971829E-16,0.));
#2151=DIRECTION('',(-2.42898935971829E-16,1.,0.));
#2152=DIRECTION('',(-1.,-2.42898935971829E-16,0.));
#2153=DIRECTION('',(-2.42898935971829E-16,1.,0.));
#2154=DIRECTION('',(-1.,-2.42898935971829E-16,0.));
#2155=DIRECTION('',(-2.42898935971829E-16,1.,0.));
#2156=DIRECTION('',(-1.,-2.42898935971829E-16,0.));
#2157=DIRECTION('',(-2.42898935971829E-16,1.,0.));
#2158=DIRECTION('',(-1.,-2.42898935971829E-16,0.));
#2159=DIRECTION('',(-2.42898935971829E-16,1.,0.));
#2160=DIRECTION('',(-1.,-2.42898935971829E-16,0.));
#2161=DIRECTION('',(-2.42898935971829E-16,1.,0.));
#2162=DIRECTION('',(-1.,-2.42898935971829E-16,0.));
#2163=DIRECTION('',(-2.42898935971829E-16,1.,0.));
#2164=DIRECTION('',(-1.,-2.42898935971829E-16,0.));
#2165=DIRECTION('',(-2.42898935971829E-16,1.,0.));
#2166=DIRECTION('',(-1.,-2.42898935971829E-16,0.));
#2167=DIRECTION('',(-2.42898935971829E-16,1.,0.));
#2168=DIRECTION('',(-1.,-2.42898935971829E-16,0.));
#2169=DIRECTION('',(-2.42898935971829E-16,1.,0.));
#2170=DIRECTION('',(-1.,-2.42898935971829E-16,0.));
#2171=DIRECTION('',(-2.42898935971829E-16,1.,0.));
#2172=DIRECTION('',(-1.,-2.42898935971829E-16,0.));
#2173=DIRECTION('',(-2.42898935971829E-16,1.,0.));
#2174=DIRECTION('',(-1.,-2.42898935971829E-16,0.));
#2175=DIRECTION('',(-2.42898935971829E-16,1.,0.));
#2176=DIRECTION('',(-1.,-2.42898935971829E-16,0.));
#2177=DIRECTION('',(-2.42898935971829E-16,1.,0.));
#2178=DIRECTION('',(-1.,-2.42898935971829E-16,0.));
#2179=DIRECTION('',(-2.42898935971829E-16,1.,0.));
#2180=DIRECTION('',(-1.,-2.42898935971829E-16,0.));
#2181=DIRECTION('',(-2.42898935971829E-16,1.,0.));
#2182=DIRECTION('',(-1.,-2.42898935971829E-16,0.));
#2183=DIRECTION('',(-2.42898935971829E-16,1.,0.));
#2184=DIRECTION('',(-1.,-2.42898935971829E-16,0.));
#2185=DIRECTION('',(-2.42898935971829E-16,1.,0.));
#2186=DIRECTION('',(-1.,-2.42898935971829E-16,0.));
#2187=DIRECTION('',(-2.42898935971829E-16,1.,0.));
#2188=DIRECTION('',(-1.,-2.42898935971829E-16,0.));
#2189=DIRECTION('',(-2.42898935971829E-16,1.,0.));
#2190=DIRECTION('',(-1.,-2.42898935971829E-16,0.));
#2191=DIRECTION('',(-2.42898935971829E-16,1.,0.));
#2192=DIRECTION('',(-1.,-2.42898935971829E-16,0.));
#2193=DIRECTION('',(-2.42898935971829E-16,1.,0.));
#2194=DIRECTION('',(-1.,-2.42898935971829E-16,0.));
#2195=DIRECTION('',(-2.42898935971829E-16,1.,0.));
#2196=DIRECTION('',(-1.,-2.42898935971829E-16,0.));
#2197=DIRECTION('',(-2.42898935971829E-16,1.,0.));
#2198=DIRECTION('',(-1.,-2.42898935971829E-16,0.));
#2199=DIRECTION('',(-2.42898935971829E-16,1.,0.));
#2200=DIRECTION('',(-1.,-2.42898935971829E-16,0.));
#2201=DIRECTION('',(-2.42898935971829E-16,1.,0.));
#2202=DIRECTION('',(-1.,-2.42898935971829E-16,0.));
#2203=DIRECTION('',(-2.42898935971829E-16,1.,0.));
#2204=DIRECTION('',(-1.,-2.42898935971829E-16,0.));
#2205=DIRECTION('',(-2.42898935971829E-16,1.,0.));
#2206=DIRECTION('',(-1.,-2.42898935971829E-16,0.));
#2207=DIRECTION('',(-2.42898935971829E-16,1.,0.));
#2208=DIRECTION('',(-1.,-2.42898935971829E-16,0.));
#2209=DIRECTION('',(-2.42898935971829E-16,1.,0.));
#2210=DIRECTION('',(-1.,-2.42898935971829E-16,0.));
#2211=DIRECTION('',(-2.42898935971829E-16,1.,0.));
#2212=DIRECTION('',(-1.,-2.42898935971829E-16,0.));
#2213=DIRECTION('',(-2.42898935971829E-16,1.,0.));
#2214=DIRECTION('',(-1.,-2.42898935971829E-16,0.));
#2215=DIRECTION('',(-2.42898935971829E-16,1.,0.));
#2216=DIRECTION('',(-1.,-2.42898935971829E-16,0.));
#2217=DIRECTION('',(-2.42898935971829E-16,1.,0.));
#2218=DIRECTION('',(-1.,-2.42898935971829E-16,0.));
#2219=DIRECTION('',(-2.42898935971829E-16,1.,0.));
#2220=DIRECTION('',(-1.,-2.42898935971829E-16,0.));
#2221=DIRECTION('',(-2.42898935971829E-16,1.,0.));
#2222=DIRECTION('',(-1.,-2.42898935971829E-16,0.));
#2223=DIRECTION('',(-2.42898935971829E-16,1.,0.));
#2224=DIRECTION('',(-1.,-2.42898935971829E-16,0.));
#2225=DIRECTION('',(-2.42898935971829E-16,1.,0.));
#2226=DIRECTION('',(-1.,-2.42898935971829E-16,0.));
#2227=DIRECTION('',(-2.42898935971829E-16,1.,0.));
#2228=DIRECTION('',(-1.,-2.42898935971829E-16,0.));
#2229=DIRECTION('',(-2.42898935971829E-16,1.,0.));
#2230=DIRECTION('',(-1.,-2.42898935971829E-16,0.));
#2231=DIRECTION('',(0.,0.,1.));
#2232=DIRECTION('',(1.,2.42898935971829E-16,0.));
#2233=DIRECTION('',(-2.42898935971829E-16,1.,0.));
#2234=DIRECTION('',(-2.42898935971829E-16,1.,0.));
#2235=DIRECTION('',(-7.47075742059092E-7,-1.81463902831218E-22,-0.999999999999721));
#2236=DIRECTION('',(-2.42898935971829E-16,1.,0.));
#2237=DIRECTION('',(-2.42898935971829E-16,1.,0.));
#2238=DIRECTION('',(-1.,-2.42898935971829E-16,1.06477538994899E-7));
#2239=DIRECTION('',(-2.42898935971829E-16,1.,0.));
#2240=DIRECTION('',(-1.,-2.42898935971829E-16,0.));
#2241=DIRECTION('',(0.,0.,1.));
#2242=DIRECTION('',(-2.42898935971829E-16,1.,0.));
#2243=DIRECTION('',(-1.,-2.42898935971829E-16,0.));
#2244=DIRECTION('',(0.,0.,1.));
#2245=DIRECTION('',(-2.42898935971829E-16,1.,0.));
#2246=DIRECTION('',(0.,0.,1.));
#2247=DIRECTION('',(1.,2.42898935971829E-16,0.));
#2248=DIRECTION('',(-2.42898935971829E-16,1.,0.));
#2249=DIRECTION('',(-2.42898935971829E-16,1.,0.));
#2250=DIRECTION('',(-1.06477542547599E-7,-2.58632817919995E-23,-1.));
#2251=DIRECTION('',(-2.42898935971829E-16,1.,0.));
#2252=DIRECTION('',(-2.42898935971829E-16,1.,0.));
#2253=DIRECTION('',(1.06477531889399E-7,2.58632792035496E-23,1.));
#2254=DIRECTION('',(-2.42898935971829E-16,1.,0.));
#2255=DIRECTION('',(0.,0.,-1.));
#2256=DIRECTION('',(-1.,-2.42898935971829E-16,0.));
#2257=DIRECTION('',(-2.42898935971829E-16,1.,0.));
#2258=DIRECTION('',(1.,2.42898935971829E-16,0.));
#2259=DIRECTION('',(0.,0.,-1.));
#2260=DIRECTION('',(-2.42898935971829E-16,1.,0.));
#2261=DIRECTION('',(-2.42898935971829E-16,1.,0.));
#2262=DIRECTION('',(1.,2.42898935971829E-16,-1.06477535442099E-7));
#2263=DIRECTION('',(-2.42898935971829E-16,1.,0.));
#2264=DIRECTION('',(-1.2918958832E-14,-3.13079171759589E-30,-1.));
#2265=DIRECTION('',(-2.42898935971829E-16,1.,0.));
#2266=DIRECTION('',(-2.42898935971829E-16,1.,0.));
#2267=DIRECTION('',(0.,0.,-1.));
#2268=DIRECTION('',(-2.42898935971829E-16,1.,0.));
#2269=DIRECTION('',(-2.42898935971829E-16,1.,0.));
#2270=DIRECTION('',(0.,0.,-1.));
#2271=DIRECTION('',(-2.42898935971829E-16,1.,0.));
#2272=DIRECTION('',(-2.42898935971829E-16,1.,0.));
#2273=DIRECTION('',(0.,0.,-1.));
#2274=DIRECTION('',(-2.42898935971829E-16,1.,0.));
#2275=DIRECTION('',(-2.42898935971829E-16,1.,0.));
#2276=DIRECTION('',(0.,0.,-1.));
#2277=DIRECTION('',(-2.42898935971829E-16,1.,0.));
#2278=DIRECTION('',(-2.42898935971829E-16,1.,0.));
#2279=DIRECTION('',(0.,0.,-1.));
#2280=DIRECTION('',(-2.42898935971829E-16,1.,0.));
#2281=DIRECTION('',(-2.42898935971829E-16,1.,0.));
#2282=DIRECTION('',(0.,0.,-1.));
#2283=DIRECTION('',(-2.42898935971829E-16,1.,0.));
#2284=DIRECTION('',(-2.42898935971829E-16,1.,0.));
#2285=DIRECTION('',(0.,0.,-1.));
#2286=DIRECTION('',(-2.42898935971829E-16,1.,0.));
#2287=DIRECTION('',(-2.42898935971829E-16,1.,0.));
#2288=DIRECTION('',(0.,0.,-1.));
#2289=DIRECTION('',(-2.42898935971829E-16,1.,0.));
#2290=DIRECTION('',(-2.42898935971829E-16,1.,0.));
#2291=DIRECTION('',(0.,0.,-1.));
#2292=DIRECTION('',(-2.42898935971829E-16,1.,0.));
#2293=DIRECTION('',(-2.42898935971829E-16,1.,0.));
#2294=DIRECTION('',(0.,0.,-1.));
#2295=DIRECTION('',(-2.42898935971829E-16,1.,0.));
#2296=DIRECTION('',(-2.42898935971829E-16,1.,0.));
#2297=DIRECTION('',(-3.197042680585E-14,-7.76534953576933E-30,-1.));
#2298=DIRECTION('',(-2.42898935971829E-16,1.,0.));
#2299=DIRECTION('',(-2.42898935971829E-16,1.,0.));
#2300=DIRECTION('',(0.,0.,-1.));
#2301=DIRECTION('',(-2.42898935971829E-16,1.,0.));
#2302=DIRECTION('',(-2.42898935971829E-16,1.,0.));
#2303=DIRECTION('',(0.,0.,-1.));
#2304=DIRECTION('',(-2.42898935971829E-16,1.,0.));
#2305=DIRECTION('',(-2.42898935971829E-16,1.,0.));
#2306=DIRECTION('',(3.197042680585E-14,7.76534953576933E-30,-1.));
#2307=DIRECTION('',(-2.42898935971829E-16,1.,0.));
#2308=DIRECTION('',(-2.42898935971829E-16,1.,0.));
#2309=DIRECTION('',(-3.197042680585E-14,-7.76534953576933E-30,-1.));
#2310=DIRECTION('',(-2.42898935971829E-16,1.,0.));
#2311=DIRECTION('',(-2.42898935971829E-16,1.,0.));
#2312=DIRECTION('',(0.,0.,-1.));
#2313=DIRECTION('',(-2.42898935971829E-16,1.,0.));
#2314=DIRECTION('',(-2.42898935971829E-16,1.,0.));
#2315=DIRECTION('',(0.,0.,-1.));
#2316=DIRECTION('',(-2.42898935971829E-16,1.,0.));
#2317=DIRECTION('',(-2.42898935971829E-16,1.,0.));
#2318=DIRECTION('',(0.,0.,-1.));
#2319=DIRECTION('',(-2.42898935971829E-16,1.,0.));
#2320=DIRECTION('',(-2.42898935971829E-16,1.,0.));
#2321=DIRECTION('',(-3.552713678801E-14,-8.62816615085482E-30,-1.));
#2322=DIRECTION('',(-2.42898935971829E-16,1.,0.));
#2323=DIRECTION('',(-2.42898935971829E-16,1.,0.));
#2324=DIRECTION('',(0.,0.,-1.));
#2325=DIRECTION('',(-2.42898935971829E-16,1.,0.));
#2326=DIRECTION('',(-2.42898935971829E-16,1.,0.));
#2327=DIRECTION('',(0.,0.,-1.));
#2328=DIRECTION('',(-2.42898935971829E-16,1.,0.));
#2329=DIRECTION('',(-2.42898935971829E-16,1.,0.));
#2330=DIRECTION('',(0.,0.,-1.));
#2331=DIRECTION('',(-2.42898935971829E-16,1.,0.));
#2332=DIRECTION('',(-2.42898935971829E-16,1.,0.));
#2333=DIRECTION('',(-3.197042680585E-14,-7.76534953576933E-30,-1.));
#2334=DIRECTION('',(-2.42898935971829E-16,1.,0.));
#2335=DIRECTION('',(-2.42898935971829E-16,1.,0.));
#2336=DIRECTION('',(0.,0.,-1.));
#2337=DIRECTION('',(-2.42898935971829E-16,1.,0.));
#2338=DIRECTION('',(-2.42898935971829E-16,1.,0.));
#2339=DIRECTION('',(3.197042680585E-14,7.76534953576933E-30,-1.));
#2340=DIRECTION('',(-2.42898935971829E-16,1.,0.));
#2341=DIRECTION('',(-2.42898935971829E-16,1.,0.));
#2342=DIRECTION('',(-3.197042680585E-14,-7.76534953576933E-30,-1.));
#2343=DIRECTION('',(-2.42898935971829E-16,1.,0.));
#2344=DIRECTION('',(-2.42898935971829E-16,1.,0.));
#2345=DIRECTION('',(0.,0.,-1.));
#2346=DIRECTION('',(-2.42898935971829E-16,1.,0.));
#2347=DIRECTION('',(-2.42898935971829E-16,1.,0.));
#2348=DIRECTION('',(0.,0.,-1.));
#2349=DIRECTION('',(-2.42898935971829E-16,1.,0.));
#2350=DIRECTION('',(-1.,-2.42898935971829E-16,0.));
#2351=DIRECTION('',(-2.42898935971829E-16,1.,0.));
#2352=DIRECTION('',(-1.2918958832E-14,-3.13079171759589E-30,-1.));
#2353=DIRECTION('',(-2.42898935971829E-16,1.,0.));
#2354=DIRECTION('',(-2.42898935971829E-16,1.,0.));
#2355=DIRECTION('',(0.,0.,-1.));
#2356=DIRECTION('',(-2.42898935971829E-16,1.,0.));
#2357=DIRECTION('',(-1.,-2.42898935971829E-16,0.));
#2358=DIRECTION('',(-2.42898935971829E-16,1.,0.));
#2359=DIRECTION('',(0.,0.,-1.));
#2360=DIRECTION('',(-2.42898935971829E-16,1.,0.));
#2361=DIRECTION('',(-1.,-2.42898935971829E-16,0.));
#2362=DIRECTION('',(-2.42898935971829E-16,1.,0.));
#2363=DIRECTION('',(0.,0.,-1.));
#2364=DIRECTION('',(-2.42898935971829E-16,1.,0.));
#2365=DIRECTION('',(-2.42898935971829E-16,1.,0.));
#2366=DIRECTION('',(0.,0.,-1.));
#2367=DIRECTION('',(-2.42898935971829E-16,1.,0.));
#2368=DIRECTION('',(-2.42898935971829E-16,1.,0.));
#2369=DIRECTION('',(0.,0.,-1.));
#2370=DIRECTION('',(-2.42898935971829E-16,1.,0.));
#2371=DIRECTION('',(-2.42898935971829E-16,1.,0.));
#2372=DIRECTION('',(0.,0.,-1.));
#2373=DIRECTION('',(-2.42898935971829E-16,1.,0.));
#2374=DIRECTION('',(-1.,-2.42898935971829E-16,0.));
#2375=DIRECTION('',(-2.42898935971829E-16,1.,0.));
#2376=DIRECTION('',(0.,0.,-1.));
#2377=DIRECTION('',(-2.42898935971829E-16,1.,0.));
#2378=DIRECTION('',(-1.,-2.42898935971829E-16,0.));
#2379=DIRECTION('',(-2.42898935971829E-16,1.,0.));
#2380=DIRECTION('',(0.,0.,-1.));
#2381=DIRECTION('',(-2.42898935971829E-16,1.,0.));
#2382=DIRECTION('',(-1.,-2.42898935971829E-16,0.));
#2383=DIRECTION('',(-2.42898935971829E-16,1.,0.));
#2384=DIRECTION('',(0.,0.,-1.));
#2385=DIRECTION('',(-2.42898935971829E-16,1.,0.));
#2386=DIRECTION('',(-2.42898935971829E-16,1.,0.));
#2387=DIRECTION('',(0.,0.,-1.));
#2388=DIRECTION('',(-2.42898935971829E-16,1.,0.));
#2389=DIRECTION('',(-2.42898935971829E-16,1.,0.));
#2390=DIRECTION('',(0.,0.,-1.));
#2391=DIRECTION('',(-2.42898935971829E-16,1.,0.));
#2392=DIRECTION('',(-1.,-2.42898935971829E-16,0.));
#2393=DIRECTION('',(-2.42898935971829E-16,1.,0.));
#2394=DIRECTION('',(0.,0.,-1.));
#2395=DIRECTION('',(-2.42898935971829E-16,1.,0.));
#2396=DIRECTION('',(-1.,-2.42898935971829E-16,0.));
#2397=DIRECTION('',(-2.42898935971829E-16,1.,0.));
#2398=DIRECTION('',(0.,0.,-1.));
#2399=DIRECTION('',(-2.42898935971829E-16,1.,0.));
#2400=DIRECTION('',(-2.42898935971829E-16,1.,0.));
#2401=DIRECTION('',(-3.552713678801E-14,-8.62816615085482E-30,-1.));
#2402=DIRECTION('',(-2.42898935971829E-16,1.,0.));
#2403=DIRECTION('',(-2.42898935971829E-16,1.,0.));
#2404=DIRECTION('',(-3.552713678801E-14,-8.62816615085482E-30,-1.));
#2405=DIRECTION('',(-2.42898935971829E-16,1.,0.));
#2406=DIRECTION('',(-2.42898935971829E-16,1.,0.));
#2407=DIRECTION('',(0.,0.,-1.));
#2408=DIRECTION('',(-2.42898935971829E-16,1.,0.));
#2409=DIRECTION('',(-2.42898935971829E-16,1.,0.));
#2410=DIRECTION('',(0.,0.,-1.));
#2411=DIRECTION('',(-2.42898935971829E-16,1.,0.));
#2412=DIRECTION('',(-2.42898935971829E-16,1.,0.));
#2413=DIRECTION('',(0.,0.,-1.));
#2414=DIRECTION('',(-2.42898935971829E-16,1.,0.));
#2415=DIRECTION('',(-2.42898935971829E-16,1.,0.));
#2416=DIRECTION('',(0.,0.,-1.));
#2417=DIRECTION('',(-2.42898935971829E-16,1.,0.));
#2418=DIRECTION('',(-2.42898935971829E-16,1.,0.));
#2419=DIRECTION('',(-3.552713678801E-14,-8.62816615085482E-30,-1.));
#2420=DIRECTION('',(-2.42898935971829E-16,1.,0.));
#2421=DIRECTION('',(-2.42898935971829E-16,1.,0.));
#2422=DIRECTION('',(0.,0.,-1.));
#2423=DIRECTION('',(-2.42898935971829E-16,1.,0.));
#2424=DIRECTION('',(-2.42898935971829E-16,1.,0.));
#2425=DIRECTION('',(0.,0.,-1.));
#2426=DIRECTION('',(-2.42898935971829E-16,1.,0.));
#2427=DIRECTION('',(-2.42898935971829E-16,1.,0.));
#2428=DIRECTION('',(0.,0.,-1.));
#2429=DIRECTION('',(-2.42898935971829E-16,1.,0.));
#2430=DIRECTION('',(-2.42898935971829E-16,1.,0.));
#2431=DIRECTION('',(0.,0.,-1.));
#2432=DIRECTION('',(-2.42898935971829E-16,1.,0.));
#2433=DIRECTION('',(-2.42898935971829E-16,1.,0.));
#2434=DIRECTION('',(0.,0.,-1.));
#2435=DIRECTION('',(-2.42898935971829E-16,1.,0.));
#2436=DIRECTION('',(0.,0.,1.));
#2437=DIRECTION('',(1.,0.,0.));
#2438=DIRECTION('',(-2.42898935971829E-16,1.,0.));
#2439=DIRECTION('',(1.,2.42898935971829E-16,0.));
#2440=DIRECTION('',(-2.42898935971829E-16,1.,0.));
#2441=DIRECTION('',(1.,2.42898935971829E-16,0.));
#2442=DIRECTION('',(-2.42898935971829E-16,1.,0.));
#2443=DIRECTION('',(-2.42898935971829E-16,1.,0.));
#2444=DIRECTION('',(0.,0.,-1.));
#2445=DIRECTION('',(0.,0.,1.));
#2446=DIRECTION('',(1.,0.,0.));
#2447=DIRECTION('',(-2.42898935971829E-16,1.,0.));
#2448=DIRECTION('',(1.,2.42898935971829E-16,0.));
#2449=DIRECTION('',(1.,2.42898935971829E-16,0.));
#2450=DIRECTION('',(-2.42898935971829E-16,1.,0.));
#2451=DIRECTION('',(0.,0.,-1.));
#2452=DIRECTION('',(2.42898935971829E-16,-1.,0.));
#2453=DIRECTION('',(1.,2.42898935971829E-16,0.));
#2454=DIRECTION('',(0.,0.,-1.));
#2455=DIRECTION('',(1.,2.42898935971829E-16,0.));
#2456=DIRECTION('',(0.,0.,-1.));
#2457=DIRECTION('',(1.,2.42898935971829E-16,0.));
#2458=DIRECTION('',(1.,2.42898935971829E-16,0.));
#2459=DIRECTION('',(-2.42898935971829E-16,1.,0.));
#2460=DIRECTION('',(-2.42898935971829E-16,1.,0.));
#2461=DIRECTION('',(0.,0.,-1.));
#2462=DIRECTION('',(-2.42898935971829E-16,1.,0.));
#2463=DIRECTION('',(0.,0.,1.));
#2464=DIRECTION('',(1.,0.,0.));
#2465=DIRECTION('',(-2.42898935971829E-16,1.,0.));
#2466=DIRECTION('',(1.,2.42898935971829E-16,0.));
#2467=DIRECTION('',(1.,2.42898935971829E-16,0.));
#2468=DIRECTION('',(-2.42898935971829E-16,1.,0.));
#2469=DIRECTION('',(-2.42898935971829E-16,1.,0.));
#2470=DIRECTION('',(0.,0.,-1.));
#2471=DIRECTION('',(0.,0.,1.));
#2472=DIRECTION('',(1.,0.,0.));
#2473=DIRECTION('',(1.,2.42898935971829E-16,0.));
#2474=DIRECTION('',(2.42898935971829E-16,-1.,0.));
#2475=DIRECTION('',(1.,2.42898935971829E-16,0.));
#2476=DIRECTION('',(-2.42898935971829E-16,1.,0.));
#2477=DIRECTION('',(-1.,-2.42898935971829E-16,0.));
#2478=DIRECTION('',(2.42898935971829E-16,-1.,0.));
#2479=DIRECTION('',(-0.82219219164378,0.,-0.569209978830307));
#2480=DIRECTION('',(2.42898935971829E-16,-1.,0.));
#2481=DIRECTION('',(1.,2.42898935971829E-16,0.));
#2482=CARTESIAN_POINT('',(0.,0.,0.));
#2483=CARTESIAN_POINT('',(-0.00904382482323129,-0.0150886782508162,0.06855999850585));
#2484=CARTESIAN_POINT('',(-0.0110438233290813,-0.0150886782508162,0.06856));
#2485=CARTESIAN_POINT('',(-0.0110438233290813,-0.0150886782508162,0.0685599992529252));
#2486=CARTESIAN_POINT('',(-0.0110438233290813,-0.0165986782508162,0.0685599992529252));
#2487=CARTESIAN_POINT('',(-0.00904382482323129,-0.0165986782508162,0.06855999850585));
#2488=CARTESIAN_POINT('',(-0.0090438240761563,-0.0165986782508162,0.06656));
#2489=CARTESIAN_POINT('',(-0.0090438233290813,-0.0150886782508162,0.06656));
#2490=CARTESIAN_POINT('',(-0.0090438240761563,-0.0150886782508162,0.06656));
#2491=CARTESIAN_POINT('',(-0.00904382482323129,-0.0150886782508162,0.06855999850585));
#2492=CARTESIAN_POINT('',(-0.0110438233290813,-0.0150886782508162,0.0691));
#2493=CARTESIAN_POINT('',(-0.0110438233290813,-0.0150886782508162,0.0691));
#2494=CARTESIAN_POINT('',(-0.0110438233290813,-0.0150886782508162,0.0691));
#2495=CARTESIAN_POINT('',(-0.0110438233290813,-0.0165986782508162,0.0691));
#2496=CARTESIAN_POINT('',(-0.0110438233290813,-0.0165986782508162,0.0691));
#2497=CARTESIAN_POINT('',(-0.0110438233290813,-0.0150886782508162,0.09006));
#2498=CARTESIAN_POINT('',(-0.0090438233290813,-0.0150886782508162,0.06656));
#2499=CARTESIAN_POINT('',(-0.0090438233290813,-0.0165986782508162,0.06656));
#2500=CARTESIAN_POINT('',(-0.0060842225820065,-0.0165986782508162,0.06656));
#2501=CARTESIAN_POINT('',(-0.0060842233290813,-0.0150886782508162,0.06656));
#2502=CARTESIAN_POINT('',(-0.0060842225820065,-0.0150886782508162,0.06656));
#2503=CARTESIAN_POINT('',(-0.123378223329081,-0.0150886782508162,0.06656));
#2504=CARTESIAN_POINT('',(-0.123378223329081,-0.0150886782508162,0.09006));
#2505=CARTESIAN_POINT('',(-0.00608422183493131,-0.0150886782508162,0.06855999850585));
#2506=CARTESIAN_POINT('',(-0.0040842233290813,-0.0150886782508162,0.068559999252925));
#2507=CARTESIAN_POINT('',(-0.0040842233290813,-0.0150886782508162,0.09006));
#2508=CARTESIAN_POINT('',(-0.0040842233290813,-0.0150886782508162,0.0691));
#2509=CARTESIAN_POINT('',(-0.123378223329081,-0.0150886782508162,0.0691));
#2510=CARTESIAN_POINT('',(-0.000946823542036304,-0.0150886782508162,0.0691));
#2511=CARTESIAN_POINT('',(-0.000946823754991305,-0.0150886782508162,0.06509999957409));
#2512=CARTESIAN_POINT('',(0.0030531766709187,-0.0150886782508162,0.065099999787045));
#2513=CARTESIAN_POINT('',(0.0030531766709187,-0.0150886782508162,0.09006));
#2514=CARTESIAN_POINT('',(0.0030531766709187,-0.0150886782508162,0.00680600021295491));
#2515=CARTESIAN_POINT('',(-0.000946823754991305,-0.0150886782508162,0.00680600042591001));
#2516=CARTESIAN_POINT('',(-0.000946823542036304,-0.0150886782508162,0.002806));
#2517=CARTESIAN_POINT('',(-0.123378223329081,-0.0150886782508162,0.002806));
#2518=CARTESIAN_POINT('',(-0.0490808231161264,-0.0150886782508162,0.002806));
#2519=CARTESIAN_POINT('',(-0.0490808229031713,-0.0150886782508162,0.00680600042591001));
#2520=CARTESIAN_POINT('',(-0.0530808233290813,-0.0150886782508162,0.00680600021295501));
#2521=CARTESIAN_POINT('',(-0.0530808233290813,-0.0150886782508162,0.09006));
#2522=CARTESIAN_POINT('',(-0.0530808233290813,-0.0150886782508162,0.0650999997870451));
#2523=CARTESIAN_POINT('',(-0.0490808229031713,-0.0150886782508162,0.06509999957409));
#2524=CARTESIAN_POINT('',(-0.0490808231161263,-0.0150886782508162,0.0691));
#2525=CARTESIAN_POINT('',(-0.123378223329081,-0.0150886782508162,0.0691));
#2526=CARTESIAN_POINT('',(-0.0490808233290813,-0.0150886782508162,0.006806));
#2527=CARTESIAN_POINT('',(-0.0490808233290813,-0.0150886782508162,0.005706));
#2528=CARTESIAN_POINT('',(-0.0507924233290813,-0.0150886782508162,0.0118188));
#2529=CARTESIAN_POINT('',(-0.0507924233290813,-0.0150886782508162,0.0112688));
#2530=CARTESIAN_POINT('',(-0.0442924233290813,-0.0150886782508162,0.0118188));
#2531=CARTESIAN_POINT('',(-0.0442924233290813,-0.0150886782508162,0.0112688));
#2532=CARTESIAN_POINT('',(-0.0507924233290813,-0.0150886782508162,0.0163188));
#2533=CARTESIAN_POINT('',(-0.0507924233290813,-0.0150886782508162,0.0157688));
#2534=CARTESIAN_POINT('',(-0.0442924233290813,-0.0150886782508162,0.0163188));
#2535=CARTESIAN_POINT('',(-0.0442924233290813,-0.0150886782508162,0.0157688));
#2536=CARTESIAN_POINT('',(-0.0300684233290813,-0.0150886782508162,0.0118188));
#2537=CARTESIAN_POINT('',(-0.0300684233290813,-0.0150886782508162,0.0112688));
#2538=CARTESIAN_POINT('',(-0.0300684233290813,-0.0150886782508162,0.0163188));
#2539=CARTESIAN_POINT('',(-0.0300684233290813,-0.0150886782508162,0.0157688));
#2540=CARTESIAN_POINT('',(-0.0235684233290813,-0.0150886782508162,0.0118188));
#2541=CARTESIAN_POINT('',(-0.0235684233290813,-0.0150886782508162,0.0112688));
#2542=CARTESIAN_POINT('',(-0.0151840233290813,-0.0150886782508162,0.0115436));
#2543=CARTESIAN_POINT('',(-0.0151840233290813,-0.0150886782508162,0.0110991));
#2544=CARTESIAN_POINT('',(-0.0126440233290813,-0.0150886782508162,0.0115436));
#2545=CARTESIAN_POINT('',(-0.0126440233290813,-0.0150886782508162,0.0110991));
#2546=CARTESIAN_POINT('',(-0.0235684233290813,-0.0150886782508162,0.0163188));
#2547=CARTESIAN_POINT('',(-0.0235684233290813,-0.0150886782508162,0.0157688));
#2548=CARTESIAN_POINT('',(-0.0101040233290813,-0.0150886782508162,0.0115436));
#2549=CARTESIAN_POINT('',(-0.0101040233290813,-0.0150886782508162,0.0110991));
#2550=CARTESIAN_POINT('',(-0.00756402332908129,-0.0150886782508162,0.0115436));
#2551=CARTESIAN_POINT('',(-0.00756402332908129,-0.0150886782508162,0.0110991));
#2552=CARTESIAN_POINT('',(-0.000946823329081303,-0.0150886782508162,0.006806));
#2553=CARTESIAN_POINT('',(-0.000946823329081303,-0.0150886782508162,0.005706));
#2554=CARTESIAN_POINT('',(-0.00502402332908129,-0.0150886782508162,0.0115436));
#2555=CARTESIAN_POINT('',(-0.00502402332908129,-0.0150886782508162,0.0110991));
#2556=CARTESIAN_POINT('',(-0.00248402332908131,-0.0150886782508162,0.0115436));
#2557=CARTESIAN_POINT('',(-0.00248402332908131,-0.0150886782508162,0.0110991));
#2558=CARTESIAN_POINT('',(5.59766709186951E-5,-0.0150886782508162,0.0115436));
#2559=CARTESIAN_POINT('',(5.59766709186951E-5,-0.0150886782508162,0.0110991));
#2560=CARTESIAN_POINT('',(-0.0151840233290813,-0.0150886782508162,0.0267836));
#2561=CARTESIAN_POINT('',(-0.0151840233290813,-0.0150886782508162,0.0263391));
#2562=CARTESIAN_POINT('',(-0.0126440233290813,-0.0150886782508162,0.0267836));
#2563=CARTESIAN_POINT('',(-0.0126440233290813,-0.0150886782508162,0.0263391));
#2564=CARTESIAN_POINT('',(-0.0186638233290813,-0.0150886782508162,0.0301618));
#2565=CARTESIAN_POINT('',(-0.0186638233290813,-0.0150886782508162,0.0297618));
#2566=CARTESIAN_POINT('',(-0.0152445233290813,-0.0150886782508162,0.0304412));
#2567=CARTESIAN_POINT('',(-0.0152445233290813,-0.0150886782508162,0.0299412));
#2568=CARTESIAN_POINT('',(-0.0152445233290813,-0.0150886782508162,0.0329812));
#2569=CARTESIAN_POINT('',(-0.0152445233290813,-0.0150886782508162,0.0324812));
#2570=CARTESIAN_POINT('',(-0.0152445233290813,-0.0150886782508162,0.0355212));
#2571=CARTESIAN_POINT('',(-0.0152445233290813,-0.0150886782508162,0.0350212));
#2572=CARTESIAN_POINT('',(-0.0101040233290813,-0.0150886782508162,0.0267836));
#2573=CARTESIAN_POINT('',(-0.0101040233290813,-0.0150886782508162,0.0263391));
#2574=CARTESIAN_POINT('',(-0.00756402332908129,-0.0150886782508162,0.0267836));
#2575=CARTESIAN_POINT('',(-0.00756402332908129,-0.0150886782508162,0.0263391));
#2576=CARTESIAN_POINT('',(-0.00502402332908129,-0.0150886782508162,0.0267836));
#2577=CARTESIAN_POINT('',(-0.00502402332908129,-0.0150886782508162,0.0263391));
#2578=CARTESIAN_POINT('',(-0.00248402332908131,-0.0150886782508162,0.0267836));
#2579=CARTESIAN_POINT('',(-0.00248402332908131,-0.0150886782508162,0.0263391));
#2580=CARTESIAN_POINT('',(5.59766709186951E-5,-0.0150886782508162,0.0267836));
#2581=CARTESIAN_POINT('',(5.59766709186951E-5,-0.0150886782508162,0.0263391));
#2582=CARTESIAN_POINT('',(-0.0458164233290813,-0.0150886782508162,0.0594988));
#2583=CARTESIAN_POINT('',(-0.0463164233290813,-0.0150886782508162,0.0594988));
#2584=CARTESIAN_POINT('',(-0.0490808233290813,-0.0150886782508162,0.0651));
#2585=CARTESIAN_POINT('',(-0.0490808233290813,-0.0150886782508162,0.064));
#2586=CARTESIAN_POINT('',(-0.0432764233290813,-0.0150886782508162,0.0594988));
#2587=CARTESIAN_POINT('',(-0.0437764233290813,-0.0150886782508162,0.0594988));
#2588=CARTESIAN_POINT('',(-0.0407364233290813,-0.0150886782508162,0.0594988));
#2589=CARTESIAN_POINT('',(-0.0412364233290813,-0.0150886782508162,0.0594988));
#2590=CARTESIAN_POINT('',(-0.0444660233290813,-0.0150886782508162,0.0661536));
#2591=CARTESIAN_POINT('',(-0.0444660233290813,-0.0150886782508162,0.0654036));
#2592=CARTESIAN_POINT('',(-0.0423660233290813,-0.0150886782508162,0.0661536));
#2593=CARTESIAN_POINT('',(-0.0423660233290813,-0.0150886782508162,0.0657036));
#2594=CARTESIAN_POINT('',(-0.0403660233290813,-0.0150886782508162,0.0661536));
#2595=CARTESIAN_POINT('',(-0.0403660233290813,-0.0150886782508162,0.0657036));
#2596=CARTESIAN_POINT('',(-0.0381964233290813,-0.0150886782508162,0.0594988));
#2597=CARTESIAN_POINT('',(-0.0386964233290813,-0.0150886782508162,0.0594988));
#2598=CARTESIAN_POINT('',(-0.0356564233290813,-0.0150886782508162,0.0594988));
#2599=CARTESIAN_POINT('',(-0.0361564233290813,-0.0150886782508162,0.0594988));
#2600=CARTESIAN_POINT('',(-0.0331164233290813,-0.0150886782508162,0.0594988));
#2601=CARTESIAN_POINT('',(-0.0336164233290813,-0.0150886782508162,0.0594988));
#2602=CARTESIAN_POINT('',(-0.0383660233290813,-0.0150886782508162,0.0661536));
#2603=CARTESIAN_POINT('',(-0.0383660233290813,-0.0150886782508162,0.0657036));
#2604=CARTESIAN_POINT('',(-0.0362660233290813,-0.0150886782508162,0.0661536));
#2605=CARTESIAN_POINT('',(-0.0362660233290813,-0.0150886782508162,0.0654036));
#2606=CARTESIAN_POINT('',(-0.0305764233290813,-0.0150886782508162,0.0594988));
#2607=CARTESIAN_POINT('',(-0.0310764233290813,-0.0150886782508162,0.0594988));
#2608=CARTESIAN_POINT('',(-0.0280364233290813,-0.0150886782508162,0.0594988));
#2609=CARTESIAN_POINT('',(-0.0285364233290813,-0.0150886782508162,0.0594988));
#2610=CARTESIAN_POINT('',(-0.0152445233290813,-0.0150886782508162,0.0380612));
#2611=CARTESIAN_POINT('',(-0.0152445233290813,-0.0150886782508162,0.0375612));
#2612=CARTESIAN_POINT('',(-0.0186638233290813,-0.0150886782508162,0.0403218));
#2613=CARTESIAN_POINT('',(-0.0186638233290813,-0.0150886782508162,0.0399218));
#2614=CARTESIAN_POINT('',(-0.0186638233290813,-0.0150886782508162,0.0429634));
#2615=CARTESIAN_POINT('',(-0.0186638233290813,-0.0150886782508162,0.0425634));
#2616=CARTESIAN_POINT('',(-0.0142032233290813,-0.0150886782508162,0.04156));
#2617=CARTESIAN_POINT('',(-0.0142032233290813,-0.0150886782508162,0.04106));
#2618=CARTESIAN_POINT('',(-0.0142032233290813,-0.0150886782508162,0.0441));
#2619=CARTESIAN_POINT('',(-0.0142032233290813,-0.0150886782508162,0.0436));
#2620=CARTESIAN_POINT('',(-0.0142032233290813,-0.0150886782508162,0.04664));
#2621=CARTESIAN_POINT('',(-0.0142032233290813,-0.0150886782508162,0.04614));
#2622=CARTESIAN_POINT('',(-0.0142032233290813,-0.0150886782508162,0.04918));
#2623=CARTESIAN_POINT('',(-0.0142032233290813,-0.0150886782508162,0.04868));
#2624=CARTESIAN_POINT('',(-0.0186638233290813,-0.0150886782508162,0.0531234));
#2625=CARTESIAN_POINT('',(-0.0186638233290813,-0.0150886782508162,0.0527234));
#2626=CARTESIAN_POINT('',(-0.0142032233290813,-0.0150886782508162,0.05172));
#2627=CARTESIAN_POINT('',(-0.0142032233290813,-0.0150886782508162,0.05122));
#2628=CARTESIAN_POINT('',(-0.0142032233290813,-0.0150886782508162,0.05426));
#2629=CARTESIAN_POINT('',(-0.0142032233290813,-0.0150886782508162,0.05376));
#2630=CARTESIAN_POINT('',(-0.00854802332908131,-0.0150886782508162,0.058813));
#2631=CARTESIAN_POINT('',(-0.00854802332908131,-0.0150886782508162,0.058438));
#2632=CARTESIAN_POINT('',(-0.0065480233290813,-0.0150886782508162,0.058813));
#2633=CARTESIAN_POINT('',(-0.0065480233290813,-0.0150886782508162,0.058438));
#2634=CARTESIAN_POINT('',(-0.000946823329081303,-0.0150886782508162,0.0651));
#2635=CARTESIAN_POINT('',(-0.000946823329081303,-0.0150886782508162,0.064));
#2636=CARTESIAN_POINT('',(-0.123378223329081,-0.0165986782508162,0.09006));
#2637=CARTESIAN_POINT('',(-0.0268184233290813,-0.0165986782508162,0.0140688));
#2638=CARTESIAN_POINT('',(-0.0280780217666796,-0.0165986782508162,0.013196770312432));
#2639=CARTESIAN_POINT('',(-0.0366392276271786,-0.0165986782508162,0.0614718));
#2640=CARTESIAN_POINT('',(-0.0526392276271787,-0.0165986782508162,0.0614718));
#2641=CARTESIAN_POINT('',(-0.0206392276271786,-0.0165986782508162,0.0614718));
#2642=CARTESIAN_POINT('',(-0.0206392276271786,-0.0165986782508162,0.0396118));
#2643=CARTESIAN_POINT('',(-0.0206392276271786,-0.0165986782508162,0.0177518));
#2644=CARTESIAN_POINT('',(-0.0366392276271786,-0.0165986782508162,0.0177518));
#2645=CARTESIAN_POINT('',(-0.0526392276271787,-0.0165986782508162,0.0177518));
#2646=CARTESIAN_POINT('',(-0.0526392276271787,-0.0165986782508162,0.0396118));
#2647=CARTESIAN_POINT('',(-0.0490808233290813,-0.0165986782508162,0.0691));
#2648=CARTESIAN_POINT('',(-0.0490808231161263,-0.0165986782508162,0.0691));
#2649=CARTESIAN_POINT('',(-0.0490808229031713,-0.0165986782508162,0.06509999957409));
#2650=CARTESIAN_POINT('',(-0.0530808233290813,-0.0165986782508162,0.0650999997870451));
#2651=CARTESIAN_POINT('',(-0.0530808233290813,-0.0165986782508162,0.006806));
#2652=CARTESIAN_POINT('',(-0.0530808233290813,-0.0165986782508162,0.00680600021295501));
#2653=CARTESIAN_POINT('',(-0.0490808229031713,-0.0165986782508162,0.00680600042591001));
#2654=CARTESIAN_POINT('',(-0.0490808231161264,-0.0165986782508162,0.002806));
#2655=CARTESIAN_POINT('',(-0.000946823329081303,-0.0165986782508162,0.002806));
#2656=CARTESIAN_POINT('',(-0.000946823542036304,-0.0165986782508162,0.002806));
#2657=CARTESIAN_POINT('',(-0.000946823754991305,-0.0165986782508162,0.00680600042591001));
#2658=CARTESIAN_POINT('',(0.0030531766709187,-0.0165986782508162,0.00680600021295491));
#2659=CARTESIAN_POINT('',(0.0030531766709187,-0.0165986782508162,0.0651));
#2660=CARTESIAN_POINT('',(0.0030531766709187,-0.0165986782508162,0.065099999787045));
#2661=CARTESIAN_POINT('',(-0.000946823754991305,-0.0165986782508162,0.06509999957409));
#2662=CARTESIAN_POINT('',(-0.000946823542036304,-0.0165986782508162,0.0691));
#2663=CARTESIAN_POINT('',(-0.0040842233290813,-0.0165986782508162,0.0691));
#2664=CARTESIAN_POINT('',(-0.0040842233290813,-0.0165986782508162,0.0691));
#2665=CARTESIAN_POINT('',(-0.0040842233290813,-0.0165986782508162,0.06856));
#2666=CARTESIAN_POINT('',(-0.0040842233290813,-0.0165986782508162,0.068559999252925));
#2667=CARTESIAN_POINT('',(-0.00608422183493131,-0.0165986782508162,0.06855999850585));
#2668=CARTESIAN_POINT('',(-0.0490808233290813,-0.0165986782508162,0.006806));
#2669=CARTESIAN_POINT('',(-0.0490808233290813,-0.0165986782508162,0.005706));
#2670=CARTESIAN_POINT('',(-0.0507924233290813,-0.0165986782508162,0.0118188));
#2671=CARTESIAN_POINT('',(-0.0507924233290813,-0.0165986782508162,0.0112688));
#2672=CARTESIAN_POINT('',(-0.0442924233290813,-0.0165986782508162,0.0118188));
#2673=CARTESIAN_POINT('',(-0.0442924233290813,-0.0165986782508162,0.0112688));
#2674=CARTESIAN_POINT('',(-0.0507924233290813,-0.0165986782508162,0.0163188));
#2675=CARTESIAN_POINT('',(-0.0507924233290813,-0.0165986782508162,0.0157688));
#2676=CARTESIAN_POINT('',(-0.0442924233290813,-0.0165986782508162,0.0163188));
#2677=CARTESIAN_POINT('',(-0.0442924233290813,-0.0165986782508162,0.0157688));
#2678=CARTESIAN_POINT('',(-0.0300684233290813,-0.0165986782508162,0.0118188));
#2679=CARTESIAN_POINT('',(-0.0300684233290813,-0.0165986782508162,0.0112688));
#2680=CARTESIAN_POINT('',(-0.0300684233290813,-0.0165986782508162,0.0163188));
#2681=CARTESIAN_POINT('',(-0.0300684233290813,-0.0165986782508162,0.0157688));
#2682=CARTESIAN_POINT('',(-0.0235684233290813,-0.0165986782508162,0.0118188));
#2683=CARTESIAN_POINT('',(-0.0235684233290813,-0.0165986782508162,0.0112688));
#2684=CARTESIAN_POINT('',(-0.0151840233290813,-0.0165986782508162,0.0115436));
#2685=CARTESIAN_POINT('',(-0.0151840233290813,-0.0165986782508162,0.0110991));
#2686=CARTESIAN_POINT('',(-0.0126440233290813,-0.0165986782508162,0.0115436));
#2687=CARTESIAN_POINT('',(-0.0126440233290813,-0.0165986782508162,0.0110991));
#2688=CARTESIAN_POINT('',(-0.0235684233290813,-0.0165986782508162,0.0163188));
#2689=CARTESIAN_POINT('',(-0.0235684233290813,-0.0165986782508162,0.0157688));
#2690=CARTESIAN_POINT('',(-0.0101040233290813,-0.0165986782508162,0.0115436));
#2691=CARTESIAN_POINT('',(-0.0101040233290813,-0.0165986782508162,0.0110991));
#2692=CARTESIAN_POINT('',(-0.00756402332908129,-0.0165986782508162,0.0115436));
#2693=CARTESIAN_POINT('',(-0.00756402332908129,-0.0165986782508162,0.0110991));
#2694=CARTESIAN_POINT('',(-0.000946823329081303,-0.0165986782508162,0.006806));
#2695=CARTESIAN_POINT('',(-0.000946823329081303,-0.0165986782508162,0.005706));
#2696=CARTESIAN_POINT('',(-0.00502402332908129,-0.0165986782508162,0.0115436));
#2697=CARTESIAN_POINT('',(-0.00502402332908129,-0.0165986782508162,0.0110991));
#2698=CARTESIAN_POINT('',(-0.00248402332908131,-0.0165986782508162,0.0115436));
#2699=CARTESIAN_POINT('',(-0.00248402332908131,-0.0165986782508162,0.0110991));
#2700=CARTESIAN_POINT('',(5.59766709186951E-5,-0.0165986782508162,0.0115436));
#2701=CARTESIAN_POINT('',(5.59766709186951E-5,-0.0165986782508162,0.0110991));
#2702=CARTESIAN_POINT('',(-0.0151840233290813,-0.0165986782508162,0.0267836));
#2703=CARTESIAN_POINT('',(-0.0151840233290813,-0.0165986782508162,0.0263391));
#2704=CARTESIAN_POINT('',(-0.0126440233290813,-0.0165986782508162,0.0267836));
#2705=CARTESIAN_POINT('',(-0.0126440233290813,-0.0165986782508162,0.0263391));
#2706=CARTESIAN_POINT('',(-0.0186638233290813,-0.0165986782508162,0.0301618));
#2707=CARTESIAN_POINT('',(-0.0186638233290813,-0.0165986782508162,0.0297618));
#2708=CARTESIAN_POINT('',(-0.0152445233290813,-0.0165986782508162,0.0304412));
#2709=CARTESIAN_POINT('',(-0.0152445233290813,-0.0165986782508162,0.0299412));
#2710=CARTESIAN_POINT('',(-0.0152445233290813,-0.0165986782508162,0.0329812));
#2711=CARTESIAN_POINT('',(-0.0152445233290813,-0.0165986782508162,0.0324812));
#2712=CARTESIAN_POINT('',(-0.0152445233290813,-0.0165986782508162,0.0355212));
#2713=CARTESIAN_POINT('',(-0.0152445233290813,-0.0165986782508162,0.0350212));
#2714=CARTESIAN_POINT('',(-0.0101040233290813,-0.0165986782508162,0.0267836));
#2715=CARTESIAN_POINT('',(-0.0101040233290813,-0.0165986782508162,0.0263391));
#2716=CARTESIAN_POINT('',(-0.00756402332908129,-0.0165986782508162,0.0267836));
#2717=CARTESIAN_POINT('',(-0.00756402332908129,-0.0165986782508162,0.0263391));
#2718=CARTESIAN_POINT('',(-0.00502402332908129,-0.0165986782508162,0.0267836));
#2719=CARTESIAN_POINT('',(-0.00502402332908129,-0.0165986782508162,0.0263391));
#2720=CARTESIAN_POINT('',(-0.00248402332908131,-0.0165986782508162,0.0267836));
#2721=CARTESIAN_POINT('',(-0.00248402332908131,-0.0165986782508162,0.0263391));
#2722=CARTESIAN_POINT('',(5.59766709186951E-5,-0.0165986782508162,0.0267836));
#2723=CARTESIAN_POINT('',(5.59766709186951E-5,-0.0165986782508162,0.0263391));
#2724=CARTESIAN_POINT('',(-0.0490808233290813,-0.0165986782508162,0.0651));
#2725=CARTESIAN_POINT('',(-0.0490808233290813,-0.0165986782508162,0.064));
#2726=CARTESIAN_POINT('',(-0.0444660233290813,-0.0165986782508162,0.0661536));
#2727=CARTESIAN_POINT('',(-0.0444660233290813,-0.0165986782508162,0.0654036));
#2728=CARTESIAN_POINT('',(-0.0423660233290813,-0.0165986782508162,0.0661536));
#2729=CARTESIAN_POINT('',(-0.0423660233290813,-0.0165986782508162,0.0657036));
#2730=CARTESIAN_POINT('',(-0.0403660233290813,-0.0165986782508162,0.0661536));
#2731=CARTESIAN_POINT('',(-0.0403660233290813,-0.0165986782508162,0.0657036));
#2732=CARTESIAN_POINT('',(-0.0383660233290813,-0.0165986782508162,0.0661536));
#2733=CARTESIAN_POINT('',(-0.0383660233290813,-0.0165986782508162,0.0657036));
#2734=CARTESIAN_POINT('',(-0.0362660233290813,-0.0165986782508162,0.0661536));
#2735=CARTESIAN_POINT('',(-0.0362660233290813,-0.0165986782508162,0.0654036));
#2736=CARTESIAN_POINT('',(-0.0152445233290813,-0.0165986782508162,0.0380612));
#2737=CARTESIAN_POINT('',(-0.0152445233290813,-0.0165986782508162,0.0375612));
#2738=CARTESIAN_POINT('',(-0.0186638233290813,-0.0165986782508162,0.0403218));
#2739=CARTESIAN_POINT('',(-0.0186638233290813,-0.0165986782508162,0.0399218));
#2740=CARTESIAN_POINT('',(-0.0186638233290813,-0.0165986782508162,0.0429634));
#2741=CARTESIAN_POINT('',(-0.0186638233290813,-0.0165986782508162,0.0425634));
#2742=CARTESIAN_POINT('',(-0.0142032233290813,-0.0165986782508162,0.04156));
#2743=CARTESIAN_POINT('',(-0.0142032233290813,-0.0165986782508162,0.04106));
#2744=CARTESIAN_POINT('',(-0.0142032233290813,-0.0165986782508162,0.0441));
#2745=CARTESIAN_POINT('',(-0.0142032233290813,-0.0165986782508162,0.0436));
#2746=CARTESIAN_POINT('',(-0.0142032233290813,-0.0165986782508162,0.04664));
#2747=CARTESIAN_POINT('',(-0.0142032233290813,-0.0165986782508162,0.04614));
#2748=CARTESIAN_POINT('',(-0.0142032233290813,-0.0165986782508162,0.04918));
#2749=CARTESIAN_POINT('',(-0.0142032233290813,-0.0165986782508162,0.04868));
#2750=CARTESIAN_POINT('',(-0.0186638233290813,-0.0165986782508162,0.0531234));
#2751=CARTESIAN_POINT('',(-0.0186638233290813,-0.0165986782508162,0.0527234));
#2752=CARTESIAN_POINT('',(-0.0142032233290813,-0.0165986782508162,0.05172));
#2753=CARTESIAN_POINT('',(-0.0142032233290813,-0.0165986782508162,0.05122));
#2754=CARTESIAN_POINT('',(-0.0142032233290813,-0.0165986782508162,0.05426));
#2755=CARTESIAN_POINT('',(-0.0142032233290813,-0.0165986782508162,0.05376));
#2756=CARTESIAN_POINT('',(-0.00854802332908131,-0.0165986782508162,0.058813));
#2757=CARTESIAN_POINT('',(-0.00854802332908131,-0.0165986782508162,0.058438));
#2758=CARTESIAN_POINT('',(-0.0065480233290813,-0.0165986782508162,0.058813));
#2759=CARTESIAN_POINT('',(-0.0065480233290813,-0.0165986782508162,0.058438));
#2760=CARTESIAN_POINT('',(-0.000946823329081303,-0.0165986782508162,0.0651));
#2761=CARTESIAN_POINT('',(-0.000946823329081303,-0.0165986782508162,0.064));
#2762=CARTESIAN_POINT('',(-0.0490808233290813,-0.0150886782508162,0.0691));
#2763=CARTESIAN_POINT('',(-0.0490808233290813,-0.0150886782508162,0.0691));
#2764=CARTESIAN_POINT('',(-0.00608422183493131,-0.0150886782508162,0.06855999850585));
#2765=CARTESIAN_POINT('',(-0.0040842233290813,-0.0150886782508162,0.06856));
#2766=CARTESIAN_POINT('',(-0.0490808229031713,-0.0150886782508162,0.06509999957409));
#2767=CARTESIAN_POINT('',(-0.0530808233290813,-0.0150886782508162,0.0651));
#2768=CARTESIAN_POINT('',(-0.0040842233290813,-0.0150886782508162,0.06856));
#2769=CARTESIAN_POINT('',(-0.0040842233290813,-0.0150886782508162,0.0691));
#2770=CARTESIAN_POINT('',(-0.0530808233290813,-0.0150886782508162,0.006806));
#2771=CARTESIAN_POINT('',(-0.0530808233290813,-0.0150886782508162,0.006806));
#2772=CARTESIAN_POINT('',(-0.0040842233290813,-0.0150886782508162,0.0691));
#2773=CARTESIAN_POINT('',(-0.000946823329081303,-0.0150886782508162,0.0691));
#2774=CARTESIAN_POINT('',(-0.0490808229031713,-0.0150886782508162,0.00680600042591001));
#2775=CARTESIAN_POINT('',(-0.0490808233290813,-0.0150886782508162,0.002806));
#2776=CARTESIAN_POINT('',(-0.000946823754991305,-0.0150886782508162,0.06509999957409));
#2777=CARTESIAN_POINT('',(0.0030531766709187,-0.0150886782508162,0.0651));
#2778=CARTESIAN_POINT('',(-0.000946823329081303,-0.0150886782508162,0.002806));
#2779=CARTESIAN_POINT('',(-0.000946823329081303,-0.0150886782508162,0.002806));
#2780=CARTESIAN_POINT('',(0.0030531766709187,-0.0150886782508162,0.0651));
#2781=CARTESIAN_POINT('',(0.0030531766709187,-0.0150886782508162,0.006806));
#2782=CARTESIAN_POINT('',(-0.000946823754991305,-0.0150886782508162,0.00680600042591001));
#2783=CARTESIAN_POINT('',(-0.0490808233290813,-0.0150426782508163,0.006806));
#2784=CARTESIAN_POINT('',(-0.0490808233290813,-0.0150426782508163,0.005706));
#2785=CARTESIAN_POINT('',(-0.0507924233290813,-0.0150426782508163,0.0118188));
#2786=CARTESIAN_POINT('',(-0.0507924233290813,-0.0150426782508163,0.0112688));
#2787=CARTESIAN_POINT('',(-0.0442924233290813,-0.0150426782508163,0.0118188));
#2788=CARTESIAN_POINT('',(-0.0442924233290813,-0.0150426782508163,0.0112688));
#2789=CARTESIAN_POINT('',(-0.0507924233290813,-0.0150426782508163,0.0163188));
#2790=CARTESIAN_POINT('',(-0.0507924233290813,-0.0150426782508163,0.0157688));
#2791=CARTESIAN_POINT('',(-0.0442924233290813,-0.0150426782508163,0.0163188));
#2792=CARTESIAN_POINT('',(-0.0442924233290813,-0.0150426782508163,0.0157688));
#2793=CARTESIAN_POINT('',(-0.0300684233290813,-0.0150426782508163,0.0118188));
#2794=CARTESIAN_POINT('',(-0.0300684233290813,-0.0150426782508163,0.0112688));
#2795=CARTESIAN_POINT('',(-0.0300684233290813,-0.0150426782508163,0.0163188));
#2796=CARTESIAN_POINT('',(-0.0300684233290813,-0.0150426782508163,0.0157688));
#2797=CARTESIAN_POINT('',(-0.0235684233290813,-0.0150426782508163,0.0118188));
#2798=CARTESIAN_POINT('',(-0.0235684233290813,-0.0150426782508163,0.0112688));
#2799=CARTESIAN_POINT('',(-0.0151840233290813,-0.0150426782508163,0.0115436));
#2800=CARTESIAN_POINT('',(-0.0151840233290813,-0.0150426782508163,0.0110991));
#2801=CARTESIAN_POINT('',(-0.0126440233290813,-0.0150426782508163,0.0115436));
#2802=CARTESIAN_POINT('',(-0.0126440233290813,-0.0150426782508163,0.0110991));
#2803=CARTESIAN_POINT('',(-0.0235684233290813,-0.0150426782508163,0.0163188));
#2804=CARTESIAN_POINT('',(-0.0235684233290813,-0.0150426782508163,0.0157688));
#2805=CARTESIAN_POINT('',(-0.0101040233290813,-0.0150426782508163,0.0115436));
#2806=CARTESIAN_POINT('',(-0.0101040233290813,-0.0150426782508163,0.0110991));
#2807=CARTESIAN_POINT('',(-0.00756402332908129,-0.0150426782508163,0.0115436));
#2808=CARTESIAN_POINT('',(-0.00756402332908129,-0.0150426782508163,0.0110991));
#2809=CARTESIAN_POINT('',(-0.000946823329081303,-0.0150426782508163,0.006806));
#2810=CARTESIAN_POINT('',(-0.000946823329081303,-0.0150426782508163,0.005706));
#2811=CARTESIAN_POINT('',(-0.00502402332908129,-0.0150426782508163,0.0115436));
#2812=CARTESIAN_POINT('',(-0.00502402332908129,-0.0150426782508163,0.0110991));
#2813=CARTESIAN_POINT('',(-0.00248402332908131,-0.0150426782508163,0.0115436));
#2814=CARTESIAN_POINT('',(-0.00248402332908131,-0.0150426782508163,0.0110991));
#2815=CARTESIAN_POINT('',(5.59766709186951E-5,-0.0150426782508163,0.0115436));
#2816=CARTESIAN_POINT('',(5.59766709186951E-5,-0.0150426782508163,0.0110991));
#2817=CARTESIAN_POINT('',(-0.0151840233290813,-0.0150426782508163,0.0267836));
#2818=CARTESIAN_POINT('',(-0.0151840233290813,-0.0150426782508163,0.0263391));
#2819=CARTESIAN_POINT('',(-0.0126440233290813,-0.0150426782508163,0.0267836));
#2820=CARTESIAN_POINT('',(-0.0126440233290813,-0.0150426782508163,0.0263391));
#2821=CARTESIAN_POINT('',(-0.0186638233290813,-0.0150426782508163,0.0301618));
#2822=CARTESIAN_POINT('',(-0.0186638233290813,-0.0150426782508163,0.0297618));
#2823=CARTESIAN_POINT('',(-0.0152445233290813,-0.0150426782508163,0.0304412));
#2824=CARTESIAN_POINT('',(-0.0152445233290813,-0.0150426782508163,0.0299412));
#2825=CARTESIAN_POINT('',(-0.0152445233290813,-0.0150426782508163,0.0329812));
#2826=CARTESIAN_POINT('',(-0.0152445233290813,-0.0150426782508163,0.0324812));
#2827=CARTESIAN_POINT('',(-0.0152445233290813,-0.0150426782508163,0.0355212));
#2828=CARTESIAN_POINT('',(-0.0152445233290813,-0.0150426782508163,0.0350212));
#2829=CARTESIAN_POINT('',(-0.0101040233290813,-0.0150426782508163,0.0267836));
#2830=CARTESIAN_POINT('',(-0.0101040233290813,-0.0150426782508163,0.0263391));
#2831=CARTESIAN_POINT('',(-0.00756402332908129,-0.0150426782508163,0.0267836));
#2832=CARTESIAN_POINT('',(-0.00756402332908129,-0.0150426782508163,0.0263391));
#2833=CARTESIAN_POINT('',(-0.00502402332908129,-0.0150426782508163,0.0267836));
#2834=CARTESIAN_POINT('',(-0.00502402332908129,-0.0150426782508163,0.0263391));
#2835=CARTESIAN_POINT('',(-0.00248402332908131,-0.0150426782508163,0.0267836));
#2836=CARTESIAN_POINT('',(-0.00248402332908131,-0.0150426782508163,0.0263391));
#2837=CARTESIAN_POINT('',(5.59766709186951E-5,-0.0150426782508163,0.0267836));
#2838=CARTESIAN_POINT('',(5.59766709186951E-5,-0.0150426782508163,0.0263391));
#2839=CARTESIAN_POINT('',(-0.0458164233290813,-0.0150426782508163,0.0594988));
#2840=CARTESIAN_POINT('',(-0.0458164233290813,-0.0225986782508163,0.0594988));
#2841=CARTESIAN_POINT('',(-0.0463164233290813,-0.0225986782508163,0.0594988));
#2842=CARTESIAN_POINT('',(-0.0490808233290813,-0.0150426782508163,0.0651));
#2843=CARTESIAN_POINT('',(-0.0490808233290813,-0.0150426782508163,0.064));
#2844=CARTESIAN_POINT('',(-0.0432764233290813,-0.0150426782508163,0.0594988));
#2845=CARTESIAN_POINT('',(-0.0432764233290813,-0.0225986782508163,0.0594988));
#2846=CARTESIAN_POINT('',(-0.0437764233290813,-0.0225986782508163,0.0594988));
#2847=CARTESIAN_POINT('',(-0.0407364233290813,-0.0150426782508163,0.0594988));
#2848=CARTESIAN_POINT('',(-0.0407364233290813,-0.0225986782508163,0.0594988));
#2849=CARTESIAN_POINT('',(-0.0412364233290813,-0.0225986782508163,0.0594988));
#2850=CARTESIAN_POINT('',(-0.0444660233290813,-0.0150426782508163,0.0661536));
#2851=CARTESIAN_POINT('',(-0.0444660233290813,-0.0150426782508163,0.0654036));
#2852=CARTESIAN_POINT('',(-0.0423660233290813,-0.0150426782508163,0.0661536));
#2853=CARTESIAN_POINT('',(-0.0423660233290813,-0.0150426782508163,0.0657036));
#2854=CARTESIAN_POINT('',(-0.0403660233290813,-0.0150426782508163,0.0661536));
#2855=CARTESIAN_POINT('',(-0.0403660233290813,-0.0150426782508163,0.0657036));
#2856=CARTESIAN_POINT('',(-0.0381964233290813,-0.0150426782508163,0.0594988));
#2857=CARTESIAN_POINT('',(-0.0381964233290813,-0.0225986782508163,0.0594988));
#2858=CARTESIAN_POINT('',(-0.0386964233290813,-0.0225986782508163,0.0594988));
#2859=CARTESIAN_POINT('',(-0.0356564233290813,-0.0150426782508163,0.0594988));
#2860=CARTESIAN_POINT('',(-0.0356564233290813,-0.0225986782508163,0.0594988));
#2861=CARTESIAN_POINT('',(-0.0361564233290813,-0.0225986782508163,0.0594988));
#2862=CARTESIAN_POINT('',(-0.0331164233290813,-0.0150426782508163,0.0594988));
#2863=CARTESIAN_POINT('',(-0.0331164233290813,-0.0225986782508163,0.0594988));
#2864=CARTESIAN_POINT('',(-0.0336164233290813,-0.0225986782508163,0.0594988));
#2865=CARTESIAN_POINT('',(-0.0383660233290813,-0.0150426782508163,0.0661536));
#2866=CARTESIAN_POINT('',(-0.0383660233290813,-0.0150426782508163,0.0657036));
#2867=CARTESIAN_POINT('',(-0.0362660233290813,-0.0150426782508163,0.0661536));
#2868=CARTESIAN_POINT('',(-0.0362660233290813,-0.0150426782508163,0.0654036));
#2869=CARTESIAN_POINT('',(-0.0305764233290813,-0.0150426782508163,0.0594988));
#2870=CARTESIAN_POINT('',(-0.0305764233290813,-0.0225986782508163,0.0594988));
#2871=CARTESIAN_POINT('',(-0.0310764233290813,-0.0225986782508163,0.0594988));
#2872=CARTESIAN_POINT('',(-0.0280364233290813,-0.0150426782508163,0.0594988));
#2873=CARTESIAN_POINT('',(-0.0280364233290813,-0.0225986782508163,0.0594988));
#2874=CARTESIAN_POINT('',(-0.0285364233290813,-0.0225986782508163,0.0594988));
#2875=CARTESIAN_POINT('',(-0.0152445233290813,-0.0150426782508163,0.0380612));
#2876=CARTESIAN_POINT('',(-0.0152445233290813,-0.0150426782508163,0.0375612));
#2877=CARTESIAN_POINT('',(-0.0186638233290813,-0.0150426782508163,0.0403218));
#2878=CARTESIAN_POINT('',(-0.0186638233290813,-0.0150426782508163,0.0399218));
#2879=CARTESIAN_POINT('',(-0.0186638233290813,-0.0150426782508163,0.0429634));
#2880=CARTESIAN_POINT('',(-0.0186638233290813,-0.0150426782508163,0.0425634));
#2881=CARTESIAN_POINT('',(-0.0142032233290813,-0.0150426782508163,0.04156));
#2882=CARTESIAN_POINT('',(-0.0142032233290813,-0.0150426782508163,0.04106));
#2883=CARTESIAN_POINT('',(-0.0142032233290813,-0.0150426782508163,0.0441));
#2884=CARTESIAN_POINT('',(-0.0142032233290813,-0.0150426782508163,0.0436));
#2885=CARTESIAN_POINT('',(-0.0142032233290813,-0.0150426782508163,0.04664));
#2886=CARTESIAN_POINT('',(-0.0142032233290813,-0.0150426782508163,0.04614));
#2887=CARTESIAN_POINT('',(-0.0142032233290813,-0.0150426782508163,0.04918));
#2888=CARTESIAN_POINT('',(-0.0142032233290813,-0.0150426782508163,0.04868));
#2889=CARTESIAN_POINT('',(-0.0186638233290813,-0.0150426782508163,0.0531234));
#2890=CARTESIAN_POINT('',(-0.0186638233290813,-0.0150426782508163,0.0527234));
#2891=CARTESIAN_POINT('',(-0.0142032233290813,-0.0150426782508163,0.05172));
#2892=CARTESIAN_POINT('',(-0.0142032233290813,-0.0150426782508163,0.05122));
#2893=CARTESIAN_POINT('',(-0.0142032233290813,-0.0150426782508163,0.05426));
#2894=CARTESIAN_POINT('',(-0.0142032233290813,-0.0150426782508163,0.05376));
#2895=CARTESIAN_POINT('',(-0.00854802332908131,-0.0150426782508163,0.058813));
#2896=CARTESIAN_POINT('',(-0.00854802332908131,-0.0150426782508163,0.058438));
#2897=CARTESIAN_POINT('',(-0.0065480233290813,-0.0150426782508163,0.058813));
#2898=CARTESIAN_POINT('',(-0.0065480233290813,-0.0150426782508163,0.058438));
#2899=CARTESIAN_POINT('',(-0.000946823329081303,-0.0150426782508163,0.0651));
#2900=CARTESIAN_POINT('',(-0.000946823329081303,-0.0150426782508163,0.064));
#2901=CARTESIAN_POINT('',(-0.0366392276271786,-0.0225986782508163,0.0614718));
#2902=CARTESIAN_POINT('',(-0.0526392276271787,-0.0225986782508163,0.0614718));
#2903=CARTESIAN_POINT('',(-0.0526392276271787,-0.0225986782508163,0.0614718));
#2904=CARTESIAN_POINT('',(-0.0366392276271786,-0.0225986782508163,0.0614718));
#2905=CARTESIAN_POINT('',(-0.0206392276271786,-0.0225986782508163,0.0614718));
#2906=CARTESIAN_POINT('',(-0.0206392276271786,-0.0225986782508163,0.0614718));
#2907=CARTESIAN_POINT('',(-0.0526392276271787,-0.0225986782508163,0.0396118));
#2908=CARTESIAN_POINT('',(-0.0526392276271787,-0.0225986782508163,0.0177518));
#2909=CARTESIAN_POINT('',(-0.0526392276271787,-0.0225986782508163,0.0177518));
#2910=CARTESIAN_POINT('',(-0.0526392276271787,-0.0225986782508163,0.0396118));
#2911=CARTESIAN_POINT('',(-0.0366392276271786,-0.0225986782508163,0.0177518));
#2912=CARTESIAN_POINT('',(-0.0206392276271786,-0.0225986782508163,0.0177518));
#2913=CARTESIAN_POINT('',(-0.0206392276271786,-0.0225986782508163,0.0177518));
#2914=CARTESIAN_POINT('',(-0.0366392276271786,-0.0225986782508163,0.0177518));
#2915=CARTESIAN_POINT('',(-0.0206392276271786,-0.0225986782508163,0.0396118));
#2916=CARTESIAN_POINT('',(-0.0206392276271786,-0.0225986782508163,0.0396118));
#2917=CARTESIAN_POINT('',(-0.0250138233290813,-0.0225986782508163,0.035953));
#2918=CARTESIAN_POINT('',(-0.0516392276271787,-0.0225986782508163,0.0419718));
#2919=CARTESIAN_POINT('',(-0.0516392276271787,-0.0225986782508163,0.0569718));
#2920=CARTESIAN_POINT('',(-0.0516392276271787,-0.0225986782508163,0.0269718));
#2921=CARTESIAN_POINT('',(-0.0366392276271786,-0.0225986782508163,0.0569718));
#2922=CARTESIAN_POINT('',(-0.0216392276271787,-0.0225986782508163,0.0569718));
#2923=CARTESIAN_POINT('',(-0.0216392276271787,-0.0225986782508163,0.0419718));
#2924=CARTESIAN_POINT('',(-0.0216392276271787,-0.0225986782508163,0.0269718));
#2925=CARTESIAN_POINT('',(-0.0366392276271786,-0.0225986782508163,0.0269718));
#2926=CARTESIAN_POINT('',(-0.0516392276271787,-0.0231986782508163,0.0419718));
#2927=CARTESIAN_POINT('',(-0.0516392276271787,-0.0231986782508163,0.0269718));
#2928=CARTESIAN_POINT('',(-0.0516392276271787,-0.0231986782508163,0.0269718));
#2929=CARTESIAN_POINT('',(-0.0516392276271787,-0.0231986782508163,0.0419718));
#2930=CARTESIAN_POINT('',(-0.0516392276271787,-0.0231986782508163,0.0569718));
#2931=CARTESIAN_POINT('',(-0.0516392276271787,-0.0231986782508163,0.0569718));
#2932=CARTESIAN_POINT('',(-0.0366392276271786,-0.0231986782508163,0.0269718));
#2933=CARTESIAN_POINT('',(-0.0216392276271787,-0.0231986782508163,0.0269718));
#2934=CARTESIAN_POINT('',(-0.0216392276271787,-0.0231986782508163,0.0269718));
#2935=CARTESIAN_POINT('',(-0.0366392276271786,-0.0231986782508163,0.0269718));
#2936=CARTESIAN_POINT('',(-0.0216392276271787,-0.0231986782508163,0.0419718));
#2937=CARTESIAN_POINT('',(-0.0216392276271787,-0.0231986782508163,0.0569718));
#2938=CARTESIAN_POINT('',(-0.0216392276271787,-0.0231986782508163,0.0569718));
#2939=CARTESIAN_POINT('',(-0.0216392276271787,-0.0231986782508163,0.0419718));
#2940=CARTESIAN_POINT('',(-0.0366392276271786,-0.0231986782508163,0.0569718));
#2941=CARTESIAN_POINT('',(-0.0366392276271786,-0.0231986782508163,0.0569718));
#2942=CARTESIAN_POINT('',(-0.123378223329081,-0.0231986782508163,0.09006));
#2943=CARTESIAN_POINT('',(-0.0268184233290813,-0.0255986782508162,0.0140688));
#2944=CARTESIAN_POINT('',(-0.0268184233290813,-0.0255986782508162,0.0140688));
#2945=CARTESIAN_POINT('',(-0.0280780217666796,-0.0255986782508162,0.013196770312432));
#2946=CARTESIAN_POINT('',(-0.0250138233290813,-0.0255986782508162,0.035953));
#2947=MECHANICAL_DESIGN_GEOMETRIC_PRESENTATION_REPRESENTATION('',(#1746),
#2948);
#2948=(
GEOMETRIC_REPRESENTATION_CONTEXT(3)
GLOBAL_UNCERTAINTY_ASSIGNED_CONTEXT((#2949))
GLOBAL_UNIT_ASSIGNED_CONTEXT((#2952,#2951,#2950))
REPRESENTATION_CONTEXT('thesensor_PCB','TOP_LEVEL_ASSEMBLY_PART')
);
#2949=UNCERTAINTY_MEASURE_WITH_UNIT(LENGTH_MEASURE(1.E-8),#2952,
'DISTANCE_ACCURACY_VALUE','Maximum Tolerance applied to model');
#2950=(
NAMED_UNIT(*)
SI_UNIT($,.STERADIAN.)
SOLID_ANGLE_UNIT()
);
#2951=(
NAMED_UNIT(*)
PLANE_ANGLE_UNIT()
SI_UNIT($,.RADIAN.)
);
#2952=(
LENGTH_UNIT()
NAMED_UNIT(*)
SI_UNIT($,.METRE.)
);
#2953=PRODUCT_DEFINITION_SHAPE('','',#2954);
#2954=PRODUCT_DEFINITION('','',#2956,#2955);
#2955=PRODUCT_DEFINITION_CONTEXT('',#2962,'design');
#2956=PRODUCT_DEFINITION_FORMATION_WITH_SPECIFIED_SOURCE('','',#2958,
 .NOT_KNOWN.);
#2957=PRODUCT_RELATED_PRODUCT_CATEGORY('','',(#2958));
#2958=PRODUCT('thesensor_PCB','thesensor_PCB','thesensor_PCB',(#2960));
#2959=PRODUCT_CATEGORY('','');
#2960=PRODUCT_CONTEXT('',#2962,'mechanical');
#2961=APPLICATION_PROTOCOL_DEFINITION('international standard',
'ap242_managed_model_based_3d_engineering',2020,#2962);
#2962=APPLICATION_CONTEXT('managed model based 3d engineering');
ENDSEC;
END-ISO-10303-21;
