ISO-10303-21;
HEADER;
/* Generated by software containing ST-Developer
 * from STEP Tools, Inc. (www.steptools.com) 
 */
/* OPTION: using custom renumber hook */

FILE_DESCRIPTION(
/* description */ ('STEP AP242 Edition 2',
'CAx-IF Rec.Pracs.---Representation and Presentation of Product Manufa
cturing Information (PMI)---4.0---2014-10-13',
'CAx-IF Rec.Pracs.---3D Tessellated Geometry---0.4---2014-09-14','2;1',
'CAx-IF Rec.Pracs.---User Defined Attributes---1.5---2016-08-15'),
/* implementation_level */ '2;1');

FILE_NAME(
/* name */ 'Part Studio 2 - Part 1',
/* time_stamp */ '2026-10-05T08:22:51Z',
/* author */ (''),
/* organization */ (''),
/* preprocessor_version */ 'ST-DEVELOPER v20',
/* originating_system */ 'ONSHAPE BY PTC INC, 1.221',
/* authorisation */ '  ');

FILE_SCHEMA (('AP242_MANAGED_MODEL_BASED_3D_ENGINEERING_MIM_LF { 1 0 10303 442 3 1 4 }'));
ENDSEC;

DATA;
#10=SHAPE_REPRESENTATION_RELATIONSHIP('','',#10420,#11);
#11=ADVANCED_BREP_SHAPE_REPRESENTATION('',(#10418),#17366);
#12=B_SPLINE_SURFACE_WITH_KNOTS('',3,1,((#15192,#15193),(#15194,#15195),
(#15196,#15197),(#15198,#15199),(#15200,#15201)),
 .SURF_OF_LINEAR_EXTRUSION.,.F.,.F.,.F.,(4,1,4),(2,2),(0.,0.125,0.25),(0.,
1.),.UNSPECIFIED.);
#13=B_SPLINE_SURFACE_WITH_KNOTS('',3,1,((#15205,#15206),(#15207,#15208),
(#15209,#15210),(#15211,#15212),(#15213,#15214)),
 .SURF_OF_LINEAR_EXTRUSION.,.F.,.F.,.F.,(4,1,4),(2,2),(0.75,0.875,1.),(0.,
1.),.UNSPECIFIED.);
#14=B_SPLINE_SURFACE_WITH_KNOTS('',3,1,((#15218,#15219),(#15220,#15221),
(#15222,#15223),(#15224,#15225),(#15226,#15227)),
 .SURF_OF_LINEAR_EXTRUSION.,.F.,.F.,.F.,(4,1,4),(2,2),(0.,0.125,0.25),(0.,
1.),.UNSPECIFIED.);
#15=B_SPLINE_SURFACE_WITH_KNOTS('',3,1,((#15231,#15232),(#15233,#15234),
(#15235,#15236),(#15237,#15238),(#15239,#15240)),
 .SURF_OF_LINEAR_EXTRUSION.,.F.,.F.,.F.,(4,1,4),(2,2),(0.75,0.875,1.),(0.,
1.),.UNSPECIFIED.);
#16=B_SPLINE_SURFACE_WITH_KNOTS('',3,1,((#15241,#15242),(#15243,#15244),
(#15245,#15246),(#15247,#15248),(#15249,#15250)),
 .SURF_OF_LINEAR_EXTRUSION.,.F.,.F.,.F.,(4,1,4),(2,2),(0.,0.125,0.25),(0.,
1.),.UNSPECIFIED.);
#17=B_SPLINE_SURFACE_WITH_KNOTS('',3,1,((#15274,#15275),(#15276,#15277),
(#15278,#15279),(#15280,#15281),(#15282,#15283)),
 .SURF_OF_LINEAR_EXTRUSION.,.F.,.F.,.F.,(4,1,4),(2,2),(0.75,0.875,1.),(0.,
1.),.UNSPECIFIED.);
#18=B_SPLINE_SURFACE_WITH_KNOTS('',3,1,((#15305,#15306),(#15307,#15308),
(#15309,#15310),(#15311,#15312),(#15313,#15314)),
 .SURF_OF_LINEAR_EXTRUSION.,.F.,.F.,.F.,(4,1,4),(2,2),(0.,0.125,0.25),(0.,
1.),.UNSPECIFIED.);
#19=B_SPLINE_SURFACE_WITH_KNOTS('',3,1,((#15336,#15337),(#15338,#15339),
(#15340,#15341),(#15342,#15343),(#15344,#15345)),
 .SURF_OF_LINEAR_EXTRUSION.,.F.,.F.,.F.,(4,1,4),(2,2),(0.75,0.875,1.),(0.,
1.),.UNSPECIFIED.);
#20=B_SPLINE_SURFACE_WITH_KNOTS('',3,1,((#16573,#16574),(#16575,#16576),
(#16577,#16578),(#16579,#16580)),.SURF_OF_LINEAR_EXTRUSION.,.F.,.F.,.F.,
(4,4),(2,2),(0.,1.),(0.,1.),.PIECEWISE_BEZIER_KNOTS.);
#21=B_SPLINE_SURFACE_WITH_KNOTS('',3,1,((#16644,#16645),(#16646,#16647),
(#16648,#16649),(#16650,#16651)),.SURF_OF_LINEAR_EXTRUSION.,.F.,.F.,.F.,
(4,4),(2,2),(0.,1.),(0.,1.),.PIECEWISE_BEZIER_KNOTS.);
#22=B_SPLINE_SURFACE_WITH_KNOTS('',3,1,((#16677,#16678),(#16679,#16680),
(#16681,#16682),(#16683,#16684)),.SURF_OF_LINEAR_EXTRUSION.,.F.,.F.,.F.,
(4,4),(2,2),(0.,1.),(0.,1.),.PIECEWISE_BEZIER_KNOTS.);
#23=B_SPLINE_SURFACE_WITH_KNOTS('',3,1,((#16850,#16851),(#16852,#16853),
(#16854,#16855),(#16856,#16857)),.SURF_OF_LINEAR_EXTRUSION.,.F.,.F.,.F.,
(4,4),(2,2),(0.,1.),(0.,1.),.PIECEWISE_BEZIER_KNOTS.);
#24=B_SPLINE_SURFACE_WITH_KNOTS('',3,1,((#16979,#16980),(#16981,#16982),
(#16983,#16984),(#16985,#16986)),.SURF_OF_LINEAR_EXTRUSION.,.F.,.F.,.F.,
(4,4),(2,2),(0.,1.),(0.,1.),.PIECEWISE_BEZIER_KNOTS.);
#25=B_SPLINE_SURFACE_WITH_KNOTS('',3,1,((#17012,#17013),(#17014,#17015),
(#17016,#17017),(#17018,#17019)),.SURF_OF_LINEAR_EXTRUSION.,.F.,.F.,.F.,
(4,4),(2,2),(0.,1.),(0.,1.),.PIECEWISE_BEZIER_KNOTS.);
#26=B_SPLINE_SURFACE_WITH_KNOTS('',3,1,((#17025,#17026),(#17027,#17028),
(#17029,#17030),(#17031,#17032)),.SURF_OF_LINEAR_EXTRUSION.,.F.,.F.,.F.,
(4,4),(2,2),(0.,1.),(0.,1.),.PIECEWISE_BEZIER_KNOTS.);
#27=B_SPLINE_SURFACE_WITH_KNOTS('',3,1,((#17058,#17059),(#17060,#17061),
(#17062,#17063),(#17064,#17065)),.SURF_OF_LINEAR_EXTRUSION.,.F.,.F.,.F.,
(4,4),(2,2),(0.,1.),(0.,1.),.PIECEWISE_BEZIER_KNOTS.);
#28=B_SPLINE_SURFACE_WITH_KNOTS('',3,1,((#17160,#17161),(#17162,#17163),
(#17164,#17165),(#17166,#17167)),.SURF_OF_LINEAR_EXTRUSION.,.F.,.F.,.F.,
(4,4),(2,2),(0.,1.),(0.,1.),.PIECEWISE_BEZIER_KNOTS.);
#29=CYLINDRICAL_SURFACE('',#10543,0.00199999850585);
#30=CYLINDRICAL_SURFACE('',#10544,0.00199999850585001);
#31=CYLINDRICAL_SURFACE('',#10548,0.0015);
#32=CYLINDRICAL_SURFACE('',#10550,0.0025);
#33=CYLINDRICAL_SURFACE('',#10553,0.0015);
#34=CYLINDRICAL_SURFACE('',#10555,0.0025);
#35=CYLINDRICAL_SURFACE('',#10558,0.0015);
#36=CYLINDRICAL_SURFACE('',#10560,0.0025);
#37=CYLINDRICAL_SURFACE('',#10563,0.0015);
#38=CYLINDRICAL_SURFACE('',#10565,0.0025);
#39=CYLINDRICAL_SURFACE('',#10568,0.004);
#40=CYLINDRICAL_SURFACE('',#10570,0.0015);
#41=CYLINDRICAL_SURFACE('',#10573,0.004);
#42=CYLINDRICAL_SURFACE('',#10575,0.0015);
#43=CYLINDRICAL_SURFACE('',#10578,0.004);
#44=CYLINDRICAL_SURFACE('',#10580,0.0015);
#45=CYLINDRICAL_SURFACE('',#10583,0.004);
#46=CYLINDRICAL_SURFACE('',#10585,0.0015);
#47=CYLINDRICAL_SURFACE('',#10589,0.002);
#48=CYLINDRICAL_SURFACE('',#10591,0.002);
#49=CYLINDRICAL_SURFACE('',#10599,0.003);
#50=CYLINDRICAL_SURFACE('',#10600,0.005);
#51=CYLINDRICAL_SURFACE('',#10602,0.005);
#52=CYLINDRICAL_SURFACE('',#10603,0.003);
#53=CYLINDRICAL_SURFACE('',#10613,0.003525);
#54=CYLINDRICAL_SURFACE('',#10885,0.00703630474700543);
#55=CYLINDRICAL_SURFACE('',#10888,0.00695188050762946);
#56=CYLINDRICAL_SURFACE('',#10891,0.00685218244068606);
#57=CYLINDRICAL_SURFACE('',#10894,0.000460148226483219);
#58=CYLINDRICAL_SURFACE('',#10898,0.00046040014416086);
#59=CYLINDRICAL_SURFACE('',#10901,0.000533169482538439);
#60=CYLINDRICAL_SURFACE('',#10904,0.00148673726279661);
#61=CYLINDRICAL_SURFACE('',#10906,0.00075585567062397);
#62=CYLINDRICAL_SURFACE('',#10908,0.000643127962124948);
#63=CYLINDRICAL_SURFACE('',#10910,0.000753347756672221);
#64=CYLINDRICAL_SURFACE('',#10912,0.00077905762039512);
#65=CYLINDRICAL_SURFACE('',#10914,0.000652472437070183);
#66=CYLINDRICAL_SURFACE('',#10916,0.000858412954673584);
#67=CYLINDRICAL_SURFACE('',#10918,0.000846339013425526);
#68=CYLINDRICAL_SURFACE('',#10920,0.000677266964962238);
#69=CYLINDRICAL_SURFACE('',#10922,0.000758654165321184);
#70=CYLINDRICAL_SURFACE('',#10924,0.000642185818158259);
#71=CYLINDRICAL_SURFACE('',#10927,0.000396605159317771);
#72=CYLINDRICAL_SURFACE('',#10929,0.000462055979845286);
#73=CYLINDRICAL_SURFACE('',#10931,0.000482484458157385);
#74=CYLINDRICAL_SURFACE('',#10934,0.000408724355426727);
#75=CYLINDRICAL_SURFACE('',#10938,0.000611638224330304);
#76=CYLINDRICAL_SURFACE('',#10941,0.000619000359572661);
#77=CYLINDRICAL_SURFACE('',#10944,0.000481433092094019);
#78=CYLINDRICAL_SURFACE('',#10947,0.000502821491136524);
#79=CYLINDRICAL_SURFACE('',#10950,0.000495137119391781);
#80=CYLINDRICAL_SURFACE('',#10953,0.000484306567949563);
#81=CYLINDRICAL_SURFACE('',#10956,0.000625047017860367);
#82=CYLINDRICAL_SURFACE('',#10959,0.000611638224330258);
#83=CYLINDRICAL_SURFACE('',#10962,0.000475753999845298);
#84=CYLINDRICAL_SURFACE('',#10965,0.00050393500448709);
#85=CYLINDRICAL_SURFACE('',#10968,0.00050407417254659);
#86=CYLINDRICAL_SURFACE('',#10971,0.000844936507627641);
#87=CYLINDRICAL_SURFACE('',#10973,0.000861748207330808);
#88=CYLINDRICAL_SURFACE('',#10975,0.000687068532088859);
#89=CYLINDRICAL_SURFACE('',#10977,0.000686353180706632);
#90=CYLINDRICAL_SURFACE('',#10979,0.000651590659349857);
#91=CYLINDRICAL_SURFACE('',#10981,0.000585478329153193);
#92=CYLINDRICAL_SURFACE('',#10988,0.000584864335180457);
#93=CYLINDRICAL_SURFACE('',#10990,0.000676687674290146);
#94=CYLINDRICAL_SURFACE('',#10992,0.000707462347344239);
#95=CYLINDRICAL_SURFACE('',#10994,0.000673949328415768);
#96=CYLINDRICAL_SURFACE('',#10996,0.000481866487600997);
#97=CYLINDRICAL_SURFACE('',#11000,0.000524390894094589);
#98=CYLINDRICAL_SURFACE('',#11003,0.000502904144360844);
#99=CYLINDRICAL_SURFACE('',#11006,0.0004460933106157);
#100=CYLINDRICAL_SURFACE('',#11009,0.000637378518697443);
#101=CYLINDRICAL_SURFACE('',#11012,0.000451078273397765);
#102=CYLINDRICAL_SURFACE('',#11015,0.000517537713737807);
#103=CYLINDRICAL_SURFACE('',#11018,0.000518758684739871);
#104=CYLINDRICAL_SURFACE('',#11021,0.000466007222205692);
#105=CYLINDRICAL_SURFACE('',#11024,0.000616661249038108);
#106=CYLINDRICAL_SURFACE('',#11027,0.000606232925305633);
#107=CYLINDRICAL_SURFACE('',#11030,0.00076684701168068);
#108=CYLINDRICAL_SURFACE('',#11032,0.000796645342735031);
#109=CYLINDRICAL_SURFACE('',#11034,0.000710481147316267);
#110=CYLINDRICAL_SURFACE('',#11036,0.000800396603233804);
#111=CYLINDRICAL_SURFACE('',#11038,0.000810013075525958);
#112=CYLINDRICAL_SURFACE('',#11040,0.000690130255190677);
#113=CYLINDRICAL_SURFACE('',#11042,0.000789849775972981);
#114=CYLINDRICAL_SURFACE('',#11044,0.000789849775965956);
#115=CYLINDRICAL_SURFACE('',#11046,0.00068785619506142);
#116=CYLINDRICAL_SURFACE('',#11048,0.000811466026935575);
#117=CYLINDRICAL_SURFACE('',#11050,0.000835668179429854);
#118=CYLINDRICAL_SURFACE('',#11052,0.000681872812865022);
#119=CYLINDRICAL_SURFACE('',#11054,0.000480897125620982);
#120=CYLINDRICAL_SURFACE('',#11058,0.000850956327097124);
#121=CYLINDRICAL_SURFACE('',#11060,0.000865752908705812);
#122=CYLINDRICAL_SURFACE('',#11062,0.000665838136613295);
#123=CYLINDRICAL_SURFACE('',#11064,0.000743873124075541);
#124=CYLINDRICAL_SURFACE('',#11066,0.000659951463663401);
#125=CYLINDRICAL_SURFACE('',#11069,0.000388816699556099);
#126=CYLINDRICAL_SURFACE('',#11071,0.000466869818427925);
#127=CYLINDRICAL_SURFACE('',#11073,0.000438582551897439);
#128=CYLINDRICAL_SURFACE('',#11075,0.000440428943452762);
#129=CYLINDRICAL_SURFACE('',#11077,0.000461300575149869);
#130=CYLINDRICAL_SURFACE('',#11079,0.000385225972078517);
#131=CYLINDRICAL_SURFACE('',#11082,0.000631196454512402);
#132=CYLINDRICAL_SURFACE('',#11084,0.00074387312407546);
#133=CYLINDRICAL_SURFACE('',#11086,0.000668139329584678);
#134=CYLINDRICAL_SURFACE('',#11106,0.000438583866016766);
#135=CYLINDRICAL_SURFACE('',#11115,0.000532067144391394);
#136=CYLINDRICAL_SURFACE('',#11118,0.000559727010457853);
#137=CYLINDRICAL_SURFACE('',#11121,0.0005719977672844);
#138=CYLINDRICAL_SURFACE('',#11124,0.000440572702376937);
#139=CYLINDRICAL_SURFACE('',#11127,0.000459393405779683);
#140=CYLINDRICAL_SURFACE('',#11130,0.00045493693134163);
#141=CYLINDRICAL_SURFACE('',#11133,0.000449847063508601);
#142=CYLINDRICAL_SURFACE('',#11136,0.000556469500310695);
#143=CYLINDRICAL_SURFACE('',#11139,0.000551375832806143);
#144=CYLINDRICAL_SURFACE('',#11142,0.00044815152190506);
#145=CYLINDRICAL_SURFACE('',#11145,0.000456063453944245);
#146=CYLINDRICAL_SURFACE('',#11148,0.000467577926015147);
#147=CYLINDRICAL_SURFACE('',#11151,0.00054413103070833);
#148=CYLINDRICAL_SURFACE('',#11158,0.000566136442278371);
#149=CYLINDRICAL_SURFACE('',#11160,0.000597792248002775);
#150=CYLINDRICAL_SURFACE('',#11162,0.000628100727968272);
#151=CYLINDRICAL_SURFACE('',#11164,0.000628755365750439);
#152=CYLINDRICAL_SURFACE('',#11166,0.000788609554898653);
#153=CYLINDRICAL_SURFACE('',#11168,0.000773224704781818);
#154=CYLINDRICAL_SURFACE('',#11170,0.000616749620590235);
#155=CYLINDRICAL_SURFACE('',#11172,0.000642091506178459);
#156=CYLINDRICAL_SURFACE('',#11174,0.000603858449436389);
#157=CYLINDRICAL_SURFACE('',#11176,0.000432896839560942);
#158=CYLINDRICAL_SURFACE('',#11185,0.003525);
#159=CYLINDRICAL_SURFACE('',#11189,0.004025);
#160=CYLINDRICAL_SURFACE('',#11192,0.00402504845978979);
#161=CYLINDRICAL_SURFACE('',#11196,0.00352504845978979);
#162=LINE('',#13961,#1353);
#163=LINE('',#13983,#1354);
#164=LINE('',#14007,#1355);
#165=LINE('',#14009,#1356);
#166=LINE('',#14011,#1357);
#167=LINE('',#14013,#1358);
#168=LINE('',#14015,#1359);
#169=LINE('',#14026,#1360);
#170=LINE('',#14045,#1361);
#171=LINE('',#14063,#1362);
#172=LINE('',#14081,#1363);
#173=LINE('',#14101,#1364);
#174=LINE('',#14113,#1365);
#175=LINE('',#14162,#1366);
#176=LINE('',#14165,#1367);
#177=LINE('',#14167,#1368);
#178=LINE('',#14169,#1369);
#179=LINE('',#14173,#1370);
#180=LINE('',#14176,#1371);
#181=LINE('',#14178,#1372);
#182=LINE('',#14180,#1373);
#183=LINE('',#14182,#1374);
#184=LINE('',#14184,#1375);
#185=LINE('',#14186,#1376);
#186=LINE('',#14188,#1377);
#187=LINE('',#14190,#1378);
#188=LINE('',#14192,#1379);
#189=LINE('',#14194,#1380);
#190=LINE('',#14196,#1381);
#191=LINE('',#14198,#1382);
#192=LINE('',#14200,#1383);
#193=LINE('',#14202,#1384);
#194=LINE('',#14204,#1385);
#195=LINE('',#14206,#1386);
#196=LINE('',#14208,#1387);
#197=LINE('',#14210,#1388);
#198=LINE('',#14212,#1389);
#199=LINE('',#14214,#1390);
#200=LINE('',#14216,#1391);
#201=LINE('',#14218,#1392);
#202=LINE('',#14220,#1393);
#203=LINE('',#14222,#1394);
#204=LINE('',#14224,#1395);
#205=LINE('',#14226,#1396);
#206=LINE('',#14228,#1397);
#207=LINE('',#14230,#1398);
#208=LINE('',#14232,#1399);
#209=LINE('',#14234,#1400);
#210=LINE('',#14236,#1401);
#211=LINE('',#14238,#1402);
#212=LINE('',#14240,#1403);
#213=LINE('',#14242,#1404);
#214=LINE('',#14244,#1405);
#215=LINE('',#14246,#1406);
#216=LINE('',#14248,#1407);
#217=LINE('',#14250,#1408);
#218=LINE('',#14252,#1409);
#219=LINE('',#14254,#1410);
#220=LINE('',#14256,#1411);
#221=LINE('',#14258,#1412);
#222=LINE('',#14260,#1413);
#223=LINE('',#14262,#1414);
#224=LINE('',#14264,#1415);
#225=LINE('',#14266,#1416);
#226=LINE('',#14268,#1417);
#227=LINE('',#14270,#1418);
#228=LINE('',#14272,#1419);
#229=LINE('',#14276,#1420);
#230=LINE('',#14278,#1421);
#231=LINE('',#14280,#1422);
#232=LINE('',#14282,#1423);
#233=LINE('',#14284,#1424);
#234=LINE('',#14286,#1425);
#235=LINE('',#14288,#1426);
#236=LINE('',#14292,#1427);
#237=LINE('',#14315,#1428);
#238=LINE('',#14317,#1429);
#239=LINE('',#14319,#1430);
#240=LINE('',#14321,#1431);
#241=LINE('',#14323,#1432);
#242=LINE('',#14324,#1433);
#243=LINE('',#14327,#1434);
#244=LINE('',#14329,#1435);
#245=LINE('',#14331,#1436);
#246=LINE('',#14333,#1437);
#247=LINE('',#14335,#1438);
#248=LINE('',#14337,#1439);
#249=LINE('',#14339,#1440);
#250=LINE('',#14341,#1441);
#251=LINE('',#14343,#1442);
#252=LINE('',#14345,#1443);
#253=LINE('',#14347,#1444);
#254=LINE('',#14349,#1445);
#255=LINE('',#14367,#1446);
#256=LINE('',#14385,#1447);
#257=LINE('',#14403,#1448);
#258=LINE('',#14421,#1449);
#259=LINE('',#14427,#1450);
#260=LINE('',#14429,#1451);
#261=LINE('',#14435,#1452);
#262=LINE('',#14437,#1453);
#263=LINE('',#14439,#1454);
#264=LINE('',#14441,#1455);
#265=LINE('',#14443,#1456);
#266=LINE('',#14447,#1457);
#267=LINE('',#14449,#1458);
#268=LINE('',#14451,#1459);
#269=LINE('',#14453,#1460);
#270=LINE('',#14455,#1461);
#271=LINE('',#14458,#1462);
#272=LINE('',#14460,#1463);
#273=LINE('',#14462,#1464);
#274=LINE('',#14463,#1465);
#275=LINE('',#14466,#1466);
#276=LINE('',#14468,#1467);
#277=LINE('',#14470,#1468);
#278=LINE('',#14472,#1469);
#279=LINE('',#14474,#1470);
#280=LINE('',#14476,#1471);
#281=LINE('',#14478,#1472);
#282=LINE('',#14480,#1473);
#283=LINE('',#14482,#1474);
#284=LINE('',#14484,#1475);
#285=LINE('',#14486,#1476);
#286=LINE('',#14488,#1477);
#287=LINE('',#14490,#1478);
#288=LINE('',#14492,#1479);
#289=LINE('',#14494,#1480);
#290=LINE('',#14496,#1481);
#291=LINE('',#14498,#1482);
#292=LINE('',#14500,#1483);
#293=LINE('',#14502,#1484);
#294=LINE('',#14504,#1485);
#295=LINE('',#14506,#1486);
#296=LINE('',#14508,#1487);
#297=LINE('',#14510,#1488);
#298=LINE('',#14512,#1489);
#299=LINE('',#14514,#1490);
#300=LINE('',#14516,#1491);
#301=LINE('',#14518,#1492);
#302=LINE('',#14520,#1493);
#303=LINE('',#14522,#1494);
#304=LINE('',#14524,#1495);
#305=LINE('',#14526,#1496);
#306=LINE('',#14528,#1497);
#307=LINE('',#14530,#1498);
#308=LINE('',#14532,#1499);
#309=LINE('',#14534,#1500);
#310=LINE('',#14536,#1501);
#311=LINE('',#14538,#1502);
#312=LINE('',#14540,#1503);
#313=LINE('',#14542,#1504);
#314=LINE('',#14544,#1505);
#315=LINE('',#14546,#1506);
#316=LINE('',#14548,#1507);
#317=LINE('',#14550,#1508);
#318=LINE('',#14552,#1509);
#319=LINE('',#14554,#1510);
#320=LINE('',#14556,#1511);
#321=LINE('',#14558,#1512);
#322=LINE('',#14560,#1513);
#323=LINE('',#14562,#1514);
#324=LINE('',#14563,#1515);
#325=LINE('',#14566,#1516);
#326=LINE('',#14568,#1517);
#327=LINE('',#14570,#1518);
#328=LINE('',#14572,#1519);
#329=LINE('',#14574,#1520);
#330=LINE('',#14576,#1521);
#331=LINE('',#14578,#1522);
#332=LINE('',#14580,#1523);
#333=LINE('',#14582,#1524);
#334=LINE('',#14584,#1525);
#335=LINE('',#14586,#1526);
#336=LINE('',#14588,#1527);
#337=LINE('',#14590,#1528);
#338=LINE('',#14592,#1529);
#339=LINE('',#14594,#1530);
#340=LINE('',#14596,#1531);
#341=LINE('',#14598,#1532);
#342=LINE('',#14600,#1533);
#343=LINE('',#14602,#1534);
#344=LINE('',#14604,#1535);
#345=LINE('',#14606,#1536);
#346=LINE('',#14608,#1537);
#347=LINE('',#14610,#1538);
#348=LINE('',#14612,#1539);
#349=LINE('',#14614,#1540);
#350=LINE('',#14616,#1541);
#351=LINE('',#14618,#1542);
#352=LINE('',#14620,#1543);
#353=LINE('',#14622,#1544);
#354=LINE('',#14624,#1545);
#355=LINE('',#14626,#1546);
#356=LINE('',#14628,#1547);
#357=LINE('',#14630,#1548);
#358=LINE('',#14632,#1549);
#359=LINE('',#14634,#1550);
#360=LINE('',#14636,#1551);
#361=LINE('',#14638,#1552);
#362=LINE('',#14640,#1553);
#363=LINE('',#14642,#1554);
#364=LINE('',#14644,#1555);
#365=LINE('',#14646,#1556);
#366=LINE('',#14648,#1557);
#367=LINE('',#14650,#1558);
#368=LINE('',#14652,#1559);
#369=LINE('',#14654,#1560);
#370=LINE('',#14656,#1561);
#371=LINE('',#14658,#1562);
#372=LINE('',#14660,#1563);
#373=LINE('',#14662,#1564);
#374=LINE('',#14663,#1565);
#375=LINE('',#14666,#1566);
#376=LINE('',#14668,#1567);
#377=LINE('',#14670,#1568);
#378=LINE('',#14672,#1569);
#379=LINE('',#14674,#1570);
#380=LINE('',#14676,#1571);
#381=LINE('',#14678,#1572);
#382=LINE('',#14680,#1573);
#383=LINE('',#14682,#1574);
#384=LINE('',#14684,#1575);
#385=LINE('',#14686,#1576);
#386=LINE('',#14688,#1577);
#387=LINE('',#14690,#1578);
#388=LINE('',#14692,#1579);
#389=LINE('',#14694,#1580);
#390=LINE('',#14696,#1581);
#391=LINE('',#14698,#1582);
#392=LINE('',#14700,#1583);
#393=LINE('',#14702,#1584);
#394=LINE('',#14704,#1585);
#395=LINE('',#14706,#1586);
#396=LINE('',#14708,#1587);
#397=LINE('',#14710,#1588);
#398=LINE('',#14712,#1589);
#399=LINE('',#14714,#1590);
#400=LINE('',#14716,#1591);
#401=LINE('',#14718,#1592);
#402=LINE('',#14720,#1593);
#403=LINE('',#14722,#1594);
#404=LINE('',#14724,#1595);
#405=LINE('',#14726,#1596);
#406=LINE('',#14728,#1597);
#407=LINE('',#14730,#1598);
#408=LINE('',#14732,#1599);
#409=LINE('',#14734,#1600);
#410=LINE('',#14736,#1601);
#411=LINE('',#14738,#1602);
#412=LINE('',#14740,#1603);
#413=LINE('',#14742,#1604);
#414=LINE('',#14744,#1605);
#415=LINE('',#14746,#1606);
#416=LINE('',#14748,#1607);
#417=LINE('',#14750,#1608);
#418=LINE('',#14752,#1609);
#419=LINE('',#14754,#1610);
#420=LINE('',#14756,#1611);
#421=LINE('',#14758,#1612);
#422=LINE('',#14760,#1613);
#423=LINE('',#14762,#1614);
#424=LINE('',#14781,#1615);
#425=LINE('',#14799,#1616);
#426=LINE('',#14817,#1617);
#427=LINE('',#14835,#1618);
#428=LINE('',#14836,#1619);
#429=LINE('',#14841,#1620);
#430=LINE('',#14843,#1621);
#431=LINE('',#14845,#1622);
#432=LINE('',#14847,#1623);
#433=LINE('',#14849,#1624);
#434=LINE('',#14851,#1625);
#435=LINE('',#14853,#1626);
#436=LINE('',#14855,#1627);
#437=LINE('',#14857,#1628);
#438=LINE('',#14859,#1629);
#439=LINE('',#14862,#1630);
#440=LINE('',#14864,#1631);
#441=LINE('',#14866,#1632);
#442=LINE('',#14868,#1633);
#443=LINE('',#14871,#1634);
#444=LINE('',#14873,#1635);
#445=LINE('',#14875,#1636);
#446=LINE('',#14877,#1637);
#447=LINE('',#14878,#1638);
#448=LINE('',#14880,#1639);
#449=LINE('',#14882,#1640);
#450=LINE('',#14885,#1641);
#451=LINE('',#14887,#1642);
#452=LINE('',#14889,#1643);
#453=LINE('',#14891,#1644);
#454=LINE('',#14893,#1645);
#455=LINE('',#14895,#1646);
#456=LINE('',#14897,#1647);
#457=LINE('',#14899,#1648);
#458=LINE('',#14901,#1649);
#459=LINE('',#14903,#1650);
#460=LINE('',#14905,#1651);
#461=LINE('',#14907,#1652);
#462=LINE('',#14909,#1653);
#463=LINE('',#14911,#1654);
#464=LINE('',#14913,#1655);
#465=LINE('',#14914,#1656);
#466=LINE('',#14915,#1657);
#467=LINE('',#14917,#1658);
#468=LINE('',#14919,#1659);
#469=LINE('',#14921,#1660);
#470=LINE('',#14922,#1661);
#471=LINE('',#14926,#1662);
#472=LINE('',#14930,#1663);
#473=LINE('',#14932,#1664);
#474=LINE('',#14934,#1665);
#475=LINE('',#14936,#1666);
#476=LINE('',#14942,#1667);
#477=LINE('',#14955,#1668);
#478=LINE('',#14957,#1669);
#479=LINE('',#14959,#1670);
#480=LINE('',#14960,#1671);
#481=LINE('',#14963,#1672);
#482=LINE('',#14965,#1673);
#483=LINE('',#14969,#1674);
#484=LINE('',#14973,#1675);
#485=LINE('',#14975,#1676);
#486=LINE('',#14977,#1677);
#487=LINE('',#14989,#1678);
#488=LINE('',#14990,#1679);
#489=LINE('',#14991,#1680);
#490=LINE('',#14997,#1681);
#491=LINE('',#15003,#1682);
#492=LINE('',#15005,#1683);
#493=LINE('',#15007,#1684);
#494=LINE('',#15009,#1685);
#495=LINE('',#15013,#1686);
#496=LINE('',#15014,#1687);
#497=LINE('',#15019,#1688);
#498=LINE('',#15023,#1689);
#499=LINE('',#15025,#1690);
#500=LINE('',#15027,#1691);
#501=LINE('',#15029,#1692);
#502=LINE('',#15031,#1693);
#503=LINE('',#15035,#1694);
#504=LINE('',#15041,#1695);
#505=LINE('',#15044,#1696);
#506=LINE('',#15045,#1697);
#507=LINE('',#15047,#1698);
#508=LINE('',#15049,#1699);
#509=LINE('',#15050,#1700);
#510=LINE('',#15052,#1701);
#511=LINE('',#15054,#1702);
#512=LINE('',#15057,#1703);
#513=LINE('',#15061,#1704);
#514=LINE('',#15062,#1705);
#515=LINE('',#15063,#1706);
#516=LINE('',#15065,#1707);
#517=LINE('',#15067,#1708);
#518=LINE('',#15068,#1709);
#519=LINE('',#15074,#1710);
#520=LINE('',#15076,#1711);
#521=LINE('',#15078,#1712);
#522=LINE('',#15080,#1713);
#523=LINE('',#15081,#1714);
#524=LINE('',#15090,#1715);
#525=LINE('',#15092,#1716);
#526=LINE('',#15093,#1717);
#527=LINE('',#15095,#1718);
#528=LINE('',#15097,#1719);
#529=LINE('',#15098,#1720);
#530=LINE('',#15100,#1721);
#531=LINE('',#15101,#1722);
#532=LINE('',#15158,#1723);
#533=LINE('',#15159,#1724);
#534=LINE('',#15161,#1725);
#535=LINE('',#15163,#1726);
#536=LINE('',#15165,#1727);
#537=LINE('',#15167,#1728);
#538=LINE('',#15169,#1729);
#539=LINE('',#15170,#1730);
#540=LINE('',#15173,#1731);
#541=LINE('',#15175,#1732);
#542=LINE('',#15178,#1733);
#543=LINE('',#15180,#1734);
#544=LINE('',#15182,#1735);
#545=LINE('',#15184,#1736);
#546=LINE('',#15186,#1737);
#547=LINE('',#15190,#1738);
#548=LINE('',#15191,#1739);
#549=LINE('',#15202,#1740);
#550=LINE('',#15204,#1741);
#551=LINE('',#15215,#1742);
#552=LINE('',#15217,#1743);
#553=LINE('',#15228,#1744);
#554=LINE('',#15230,#1745);
#555=LINE('',#15251,#1746);
#556=LINE('',#15269,#1747);
#557=LINE('',#15271,#1748);
#558=LINE('',#15273,#1749);
#559=LINE('',#15284,#1750);
#560=LINE('',#15302,#1751);
#561=LINE('',#15304,#1752);
#562=LINE('',#15315,#1753);
#563=LINE('',#15333,#1754);
#564=LINE('',#15335,#1755);
#565=LINE('',#15346,#1756);
#566=LINE('',#15364,#1757);
#567=LINE('',#15366,#1758);
#568=LINE('',#15370,#1759);
#569=LINE('',#15372,#1760);
#570=LINE('',#15374,#1761);
#571=LINE('',#15376,#1762);
#572=LINE('',#15378,#1763);
#573=LINE('',#15381,#1764);
#574=LINE('',#15383,#1765);
#575=LINE('',#15385,#1766);
#576=LINE('',#15387,#1767);
#577=LINE('',#15389,#1768);
#578=LINE('',#15391,#1769);
#579=LINE('',#15393,#1770);
#580=LINE('',#15395,#1771);
#581=LINE('',#15397,#1772);
#582=LINE('',#15399,#1773);
#583=LINE('',#15401,#1774);
#584=LINE('',#15403,#1775);
#585=LINE('',#15405,#1776);
#586=LINE('',#15407,#1777);
#587=LINE('',#15409,#1778);
#588=LINE('',#15411,#1779);
#589=LINE('',#15413,#1780);
#590=LINE('',#15415,#1781);
#591=LINE('',#15417,#1782);
#592=LINE('',#15419,#1783);
#593=LINE('',#15421,#1784);
#594=LINE('',#15423,#1785);
#595=LINE('',#15425,#1786);
#596=LINE('',#15427,#1787);
#597=LINE('',#15429,#1788);
#598=LINE('',#15431,#1789);
#599=LINE('',#15433,#1790);
#600=LINE('',#15435,#1791);
#601=LINE('',#15437,#1792);
#602=LINE('',#15439,#1793);
#603=LINE('',#15441,#1794);
#604=LINE('',#15443,#1795);
#605=LINE('',#15445,#1796);
#606=LINE('',#15447,#1797);
#607=LINE('',#15449,#1798);
#608=LINE('',#15451,#1799);
#609=LINE('',#15453,#1800);
#610=LINE('',#15455,#1801);
#611=LINE('',#15457,#1802);
#612=LINE('',#15459,#1803);
#613=LINE('',#15461,#1804);
#614=LINE('',#15463,#1805);
#615=LINE('',#15465,#1806);
#616=LINE('',#15467,#1807);
#617=LINE('',#15469,#1808);
#618=LINE('',#15471,#1809);
#619=LINE('',#15473,#1810);
#620=LINE('',#15475,#1811);
#621=LINE('',#15477,#1812);
#622=LINE('',#15479,#1813);
#623=LINE('',#15481,#1814);
#624=LINE('',#15483,#1815);
#625=LINE('',#15485,#1816);
#626=LINE('',#15487,#1817);
#627=LINE('',#15489,#1818);
#628=LINE('',#15491,#1819);
#629=LINE('',#15493,#1820);
#630=LINE('',#15495,#1821);
#631=LINE('',#15497,#1822);
#632=LINE('',#15499,#1823);
#633=LINE('',#15501,#1824);
#634=LINE('',#15503,#1825);
#635=LINE('',#15505,#1826);
#636=LINE('',#15507,#1827);
#637=LINE('',#15509,#1828);
#638=LINE('',#15511,#1829);
#639=LINE('',#15513,#1830);
#640=LINE('',#15515,#1831);
#641=LINE('',#15517,#1832);
#642=LINE('',#15519,#1833);
#643=LINE('',#15521,#1834);
#644=LINE('',#15523,#1835);
#645=LINE('',#15525,#1836);
#646=LINE('',#15527,#1837);
#647=LINE('',#15529,#1838);
#648=LINE('',#15531,#1839);
#649=LINE('',#15533,#1840);
#650=LINE('',#15535,#1841);
#651=LINE('',#15537,#1842);
#652=LINE('',#15539,#1843);
#653=LINE('',#15541,#1844);
#654=LINE('',#15543,#1845);
#655=LINE('',#15545,#1846);
#656=LINE('',#15547,#1847);
#657=LINE('',#15549,#1848);
#658=LINE('',#15551,#1849);
#659=LINE('',#15553,#1850);
#660=LINE('',#15555,#1851);
#661=LINE('',#15557,#1852);
#662=LINE('',#15559,#1853);
#663=LINE('',#15561,#1854);
#664=LINE('',#15563,#1855);
#665=LINE('',#15565,#1856);
#666=LINE('',#15567,#1857);
#667=LINE('',#15569,#1858);
#668=LINE('',#15571,#1859);
#669=LINE('',#15573,#1860);
#670=LINE('',#15575,#1861);
#671=LINE('',#15577,#1862);
#672=LINE('',#15579,#1863);
#673=LINE('',#15582,#1864);
#674=LINE('',#15584,#1865);
#675=LINE('',#15586,#1866);
#676=LINE('',#15588,#1867);
#677=LINE('',#15590,#1868);
#678=LINE('',#15592,#1869);
#679=LINE('',#15594,#1870);
#680=LINE('',#15596,#1871);
#681=LINE('',#15598,#1872);
#682=LINE('',#15600,#1873);
#683=LINE('',#15602,#1874);
#684=LINE('',#15604,#1875);
#685=LINE('',#15606,#1876);
#686=LINE('',#15608,#1877);
#687=LINE('',#15610,#1878);
#688=LINE('',#15612,#1879);
#689=LINE('',#15614,#1880);
#690=LINE('',#15616,#1881);
#691=LINE('',#15618,#1882);
#692=LINE('',#15620,#1883);
#693=LINE('',#15622,#1884);
#694=LINE('',#15624,#1885);
#695=LINE('',#15626,#1886);
#696=LINE('',#15628,#1887);
#697=LINE('',#15630,#1888);
#698=LINE('',#15632,#1889);
#699=LINE('',#15634,#1890);
#700=LINE('',#15636,#1891);
#701=LINE('',#15638,#1892);
#702=LINE('',#15640,#1893);
#703=LINE('',#15642,#1894);
#704=LINE('',#15644,#1895);
#705=LINE('',#15646,#1896);
#706=LINE('',#15648,#1897);
#707=LINE('',#15650,#1898);
#708=LINE('',#15652,#1899);
#709=LINE('',#15654,#1900);
#710=LINE('',#15656,#1901);
#711=LINE('',#15658,#1902);
#712=LINE('',#15660,#1903);
#713=LINE('',#15662,#1904);
#714=LINE('',#15664,#1905);
#715=LINE('',#15666,#1906);
#716=LINE('',#15668,#1907);
#717=LINE('',#15670,#1908);
#718=LINE('',#15672,#1909);
#719=LINE('',#15674,#1910);
#720=LINE('',#15676,#1911);
#721=LINE('',#15678,#1912);
#722=LINE('',#15680,#1913);
#723=LINE('',#15682,#1914);
#724=LINE('',#15684,#1915);
#725=LINE('',#15686,#1916);
#726=LINE('',#15688,#1917);
#727=LINE('',#15690,#1918);
#728=LINE('',#15692,#1919);
#729=LINE('',#15694,#1920);
#730=LINE('',#15696,#1921);
#731=LINE('',#15698,#1922);
#732=LINE('',#15700,#1923);
#733=LINE('',#15702,#1924);
#734=LINE('',#15704,#1925);
#735=LINE('',#15706,#1926);
#736=LINE('',#15708,#1927);
#737=LINE('',#15710,#1928);
#738=LINE('',#15712,#1929);
#739=LINE('',#15714,#1930);
#740=LINE('',#15716,#1931);
#741=LINE('',#15718,#1932);
#742=LINE('',#15720,#1933);
#743=LINE('',#15722,#1934);
#744=LINE('',#15724,#1935);
#745=LINE('',#15726,#1936);
#746=LINE('',#15728,#1937);
#747=LINE('',#15730,#1938);
#748=LINE('',#15732,#1939);
#749=LINE('',#15734,#1940);
#750=LINE('',#15736,#1941);
#751=LINE('',#15738,#1942);
#752=LINE('',#15740,#1943);
#753=LINE('',#15742,#1944);
#754=LINE('',#15744,#1945);
#755=LINE('',#15746,#1946);
#756=LINE('',#15748,#1947);
#757=LINE('',#15750,#1948);
#758=LINE('',#15752,#1949);
#759=LINE('',#15754,#1950);
#760=LINE('',#15756,#1951);
#761=LINE('',#15758,#1952);
#762=LINE('',#15760,#1953);
#763=LINE('',#15762,#1954);
#764=LINE('',#15764,#1955);
#765=LINE('',#15766,#1956);
#766=LINE('',#15768,#1957);
#767=LINE('',#15770,#1958);
#768=LINE('',#15772,#1959);
#769=LINE('',#15774,#1960);
#770=LINE('',#15776,#1961);
#771=LINE('',#15778,#1962);
#772=LINE('',#15780,#1963);
#773=LINE('',#15783,#1964);
#774=LINE('',#15786,#1965);
#775=LINE('',#15788,#1966);
#776=LINE('',#15790,#1967);
#777=LINE('',#15792,#1968);
#778=LINE('',#15794,#1969);
#779=LINE('',#15796,#1970);
#780=LINE('',#15798,#1971);
#781=LINE('',#15800,#1972);
#782=LINE('',#15802,#1973);
#783=LINE('',#15804,#1974);
#784=LINE('',#15806,#1975);
#785=LINE('',#15808,#1976);
#786=LINE('',#15810,#1977);
#787=LINE('',#15812,#1978);
#788=LINE('',#15814,#1979);
#789=LINE('',#15816,#1980);
#790=LINE('',#15818,#1981);
#791=LINE('',#15820,#1982);
#792=LINE('',#15822,#1983);
#793=LINE('',#15824,#1984);
#794=LINE('',#15826,#1985);
#795=LINE('',#15828,#1986);
#796=LINE('',#15830,#1987);
#797=LINE('',#15832,#1988);
#798=LINE('',#15834,#1989);
#799=LINE('',#15836,#1990);
#800=LINE('',#15838,#1991);
#801=LINE('',#15840,#1992);
#802=LINE('',#15842,#1993);
#803=LINE('',#15844,#1994);
#804=LINE('',#15846,#1995);
#805=LINE('',#15848,#1996);
#806=LINE('',#15850,#1997);
#807=LINE('',#15852,#1998);
#808=LINE('',#15854,#1999);
#809=LINE('',#15856,#2000);
#810=LINE('',#15858,#2001);
#811=LINE('',#15860,#2002);
#812=LINE('',#15862,#2003);
#813=LINE('',#15864,#2004);
#814=LINE('',#15866,#2005);
#815=LINE('',#15868,#2006);
#816=LINE('',#15870,#2007);
#817=LINE('',#15872,#2008);
#818=LINE('',#15874,#2009);
#819=LINE('',#15876,#2010);
#820=LINE('',#15878,#2011);
#821=LINE('',#15880,#2012);
#822=LINE('',#15882,#2013);
#823=LINE('',#15884,#2014);
#824=LINE('',#15886,#2015);
#825=LINE('',#15888,#2016);
#826=LINE('',#15890,#2017);
#827=LINE('',#15892,#2018);
#828=LINE('',#15894,#2019);
#829=LINE('',#15896,#2020);
#830=LINE('',#15898,#2021);
#831=LINE('',#15900,#2022);
#832=LINE('',#15902,#2023);
#833=LINE('',#15904,#2024);
#834=LINE('',#15906,#2025);
#835=LINE('',#15908,#2026);
#836=LINE('',#15910,#2027);
#837=LINE('',#15912,#2028);
#838=LINE('',#15914,#2029);
#839=LINE('',#15916,#2030);
#840=LINE('',#15918,#2031);
#841=LINE('',#15920,#2032);
#842=LINE('',#15922,#2033);
#843=LINE('',#15924,#2034);
#844=LINE('',#15926,#2035);
#845=LINE('',#15928,#2036);
#846=LINE('',#15930,#2037);
#847=LINE('',#15932,#2038);
#848=LINE('',#15934,#2039);
#849=LINE('',#15936,#2040);
#850=LINE('',#15938,#2041);
#851=LINE('',#15940,#2042);
#852=LINE('',#15942,#2043);
#853=LINE('',#15944,#2044);
#854=LINE('',#15946,#2045);
#855=LINE('',#15948,#2046);
#856=LINE('',#15950,#2047);
#857=LINE('',#15952,#2048);
#858=LINE('',#15954,#2049);
#859=LINE('',#15956,#2050);
#860=LINE('',#15958,#2051);
#861=LINE('',#15960,#2052);
#862=LINE('',#15962,#2053);
#863=LINE('',#15964,#2054);
#864=LINE('',#15966,#2055);
#865=LINE('',#15968,#2056);
#866=LINE('',#15970,#2057);
#867=LINE('',#15972,#2058);
#868=LINE('',#15974,#2059);
#869=LINE('',#15976,#2060);
#870=LINE('',#15978,#2061);
#871=LINE('',#15980,#2062);
#872=LINE('',#15982,#2063);
#873=LINE('',#15984,#2064);
#874=LINE('',#15986,#2065);
#875=LINE('',#15988,#2066);
#876=LINE('',#15990,#2067);
#877=LINE('',#15992,#2068);
#878=LINE('',#15994,#2069);
#879=LINE('',#15996,#2070);
#880=LINE('',#15998,#2071);
#881=LINE('',#16000,#2072);
#882=LINE('',#16002,#2073);
#883=LINE('',#16004,#2074);
#884=LINE('',#16006,#2075);
#885=LINE('',#16008,#2076);
#886=LINE('',#16010,#2077);
#887=LINE('',#16012,#2078);
#888=LINE('',#16014,#2079);
#889=LINE('',#16016,#2080);
#890=LINE('',#16018,#2081);
#891=LINE('',#16020,#2082);
#892=LINE('',#16022,#2083);
#893=LINE('',#16024,#2084);
#894=LINE('',#16026,#2085);
#895=LINE('',#16028,#2086);
#896=LINE('',#16030,#2087);
#897=LINE('',#16032,#2088);
#898=LINE('',#16034,#2089);
#899=LINE('',#16036,#2090);
#900=LINE('',#16038,#2091);
#901=LINE('',#16040,#2092);
#902=LINE('',#16042,#2093);
#903=LINE('',#16044,#2094);
#904=LINE('',#16046,#2095);
#905=LINE('',#16048,#2096);
#906=LINE('',#16050,#2097);
#907=LINE('',#16052,#2098);
#908=LINE('',#16054,#2099);
#909=LINE('',#16056,#2100);
#910=LINE('',#16058,#2101);
#911=LINE('',#16060,#2102);
#912=LINE('',#16062,#2103);
#913=LINE('',#16064,#2104);
#914=LINE('',#16066,#2105);
#915=LINE('',#16068,#2106);
#916=LINE('',#16070,#2107);
#917=LINE('',#16072,#2108);
#918=LINE('',#16074,#2109);
#919=LINE('',#16076,#2110);
#920=LINE('',#16078,#2111);
#921=LINE('',#16080,#2112);
#922=LINE('',#16082,#2113);
#923=LINE('',#16084,#2114);
#924=LINE('',#16086,#2115);
#925=LINE('',#16088,#2116);
#926=LINE('',#16090,#2117);
#927=LINE('',#16092,#2118);
#928=LINE('',#16094,#2119);
#929=LINE('',#16096,#2120);
#930=LINE('',#16098,#2121);
#931=LINE('',#16100,#2122);
#932=LINE('',#16102,#2123);
#933=LINE('',#16104,#2124);
#934=LINE('',#16106,#2125);
#935=LINE('',#16108,#2126);
#936=LINE('',#16110,#2127);
#937=LINE('',#16112,#2128);
#938=LINE('',#16114,#2129);
#939=LINE('',#16116,#2130);
#940=LINE('',#16118,#2131);
#941=LINE('',#16120,#2132);
#942=LINE('',#16122,#2133);
#943=LINE('',#16124,#2134);
#944=LINE('',#16126,#2135);
#945=LINE('',#16128,#2136);
#946=LINE('',#16130,#2137);
#947=LINE('',#16132,#2138);
#948=LINE('',#16134,#2139);
#949=LINE('',#16136,#2140);
#950=LINE('',#16138,#2141);
#951=LINE('',#16140,#2142);
#952=LINE('',#16142,#2143);
#953=LINE('',#16144,#2144);
#954=LINE('',#16146,#2145);
#955=LINE('',#16148,#2146);
#956=LINE('',#16150,#2147);
#957=LINE('',#16152,#2148);
#958=LINE('',#16154,#2149);
#959=LINE('',#16156,#2150);
#960=LINE('',#16158,#2151);
#961=LINE('',#16160,#2152);
#962=LINE('',#16161,#2153);
#963=LINE('',#16165,#2154);
#964=LINE('',#16168,#2155);
#965=LINE('',#16170,#2156);
#966=LINE('',#16172,#2157);
#967=LINE('',#16174,#2158);
#968=LINE('',#16176,#2159);
#969=LINE('',#16178,#2160);
#970=LINE('',#16180,#2161);
#971=LINE('',#16182,#2162);
#972=LINE('',#16184,#2163);
#973=LINE('',#16186,#2164);
#974=LINE('',#16188,#2165);
#975=LINE('',#16190,#2166);
#976=LINE('',#16192,#2167);
#977=LINE('',#16194,#2168);
#978=LINE('',#16196,#2169);
#979=LINE('',#16198,#2170);
#980=LINE('',#16200,#2171);
#981=LINE('',#16202,#2172);
#982=LINE('',#16204,#2173);
#983=LINE('',#16206,#2174);
#984=LINE('',#16208,#2175);
#985=LINE('',#16210,#2176);
#986=LINE('',#16212,#2177);
#987=LINE('',#16214,#2178);
#988=LINE('',#16216,#2179);
#989=LINE('',#16218,#2180);
#990=LINE('',#16220,#2181);
#991=LINE('',#16222,#2182);
#992=LINE('',#16224,#2183);
#993=LINE('',#16226,#2184);
#994=LINE('',#16228,#2185);
#995=LINE('',#16230,#2186);
#996=LINE('',#16232,#2187);
#997=LINE('',#16234,#2188);
#998=LINE('',#16236,#2189);
#999=LINE('',#16238,#2190);
#1000=LINE('',#16240,#2191);
#1001=LINE('',#16242,#2192);
#1002=LINE('',#16244,#2193);
#1003=LINE('',#16246,#2194);
#1004=LINE('',#16248,#2195);
#1005=LINE('',#16250,#2196);
#1006=LINE('',#16252,#2197);
#1007=LINE('',#16254,#2198);
#1008=LINE('',#16256,#2199);
#1009=LINE('',#16258,#2200);
#1010=LINE('',#16260,#2201);
#1011=LINE('',#16262,#2202);
#1012=LINE('',#16264,#2203);
#1013=LINE('',#16266,#2204);
#1014=LINE('',#16268,#2205);
#1015=LINE('',#16270,#2206);
#1016=LINE('',#16272,#2207);
#1017=LINE('',#16274,#2208);
#1018=LINE('',#16276,#2209);
#1019=LINE('',#16278,#2210);
#1020=LINE('',#16280,#2211);
#1021=LINE('',#16282,#2212);
#1022=LINE('',#16284,#2213);
#1023=LINE('',#16286,#2214);
#1024=LINE('',#16288,#2215);
#1025=LINE('',#16290,#2216);
#1026=LINE('',#16292,#2217);
#1027=LINE('',#16294,#2218);
#1028=LINE('',#16296,#2219);
#1029=LINE('',#16298,#2220);
#1030=LINE('',#16300,#2221);
#1031=LINE('',#16302,#2222);
#1032=LINE('',#16304,#2223);
#1033=LINE('',#16306,#2224);
#1034=LINE('',#16308,#2225);
#1035=LINE('',#16310,#2226);
#1036=LINE('',#16312,#2227);
#1037=LINE('',#16314,#2228);
#1038=LINE('',#16316,#2229);
#1039=LINE('',#16318,#2230);
#1040=LINE('',#16320,#2231);
#1041=LINE('',#16322,#2232);
#1042=LINE('',#16324,#2233);
#1043=LINE('',#16326,#2234);
#1044=LINE('',#16328,#2235);
#1045=LINE('',#16330,#2236);
#1046=LINE('',#16332,#2237);
#1047=LINE('',#16334,#2238);
#1048=LINE('',#16336,#2239);
#1049=LINE('',#16338,#2240);
#1050=LINE('',#16340,#2241);
#1051=LINE('',#16342,#2242);
#1052=LINE('',#16344,#2243);
#1053=LINE('',#16346,#2244);
#1054=LINE('',#16348,#2245);
#1055=LINE('',#16350,#2246);
#1056=LINE('',#16352,#2247);
#1057=LINE('',#16354,#2248);
#1058=LINE('',#16356,#2249);
#1059=LINE('',#16358,#2250);
#1060=LINE('',#16360,#2251);
#1061=LINE('',#16362,#2252);
#1062=LINE('',#16364,#2253);
#1063=LINE('',#16366,#2254);
#1064=LINE('',#16368,#2255);
#1065=LINE('',#16370,#2256);
#1066=LINE('',#16372,#2257);
#1067=LINE('',#16374,#2258);
#1068=LINE('',#16376,#2259);
#1069=LINE('',#16378,#2260);
#1070=LINE('',#16380,#2261);
#1071=LINE('',#16382,#2262);
#1072=LINE('',#16384,#2263);
#1073=LINE('',#16386,#2264);
#1074=LINE('',#16388,#2265);
#1075=LINE('',#16390,#2266);
#1076=LINE('',#16392,#2267);
#1077=LINE('',#16394,#2268);
#1078=LINE('',#16396,#2269);
#1079=LINE('',#16398,#2270);
#1080=LINE('',#16400,#2271);
#1081=LINE('',#16402,#2272);
#1082=LINE('',#16404,#2273);
#1083=LINE('',#16406,#2274);
#1084=LINE('',#16408,#2275);
#1085=LINE('',#16410,#2276);
#1086=LINE('',#16412,#2277);
#1087=LINE('',#16414,#2278);
#1088=LINE('',#16416,#2279);
#1089=LINE('',#16418,#2280);
#1090=LINE('',#16420,#2281);
#1091=LINE('',#16422,#2282);
#1092=LINE('',#16424,#2283);
#1093=LINE('',#16426,#2284);
#1094=LINE('',#16428,#2285);
#1095=LINE('',#16430,#2286);
#1096=LINE('',#16432,#2287);
#1097=LINE('',#16434,#2288);
#1098=LINE('',#16436,#2289);
#1099=LINE('',#16438,#2290);
#1100=LINE('',#16440,#2291);
#1101=LINE('',#16442,#2292);
#1102=LINE('',#16444,#2293);
#1103=LINE('',#16446,#2294);
#1104=LINE('',#16448,#2295);
#1105=LINE('',#16450,#2296);
#1106=LINE('',#16452,#2297);
#1107=LINE('',#16454,#2298);
#1108=LINE('',#16456,#2299);
#1109=LINE('',#16458,#2300);
#1110=LINE('',#16460,#2301);
#1111=LINE('',#16462,#2302);
#1112=LINE('',#16464,#2303);
#1113=LINE('',#16466,#2304);
#1114=LINE('',#16468,#2305);
#1115=LINE('',#16470,#2306);
#1116=LINE('',#16472,#2307);
#1117=LINE('',#16474,#2308);
#1118=LINE('',#16476,#2309);
#1119=LINE('',#16478,#2310);
#1120=LINE('',#16480,#2311);
#1121=LINE('',#16482,#2312);
#1122=LINE('',#16484,#2313);
#1123=LINE('',#16486,#2314);
#1124=LINE('',#16488,#2315);
#1125=LINE('',#16490,#2316);
#1126=LINE('',#16492,#2317);
#1127=LINE('',#16494,#2318);
#1128=LINE('',#16496,#2319);
#1129=LINE('',#16498,#2320);
#1130=LINE('',#16500,#2321);
#1131=LINE('',#16502,#2322);
#1132=LINE('',#16504,#2323);
#1133=LINE('',#16506,#2324);
#1134=LINE('',#16508,#2325);
#1135=LINE('',#16510,#2326);
#1136=LINE('',#16512,#2327);
#1137=LINE('',#16514,#2328);
#1138=LINE('',#16516,#2329);
#1139=LINE('',#16518,#2330);
#1140=LINE('',#16520,#2331);
#1141=LINE('',#16522,#2332);
#1142=LINE('',#16524,#2333);
#1143=LINE('',#16526,#2334);
#1144=LINE('',#16528,#2335);
#1145=LINE('',#16530,#2336);
#1146=LINE('',#16532,#2337);
#1147=LINE('',#16534,#2338);
#1148=LINE('',#16536,#2339);
#1149=LINE('',#16538,#2340);
#1150=LINE('',#16540,#2341);
#1151=LINE('',#16542,#2342);
#1152=LINE('',#16543,#2343);
#1153=LINE('',#16562,#2344);
#1154=LINE('',#16566,#2345);
#1155=LINE('',#16568,#2346);
#1156=LINE('',#16570,#2347);
#1157=LINE('',#16572,#2348);
#1158=LINE('',#16585,#2349);
#1159=LINE('',#16593,#2350);
#1160=LINE('',#16599,#2351);
#1161=LINE('',#16603,#2352);
#1162=LINE('',#16607,#2353);
#1163=LINE('',#16609,#2354);
#1164=LINE('',#16613,#2355);
#1165=LINE('',#16617,#2356);
#1166=LINE('',#16621,#2357);
#1167=LINE('',#16625,#2358);
#1168=LINE('',#16629,#2359);
#1169=LINE('',#16633,#2360);
#1170=LINE('',#16637,#2361);
#1171=LINE('',#16641,#2362);
#1172=LINE('',#16652,#2363);
#1173=LINE('',#16658,#2364);
#1174=LINE('',#16662,#2365);
#1175=LINE('',#16664,#2366);
#1176=LINE('',#16666,#2367);
#1177=LINE('',#16670,#2368);
#1178=LINE('',#16674,#2369);
#1179=LINE('',#16685,#2370);
#1180=LINE('',#16691,#2371);
#1181=LINE('',#16700,#2372);
#1182=LINE('',#16704,#2373);
#1183=LINE('',#16708,#2374);
#1184=LINE('',#16714,#2375);
#1185=LINE('',#16720,#2376);
#1186=LINE('',#16726,#2377);
#1187=LINE('',#16732,#2378);
#1188=LINE('',#16738,#2379);
#1189=LINE('',#16744,#2380);
#1190=LINE('',#16750,#2381);
#1191=LINE('',#16756,#2382);
#1192=LINE('',#16762,#2383);
#1193=LINE('',#16766,#2384);
#1194=LINE('',#16770,#2385);
#1195=LINE('',#16772,#2386);
#1196=LINE('',#16776,#2387);
#1197=LINE('',#16780,#2388);
#1198=LINE('',#16784,#2389);
#1199=LINE('',#16788,#2390);
#1200=LINE('',#16792,#2391);
#1201=LINE('',#16794,#2392);
#1202=LINE('',#16796,#2393);
#1203=LINE('',#16798,#2394);
#1204=LINE('',#16800,#2395);
#1205=LINE('',#16802,#2396);
#1206=LINE('',#16804,#2397);
#1207=LINE('',#16806,#2398);
#1208=LINE('',#16808,#2399);
#1209=LINE('',#16810,#2400);
#1210=LINE('',#16812,#2401);
#1211=LINE('',#16816,#2402);
#1212=LINE('',#16820,#2403);
#1213=LINE('',#16833,#2404);
#1214=LINE('',#16837,#2405);
#1215=LINE('',#16841,#2406);
#1216=LINE('',#16847,#2407);
#1217=LINE('',#16862,#2408);
#1218=LINE('',#16870,#2409);
#1219=LINE('',#16876,#2410);
#1220=LINE('',#16882,#2411);
#1221=LINE('',#16888,#2412);
#1222=LINE('',#16894,#2413);
#1223=LINE('',#16900,#2414);
#1224=LINE('',#16906,#2415);
#1225=LINE('',#16910,#2416);
#1226=LINE('',#16914,#2417);
#1227=LINE('',#16916,#2418);
#1228=LINE('',#16920,#2419);
#1229=LINE('',#16924,#2420);
#1230=LINE('',#16928,#2421);
#1231=LINE('',#16932,#2422);
#1232=LINE('',#16936,#2423);
#1233=LINE('',#16940,#2424);
#1234=LINE('',#16944,#2425);
#1235=LINE('',#16948,#2426);
#1236=LINE('',#16952,#2427);
#1237=LINE('',#16962,#2428);
#1238=LINE('',#16966,#2429);
#1239=LINE('',#16968,#2430);
#1240=LINE('',#16972,#2431);
#1241=LINE('',#16976,#2432);
#1242=LINE('',#16987,#2433);
#1243=LINE('',#16993,#2434);
#1244=LINE('',#16997,#2435);
#1245=LINE('',#16999,#2436);
#1246=LINE('',#17001,#2437);
#1247=LINE('',#17005,#2438);
#1248=LINE('',#17009,#2439);
#1249=LINE('',#17020,#2440);
#1250=LINE('',#17033,#2441);
#1251=LINE('',#17039,#2442);
#1252=LINE('',#17043,#2443);
#1253=LINE('',#17047,#2444);
#1254=LINE('',#17051,#2445);
#1255=LINE('',#17053,#2446);
#1256=LINE('',#17055,#2447);
#1257=LINE('',#17066,#2448);
#1258=LINE('',#17072,#2449);
#1259=LINE('',#17082,#2450);
#1260=LINE('',#17084,#2451);
#1261=LINE('',#17086,#2452);
#1262=LINE('',#17088,#2453);
#1263=LINE('',#17090,#2454);
#1264=LINE('',#17092,#2455);
#1265=LINE('',#17094,#2456);
#1266=LINE('',#17096,#2457);
#1267=LINE('',#17098,#2458);
#1268=LINE('',#17100,#2459);
#1269=LINE('',#17102,#2460);
#1270=LINE('',#17104,#2461);
#1271=LINE('',#17106,#2462);
#1272=LINE('',#17108,#2463);
#1273=LINE('',#17110,#2464);
#1274=LINE('',#17112,#2465);
#1275=LINE('',#17114,#2466);
#1276=LINE('',#17116,#2467);
#1277=LINE('',#17118,#2468);
#1278=LINE('',#17120,#2469);
#1279=LINE('',#17122,#2470);
#1280=LINE('',#17124,#2471);
#1281=LINE('',#17126,#2472);
#1282=LINE('',#17128,#2473);
#1283=LINE('',#17130,#2474);
#1284=LINE('',#17132,#2475);
#1285=LINE('',#17135,#2476);
#1286=LINE('',#17139,#2477);
#1287=LINE('',#17141,#2478);
#1288=LINE('',#17143,#2479);
#1289=LINE('',#17145,#2480);
#1290=LINE('',#17147,#2481);
#1291=LINE('',#17149,#2482);
#1292=LINE('',#17151,#2483);
#1293=LINE('',#17153,#2484);
#1294=LINE('',#17155,#2485);
#1295=LINE('',#17157,#2486);
#1296=LINE('',#17159,#2487);
#1297=LINE('',#17168,#2488);
#1298=LINE('',#17174,#2489);
#1299=LINE('',#17176,#2490);
#1300=LINE('',#17178,#2491);
#1301=LINE('',#17180,#2492);
#1302=LINE('',#17188,#2493);
#1303=LINE('',#17192,#2494);
#1304=LINE('',#17196,#2495);
#1305=LINE('',#17202,#2496);
#1306=LINE('',#17208,#2497);
#1307=LINE('',#17214,#2498);
#1308=LINE('',#17220,#2499);
#1309=LINE('',#17226,#2500);
#1310=LINE('',#17232,#2501);
#1311=LINE('',#17238,#2502);
#1312=LINE('',#17244,#2503);
#1313=LINE('',#17250,#2504);
#1314=LINE('',#17254,#2505);
#1315=LINE('',#17258,#2506);
#1316=LINE('',#17260,#2507);
#1317=LINE('',#17262,#2508);
#1318=LINE('',#17264,#2509);
#1319=LINE('',#17266,#2510);
#1320=LINE('',#17268,#2511);
#1321=LINE('',#17270,#2512);
#1322=LINE('',#17272,#2513);
#1323=LINE('',#17274,#2514);
#1324=LINE('',#17276,#2515);
#1325=LINE('',#17278,#2516);
#1326=LINE('',#17280,#2517);
#1327=LINE('',#17284,#2518);
#1328=LINE('',#17288,#2519);
#1329=LINE('',#17292,#2520);
#1330=LINE('',#17296,#2521);
#1331=LINE('',#17300,#2522);
#1332=LINE('',#17304,#2523);
#1333=LINE('',#17308,#2524);
#1334=LINE('',#17319,#2525);
#1335=LINE('',#17321,#2526);
#1336=LINE('',#17323,#2527);
#1337=LINE('',#17325,#2528);
#1338=LINE('',#17327,#2529);
#1339=LINE('',#17329,#2530);
#1340=LINE('',#17331,#2531);
#1341=LINE('',#17333,#2532);
#1342=LINE('',#17335,#2533);
#1343=LINE('',#17339,#2534);
#1344=LINE('',#17341,#2535);
#1345=LINE('',#17343,#2536);
#1346=LINE('',#17345,#2537);
#1347=LINE('',#17349,#2538);
#1348=LINE('',#17351,#2539);
#1349=LINE('',#17353,#2540);
#1350=LINE('',#17357,#2541);
#1351=LINE('',#17359,#2542);
#1352=LINE('',#17361,#2543);
#1353=VECTOR('',#11211,1.);
#1354=VECTOR('',#11224,1.);
#1355=VECTOR('',#11243,1.);
#1356=VECTOR('',#11244,1.);
#1357=VECTOR('',#11245,1.);
#1358=VECTOR('',#11246,1.);
#1359=VECTOR('',#11247,1.);
#1360=VECTOR('',#11258,1.);
#1361=VECTOR('',#11259,1.);
#1362=VECTOR('',#11260,1.);
#1363=VECTOR('',#11261,1.);
#1364=VECTOR('',#11264,1.);
#1365=VECTOR('',#11271,1.);
#1366=VECTOR('',#11316,1.);
#1367=VECTOR('',#11317,1.);
#1368=VECTOR('',#11318,1.);
#1369=VECTOR('',#11319,1.);
#1370=VECTOR('',#11324,1.);
#1371=VECTOR('',#11325,1.);
#1372=VECTOR('',#11326,1.);
#1373=VECTOR('',#11327,1.);
#1374=VECTOR('',#11328,1.);
#1375=VECTOR('',#11329,1.);
#1376=VECTOR('',#11330,1.);
#1377=VECTOR('',#11331,1.);
#1378=VECTOR('',#11332,1.);
#1379=VECTOR('',#11333,1.);
#1380=VECTOR('',#11334,1.);
#1381=VECTOR('',#11335,1.);
#1382=VECTOR('',#11336,1.);
#1383=VECTOR('',#11337,1.);
#1384=VECTOR('',#11338,1.);
#1385=VECTOR('',#11339,1.);
#1386=VECTOR('',#11340,1.);
#1387=VECTOR('',#11341,1.);
#1388=VECTOR('',#11342,1.);
#1389=VECTOR('',#11343,1.);
#1390=VECTOR('',#11344,1.);
#1391=VECTOR('',#11345,1.);
#1392=VECTOR('',#11346,1.);
#1393=VECTOR('',#11347,1.);
#1394=VECTOR('',#11348,1.);
#1395=VECTOR('',#11349,1.);
#1396=VECTOR('',#11350,1.);
#1397=VECTOR('',#11351,1.);
#1398=VECTOR('',#11352,1.);
#1399=VECTOR('',#11353,1.);
#1400=VECTOR('',#11354,1.);
#1401=VECTOR('',#11355,1.);
#1402=VECTOR('',#11356,1.);
#1403=VECTOR('',#11357,1.);
#1404=VECTOR('',#11358,1.);
#1405=VECTOR('',#11359,1.);
#1406=VECTOR('',#11360,1.);
#1407=VECTOR('',#11361,1.);
#1408=VECTOR('',#11362,1.);
#1409=VECTOR('',#11363,1.);
#1410=VECTOR('',#11364,1.);
#1411=VECTOR('',#11365,1.);
#1412=VECTOR('',#11366,1.);
#1413=VECTOR('',#11367,1.);
#1414=VECTOR('',#11368,1.);
#1415=VECTOR('',#11369,1.);
#1416=VECTOR('',#11370,1.);
#1417=VECTOR('',#11371,1.);
#1418=VECTOR('',#11372,1.);
#1419=VECTOR('',#11373,1.);
#1420=VECTOR('',#11376,1.);
#1421=VECTOR('',#11377,1.);
#1422=VECTOR('',#11378,1.);
#1423=VECTOR('',#11379,1.);
#1424=VECTOR('',#11380,1.);
#1425=VECTOR('',#11381,1.);
#1426=VECTOR('',#11382,1.);
#1427=VECTOR('',#11385,1.);
#1428=VECTOR('',#11408,1.);
#1429=VECTOR('',#11409,1.);
#1430=VECTOR('',#11410,1.);
#1431=VECTOR('',#11411,1.);
#1432=VECTOR('',#11412,1.);
#1433=VECTOR('',#11413,1.);
#1434=VECTOR('',#11414,1.);
#1435=VECTOR('',#11415,1.);
#1436=VECTOR('',#11416,1.);
#1437=VECTOR('',#11417,1.);
#1438=VECTOR('',#11418,1.);
#1439=VECTOR('',#11419,1.);
#1440=VECTOR('',#11420,1.);
#1441=VECTOR('',#11421,1.);
#1442=VECTOR('',#11422,1.);
#1443=VECTOR('',#11423,1.);
#1444=VECTOR('',#11424,1.);
#1445=VECTOR('',#11425,1.);
#1446=VECTOR('',#11426,1.);
#1447=VECTOR('',#11427,1.);
#1448=VECTOR('',#11428,1.);
#1449=VECTOR('',#11429,1.);
#1450=VECTOR('',#11434,1.);
#1451=VECTOR('',#11435,1.);
#1452=VECTOR('',#11436,1.);
#1453=VECTOR('',#11437,1.);
#1454=VECTOR('',#11438,1.);
#1455=VECTOR('',#11439,1.);
#1456=VECTOR('',#11440,1.);
#1457=VECTOR('',#11443,1.);
#1458=VECTOR('',#11444,1.);
#1459=VECTOR('',#11445,1.);
#1460=VECTOR('',#11446,1.);
#1461=VECTOR('',#11449,1.);
#1462=VECTOR('',#11450,1.);
#1463=VECTOR('',#11451,1.);
#1464=VECTOR('',#11452,1.);
#1465=VECTOR('',#11453,1.);
#1466=VECTOR('',#11454,1.);
#1467=VECTOR('',#11455,1.);
#1468=VECTOR('',#11456,1.);
#1469=VECTOR('',#11457,1.);
#1470=VECTOR('',#11458,1.);
#1471=VECTOR('',#11459,1.);
#1472=VECTOR('',#11460,1.);
#1473=VECTOR('',#11461,1.);
#1474=VECTOR('',#11462,1.);
#1475=VECTOR('',#11463,1.);
#1476=VECTOR('',#11464,1.);
#1477=VECTOR('',#11465,1.);
#1478=VECTOR('',#11466,1.);
#1479=VECTOR('',#11467,1.);
#1480=VECTOR('',#11468,1.);
#1481=VECTOR('',#11469,1.);
#1482=VECTOR('',#11470,1.);
#1483=VECTOR('',#11471,1.);
#1484=VECTOR('',#11472,1.);
#1485=VECTOR('',#11473,1.);
#1486=VECTOR('',#11474,1.);
#1487=VECTOR('',#11475,1.);
#1488=VECTOR('',#11476,1.);
#1489=VECTOR('',#11477,1.);
#1490=VECTOR('',#11478,1.);
#1491=VECTOR('',#11479,1.);
#1492=VECTOR('',#11480,1.);
#1493=VECTOR('',#11481,1.);
#1494=VECTOR('',#11482,1.);
#1495=VECTOR('',#11483,1.);
#1496=VECTOR('',#11484,1.);
#1497=VECTOR('',#11485,1.);
#1498=VECTOR('',#11486,1.);
#1499=VECTOR('',#11487,1.);
#1500=VECTOR('',#11488,1.);
#1501=VECTOR('',#11489,1.);
#1502=VECTOR('',#11490,1.);
#1503=VECTOR('',#11491,1.);
#1504=VECTOR('',#11492,1.);
#1505=VECTOR('',#11493,1.);
#1506=VECTOR('',#11494,1.);
#1507=VECTOR('',#11495,1.);
#1508=VECTOR('',#11496,1.);
#1509=VECTOR('',#11497,1.);
#1510=VECTOR('',#11498,1.);
#1511=VECTOR('',#11499,1.);
#1512=VECTOR('',#11500,1.);
#1513=VECTOR('',#11501,1.);
#1514=VECTOR('',#11502,1.);
#1515=VECTOR('',#11503,1.);
#1516=VECTOR('',#11504,1.);
#1517=VECTOR('',#11505,1.);
#1518=VECTOR('',#11506,1.);
#1519=VECTOR('',#11507,1.);
#1520=VECTOR('',#11508,1.);
#1521=VECTOR('',#11509,1.);
#1522=VECTOR('',#11510,1.);
#1523=VECTOR('',#11511,1.);
#1524=VECTOR('',#11512,1.);
#1525=VECTOR('',#11513,1.);
#1526=VECTOR('',#11514,1.);
#1527=VECTOR('',#11515,1.);
#1528=VECTOR('',#11516,1.);
#1529=VECTOR('',#11517,1.);
#1530=VECTOR('',#11518,1.);
#1531=VECTOR('',#11519,1.);
#1532=VECTOR('',#11520,1.);
#1533=VECTOR('',#11521,1.);
#1534=VECTOR('',#11522,1.);
#1535=VECTOR('',#11523,1.);
#1536=VECTOR('',#11524,1.);
#1537=VECTOR('',#11525,1.);
#1538=VECTOR('',#11526,1.);
#1539=VECTOR('',#11527,1.);
#1540=VECTOR('',#11528,1.);
#1541=VECTOR('',#11529,1.);
#1542=VECTOR('',#11530,1.);
#1543=VECTOR('',#11531,1.);
#1544=VECTOR('',#11532,1.);
#1545=VECTOR('',#11533,1.);
#1546=VECTOR('',#11534,1.);
#1547=VECTOR('',#11535,1.);
#1548=VECTOR('',#11536,1.);
#1549=VECTOR('',#11537,1.);
#1550=VECTOR('',#11538,1.);
#1551=VECTOR('',#11539,1.);
#1552=VECTOR('',#11540,1.);
#1553=VECTOR('',#11541,1.);
#1554=VECTOR('',#11542,1.);
#1555=VECTOR('',#11543,1.);
#1556=VECTOR('',#11544,1.);
#1557=VECTOR('',#11545,1.);
#1558=VECTOR('',#11546,1.);
#1559=VECTOR('',#11547,1.);
#1560=VECTOR('',#11548,1.);
#1561=VECTOR('',#11549,1.);
#1562=VECTOR('',#11550,1.);
#1563=VECTOR('',#11551,1.);
#1564=VECTOR('',#11552,1.);
#1565=VECTOR('',#11553,1.);
#1566=VECTOR('',#11554,1.);
#1567=VECTOR('',#11555,1.);
#1568=VECTOR('',#11556,1.);
#1569=VECTOR('',#11557,1.);
#1570=VECTOR('',#11558,1.);
#1571=VECTOR('',#11559,1.);
#1572=VECTOR('',#11560,1.);
#1573=VECTOR('',#11561,1.);
#1574=VECTOR('',#11562,1.);
#1575=VECTOR('',#11563,1.);
#1576=VECTOR('',#11564,1.);
#1577=VECTOR('',#11565,1.);
#1578=VECTOR('',#11566,1.);
#1579=VECTOR('',#11567,1.);
#1580=VECTOR('',#11568,1.);
#1581=VECTOR('',#11569,1.);
#1582=VECTOR('',#11570,1.);
#1583=VECTOR('',#11571,1.);
#1584=VECTOR('',#11572,1.);
#1585=VECTOR('',#11573,1.);
#1586=VECTOR('',#11574,1.);
#1587=VECTOR('',#11575,1.);
#1588=VECTOR('',#11576,1.);
#1589=VECTOR('',#11577,1.);
#1590=VECTOR('',#11578,1.);
#1591=VECTOR('',#11579,1.);
#1592=VECTOR('',#11580,1.);
#1593=VECTOR('',#11581,1.);
#1594=VECTOR('',#11582,1.);
#1595=VECTOR('',#11583,1.);
#1596=VECTOR('',#11584,1.);
#1597=VECTOR('',#11585,1.);
#1598=VECTOR('',#11586,1.);
#1599=VECTOR('',#11587,1.);
#1600=VECTOR('',#11588,1.);
#1601=VECTOR('',#11589,1.);
#1602=VECTOR('',#11590,1.);
#1603=VECTOR('',#11591,1.);
#1604=VECTOR('',#11592,1.);
#1605=VECTOR('',#11593,1.);
#1606=VECTOR('',#11594,1.);
#1607=VECTOR('',#11595,1.);
#1608=VECTOR('',#11596,1.);
#1609=VECTOR('',#11597,1.);
#1610=VECTOR('',#11598,1.);
#1611=VECTOR('',#11599,1.);
#1612=VECTOR('',#11600,1.);
#1613=VECTOR('',#11601,1.);
#1614=VECTOR('',#11602,1.);
#1615=VECTOR('',#11605,1.);
#1616=VECTOR('',#11606,1.);
#1617=VECTOR('',#11607,1.);
#1618=VECTOR('',#11608,1.);
#1619=VECTOR('',#11609,1.);
#1620=VECTOR('',#11612,1.);
#1621=VECTOR('',#11613,1.);
#1622=VECTOR('',#11614,1.);
#1623=VECTOR('',#11615,1.);
#1624=VECTOR('',#11616,1.);
#1625=VECTOR('',#11617,1.);
#1626=VECTOR('',#11618,1.);
#1627=VECTOR('',#11619,1.);
#1628=VECTOR('',#11620,1.);
#1629=VECTOR('',#11623,1.);
#1630=VECTOR('',#11624,1.);
#1631=VECTOR('',#11625,1.);
#1632=VECTOR('',#11626,1.);
#1633=VECTOR('',#11629,1.);
#1634=VECTOR('',#11630,1.);
#1635=VECTOR('',#11631,1.);
#1636=VECTOR('',#11632,1.);
#1637=VECTOR('',#11633,1.);
#1638=VECTOR('',#11634,1.);
#1639=VECTOR('',#11635,1.);
#1640=VECTOR('',#11638,1.);
#1641=VECTOR('',#11639,1.);
#1642=VECTOR('',#11640,1.);
#1643=VECTOR('',#11641,1.);
#1644=VECTOR('',#11642,1.);
#1645=VECTOR('',#11643,1.);
#1646=VECTOR('',#11646,1.);
#1647=VECTOR('',#11647,1.);
#1648=VECTOR('',#11648,1.);
#1649=VECTOR('',#11649,1.);
#1650=VECTOR('',#11650,1.);
#1651=VECTOR('',#11651,1.);
#1652=VECTOR('',#11652,1.);
#1653=VECTOR('',#11655,1.);
#1654=VECTOR('',#11656,1.);
#1655=VECTOR('',#11657,1.);
#1656=VECTOR('',#11658,1.);
#1657=VECTOR('',#11659,1.);
#1658=VECTOR('',#11662,1.);
#1659=VECTOR('',#11663,1.);
#1660=VECTOR('',#11664,1.);
#1661=VECTOR('',#11665,1.);
#1662=VECTOR('',#11668,1.);
#1663=VECTOR('',#11671,1.);
#1664=VECTOR('',#11672,1.);
#1665=VECTOR('',#11673,1.);
#1666=VECTOR('',#11674,1.);
#1667=VECTOR('',#11679,1.);
#1668=VECTOR('',#11692,1.);
#1669=VECTOR('',#11693,1.);
#1670=VECTOR('',#11694,1.);
#1671=VECTOR('',#11695,1.);
#1672=VECTOR('',#11696,1.);
#1673=VECTOR('',#11697,1.);
#1674=VECTOR('',#11700,1.);
#1675=VECTOR('',#11705,1.);
#1676=VECTOR('',#11706,1.);
#1677=VECTOR('',#11707,1.);
#1678=VECTOR('',#11718,1.);
#1679=VECTOR('',#11719,1.);
#1680=VECTOR('',#11720,1.);
#1681=VECTOR('',#11725,1.);
#1682=VECTOR('',#11730,1.);
#1683=VECTOR('',#11731,1.);
#1684=VECTOR('',#11732,1.);
#1685=VECTOR('',#11733,1.);
#1686=VECTOR('',#11736,1.);
#1687=VECTOR('',#11737,1.);
#1688=VECTOR('',#11740,1.);
#1689=VECTOR('',#11743,1.);
#1690=VECTOR('',#11744,1.);
#1691=VECTOR('',#11747,1.);
#1692=VECTOR('',#11748,1.);
#1693=VECTOR('',#11749,1.);
#1694=VECTOR('',#11756,1.);
#1695=VECTOR('',#11763,1.);
#1696=VECTOR('',#11764,1.);
#1697=VECTOR('',#11765,1.);
#1698=VECTOR('',#11766,1.);
#1699=VECTOR('',#11767,1.);
#1700=VECTOR('',#11768,1.);
#1701=VECTOR('',#11769,1.);
#1702=VECTOR('',#11770,1.);
#1703=VECTOR('',#11773,1.);
#1704=VECTOR('',#11776,1.);
#1705=VECTOR('',#11777,1.);
#1706=VECTOR('',#11778,1.);
#1707=VECTOR('',#11779,1.);
#1708=VECTOR('',#11780,1.);
#1709=VECTOR('',#11781,1.);
#1710=VECTOR('',#11788,1.);
#1711=VECTOR('',#11789,1.);
#1712=VECTOR('',#11790,1.);
#1713=VECTOR('',#11793,1.);
#1714=VECTOR('',#11794,1.);
#1715=VECTOR('',#11805,1.);
#1716=VECTOR('',#11806,1.);
#1717=VECTOR('',#11807,1.);
#1718=VECTOR('',#11808,1.);
#1719=VECTOR('',#11811,1.);
#1720=VECTOR('',#11812,1.);
#1721=VECTOR('',#11815,1.);
#1722=VECTOR('',#11816,1.);
#1723=VECTOR('',#11905,1.);
#1724=VECTOR('',#11906,1.);
#1725=VECTOR('',#11909,1.);
#1726=VECTOR('',#11912,1.);
#1727=VECTOR('',#11915,1.);
#1728=VECTOR('',#11918,1.);
#1729=VECTOR('',#11921,1.);
#1730=VECTOR('',#11922,1.);
#1731=VECTOR('',#11927,1.);
#1732=VECTOR('',#11930,1.);
#1733=VECTOR('',#11935,1.);
#1734=VECTOR('',#11938,1.);
#1735=VECTOR('',#11941,1.);
#1736=VECTOR('',#11944,1.);
#1737=VECTOR('',#11947,1.);
#1738=VECTOR('',#11954,1.);
#1739=VECTOR('',#11955,1.);
#1740=VECTOR('',#11956,1.);
#1741=VECTOR('',#11959,1.);
#1742=VECTOR('',#11960,1.);
#1743=VECTOR('',#11963,1.);
#1744=VECTOR('',#11964,1.);
#1745=VECTOR('',#11967,1.);
#1746=VECTOR('',#11968,1.);
#1747=VECTOR('',#11969,1.);
#1748=VECTOR('',#11972,1.);
#1749=VECTOR('',#11973,1.);
#1750=VECTOR('',#11974,1.);
#1751=VECTOR('',#11977,1.);
#1752=VECTOR('',#11978,1.);
#1753=VECTOR('',#11979,1.);
#1754=VECTOR('',#11982,1.);
#1755=VECTOR('',#11983,1.);
#1756=VECTOR('',#11984,1.);
#1757=VECTOR('',#11987,1.);
#1758=VECTOR('',#11990,1.);
#1759=VECTOR('',#11993,1.);
#1760=VECTOR('',#11996,1.);
#1761=VECTOR('',#11997,1.);
#1762=VECTOR('',#12000,1.);
#1763=VECTOR('',#12003,1.);
#1764=VECTOR('',#12008,1.);
#1765=VECTOR('',#12009,1.);
#1766=VECTOR('',#12010,1.);
#1767=VECTOR('',#12013,1.);
#1768=VECTOR('',#12014,1.);
#1769=VECTOR('',#12017,1.);
#1770=VECTOR('',#12018,1.);
#1771=VECTOR('',#12021,1.);
#1772=VECTOR('',#12022,1.);
#1773=VECTOR('',#12025,1.);
#1774=VECTOR('',#12026,1.);
#1775=VECTOR('',#12029,1.);
#1776=VECTOR('',#12030,1.);
#1777=VECTOR('',#12033,1.);
#1778=VECTOR('',#12034,1.);
#1779=VECTOR('',#12037,1.);
#1780=VECTOR('',#12038,1.);
#1781=VECTOR('',#12041,1.);
#1782=VECTOR('',#12042,1.);
#1783=VECTOR('',#12045,1.);
#1784=VECTOR('',#12046,1.);
#1785=VECTOR('',#12049,1.);
#1786=VECTOR('',#12050,1.);
#1787=VECTOR('',#12053,1.);
#1788=VECTOR('',#12054,1.);
#1789=VECTOR('',#12057,1.);
#1790=VECTOR('',#12058,1.);
#1791=VECTOR('',#12061,1.);
#1792=VECTOR('',#12062,1.);
#1793=VECTOR('',#12065,1.);
#1794=VECTOR('',#12066,1.);
#1795=VECTOR('',#12069,1.);
#1796=VECTOR('',#12070,1.);
#1797=VECTOR('',#12073,1.);
#1798=VECTOR('',#12074,1.);
#1799=VECTOR('',#12077,1.);
#1800=VECTOR('',#12078,1.);
#1801=VECTOR('',#12081,1.);
#1802=VECTOR('',#12082,1.);
#1803=VECTOR('',#12085,1.);
#1804=VECTOR('',#12086,1.);
#1805=VECTOR('',#12089,1.);
#1806=VECTOR('',#12090,1.);
#1807=VECTOR('',#12093,1.);
#1808=VECTOR('',#12094,1.);
#1809=VECTOR('',#12097,1.);
#1810=VECTOR('',#12098,1.);
#1811=VECTOR('',#12101,1.);
#1812=VECTOR('',#12102,1.);
#1813=VECTOR('',#12105,1.);
#1814=VECTOR('',#12106,1.);
#1815=VECTOR('',#12109,1.);
#1816=VECTOR('',#12110,1.);
#1817=VECTOR('',#12113,1.);
#1818=VECTOR('',#12114,1.);
#1819=VECTOR('',#12117,1.);
#1820=VECTOR('',#12118,1.);
#1821=VECTOR('',#12121,1.);
#1822=VECTOR('',#12122,1.);
#1823=VECTOR('',#12125,1.);
#1824=VECTOR('',#12126,1.);
#1825=VECTOR('',#12129,1.);
#1826=VECTOR('',#12130,1.);
#1827=VECTOR('',#12133,1.);
#1828=VECTOR('',#12134,1.);
#1829=VECTOR('',#12137,1.);
#1830=VECTOR('',#12138,1.);
#1831=VECTOR('',#12141,1.);
#1832=VECTOR('',#12142,1.);
#1833=VECTOR('',#12145,1.);
#1834=VECTOR('',#12146,1.);
#1835=VECTOR('',#12149,1.);
#1836=VECTOR('',#12150,1.);
#1837=VECTOR('',#12153,1.);
#1838=VECTOR('',#12154,1.);
#1839=VECTOR('',#12157,1.);
#1840=VECTOR('',#12158,1.);
#1841=VECTOR('',#12161,1.);
#1842=VECTOR('',#12162,1.);
#1843=VECTOR('',#12165,1.);
#1844=VECTOR('',#12166,1.);
#1845=VECTOR('',#12169,1.);
#1846=VECTOR('',#12170,1.);
#1847=VECTOR('',#12173,1.);
#1848=VECTOR('',#12174,1.);
#1849=VECTOR('',#12177,1.);
#1850=VECTOR('',#12178,1.);
#1851=VECTOR('',#12181,1.);
#1852=VECTOR('',#12182,1.);
#1853=VECTOR('',#12185,1.);
#1854=VECTOR('',#12186,1.);
#1855=VECTOR('',#12189,1.);
#1856=VECTOR('',#12190,1.);
#1857=VECTOR('',#12193,1.);
#1858=VECTOR('',#12194,1.);
#1859=VECTOR('',#12197,1.);
#1860=VECTOR('',#12198,1.);
#1861=VECTOR('',#12201,1.);
#1862=VECTOR('',#12202,1.);
#1863=VECTOR('',#12205,1.);
#1864=VECTOR('',#12210,1.);
#1865=VECTOR('',#12211,1.);
#1866=VECTOR('',#12212,1.);
#1867=VECTOR('',#12215,1.);
#1868=VECTOR('',#12216,1.);
#1869=VECTOR('',#12219,1.);
#1870=VECTOR('',#12220,1.);
#1871=VECTOR('',#12223,1.);
#1872=VECTOR('',#12224,1.);
#1873=VECTOR('',#12227,1.);
#1874=VECTOR('',#12228,1.);
#1875=VECTOR('',#12231,1.);
#1876=VECTOR('',#12232,1.);
#1877=VECTOR('',#12235,1.);
#1878=VECTOR('',#12236,1.);
#1879=VECTOR('',#12239,1.);
#1880=VECTOR('',#12240,1.);
#1881=VECTOR('',#12243,1.);
#1882=VECTOR('',#12244,1.);
#1883=VECTOR('',#12247,1.);
#1884=VECTOR('',#12248,1.);
#1885=VECTOR('',#12251,1.);
#1886=VECTOR('',#12252,1.);
#1887=VECTOR('',#12255,1.);
#1888=VECTOR('',#12256,1.);
#1889=VECTOR('',#12259,1.);
#1890=VECTOR('',#12260,1.);
#1891=VECTOR('',#12263,1.);
#1892=VECTOR('',#12264,1.);
#1893=VECTOR('',#12267,1.);
#1894=VECTOR('',#12268,1.);
#1895=VECTOR('',#12271,1.);
#1896=VECTOR('',#12272,1.);
#1897=VECTOR('',#12275,1.);
#1898=VECTOR('',#12276,1.);
#1899=VECTOR('',#12279,1.);
#1900=VECTOR('',#12280,1.);
#1901=VECTOR('',#12283,1.);
#1902=VECTOR('',#12284,1.);
#1903=VECTOR('',#12287,1.);
#1904=VECTOR('',#12288,1.);
#1905=VECTOR('',#12291,1.);
#1906=VECTOR('',#12292,1.);
#1907=VECTOR('',#12295,1.);
#1908=VECTOR('',#12296,1.);
#1909=VECTOR('',#12299,1.);
#1910=VECTOR('',#12300,1.);
#1911=VECTOR('',#12303,1.);
#1912=VECTOR('',#12304,1.);
#1913=VECTOR('',#12307,1.);
#1914=VECTOR('',#12308,1.);
#1915=VECTOR('',#12311,1.);
#1916=VECTOR('',#12312,1.);
#1917=VECTOR('',#12315,1.);
#1918=VECTOR('',#12316,1.);
#1919=VECTOR('',#12319,1.);
#1920=VECTOR('',#12320,1.);
#1921=VECTOR('',#12323,1.);
#1922=VECTOR('',#12324,1.);
#1923=VECTOR('',#12327,1.);
#1924=VECTOR('',#12328,1.);
#1925=VECTOR('',#12331,1.);
#1926=VECTOR('',#12332,1.);
#1927=VECTOR('',#12335,1.);
#1928=VECTOR('',#12336,1.);
#1929=VECTOR('',#12339,1.);
#1930=VECTOR('',#12340,1.);
#1931=VECTOR('',#12343,1.);
#1932=VECTOR('',#12344,1.);
#1933=VECTOR('',#12347,1.);
#1934=VECTOR('',#12348,1.);
#1935=VECTOR('',#12351,1.);
#1936=VECTOR('',#12352,1.);
#1937=VECTOR('',#12355,1.);
#1938=VECTOR('',#12356,1.);
#1939=VECTOR('',#12359,1.);
#1940=VECTOR('',#12360,1.);
#1941=VECTOR('',#12363,1.);
#1942=VECTOR('',#12364,1.);
#1943=VECTOR('',#12367,1.);
#1944=VECTOR('',#12368,1.);
#1945=VECTOR('',#12371,1.);
#1946=VECTOR('',#12372,1.);
#1947=VECTOR('',#12375,1.);
#1948=VECTOR('',#12376,1.);
#1949=VECTOR('',#12379,1.);
#1950=VECTOR('',#12380,1.);
#1951=VECTOR('',#12383,1.);
#1952=VECTOR('',#12384,1.);
#1953=VECTOR('',#12387,1.);
#1954=VECTOR('',#12388,1.);
#1955=VECTOR('',#12391,1.);
#1956=VECTOR('',#12392,1.);
#1957=VECTOR('',#12395,1.);
#1958=VECTOR('',#12396,1.);
#1959=VECTOR('',#12399,1.);
#1960=VECTOR('',#12400,1.);
#1961=VECTOR('',#12403,1.);
#1962=VECTOR('',#12404,1.);
#1963=VECTOR('',#12407,1.);
#1964=VECTOR('',#12412,1.);
#1965=VECTOR('',#12413,1.);
#1966=VECTOR('',#12414,1.);
#1967=VECTOR('',#12415,1.);
#1968=VECTOR('',#12418,1.);
#1969=VECTOR('',#12419,1.);
#1970=VECTOR('',#12420,1.);
#1971=VECTOR('',#12423,1.);
#1972=VECTOR('',#12424,1.);
#1973=VECTOR('',#12425,1.);
#1974=VECTOR('',#12428,1.);
#1975=VECTOR('',#12429,1.);
#1976=VECTOR('',#12430,1.);
#1977=VECTOR('',#12433,1.);
#1978=VECTOR('',#12434,1.);
#1979=VECTOR('',#12435,1.);
#1980=VECTOR('',#12438,1.);
#1981=VECTOR('',#12439,1.);
#1982=VECTOR('',#12440,1.);
#1983=VECTOR('',#12443,1.);
#1984=VECTOR('',#12444,1.);
#1985=VECTOR('',#12445,1.);
#1986=VECTOR('',#12448,1.);
#1987=VECTOR('',#12449,1.);
#1988=VECTOR('',#12450,1.);
#1989=VECTOR('',#12453,1.);
#1990=VECTOR('',#12454,1.);
#1991=VECTOR('',#12455,1.);
#1992=VECTOR('',#12458,1.);
#1993=VECTOR('',#12459,1.);
#1994=VECTOR('',#12460,1.);
#1995=VECTOR('',#12463,1.);
#1996=VECTOR('',#12464,1.);
#1997=VECTOR('',#12465,1.);
#1998=VECTOR('',#12468,1.);
#1999=VECTOR('',#12469,1.);
#2000=VECTOR('',#12470,1.);
#2001=VECTOR('',#12473,1.);
#2002=VECTOR('',#12474,1.);
#2003=VECTOR('',#12475,1.);
#2004=VECTOR('',#12478,1.);
#2005=VECTOR('',#12479,1.);
#2006=VECTOR('',#12480,1.);
#2007=VECTOR('',#12483,1.);
#2008=VECTOR('',#12484,1.);
#2009=VECTOR('',#12485,1.);
#2010=VECTOR('',#12488,1.);
#2011=VECTOR('',#12489,1.);
#2012=VECTOR('',#12490,1.);
#2013=VECTOR('',#12493,1.);
#2014=VECTOR('',#12494,1.);
#2015=VECTOR('',#12495,1.);
#2016=VECTOR('',#12498,1.);
#2017=VECTOR('',#12499,1.);
#2018=VECTOR('',#12500,1.);
#2019=VECTOR('',#12503,1.);
#2020=VECTOR('',#12504,1.);
#2021=VECTOR('',#12505,1.);
#2022=VECTOR('',#12508,1.);
#2023=VECTOR('',#12509,1.);
#2024=VECTOR('',#12510,1.);
#2025=VECTOR('',#12513,1.);
#2026=VECTOR('',#12514,1.);
#2027=VECTOR('',#12515,1.);
#2028=VECTOR('',#12518,1.);
#2029=VECTOR('',#12519,1.);
#2030=VECTOR('',#12520,1.);
#2031=VECTOR('',#12523,1.);
#2032=VECTOR('',#12524,1.);
#2033=VECTOR('',#12525,1.);
#2034=VECTOR('',#12528,1.);
#2035=VECTOR('',#12529,1.);
#2036=VECTOR('',#12530,1.);
#2037=VECTOR('',#12533,1.);
#2038=VECTOR('',#12534,1.);
#2039=VECTOR('',#12535,1.);
#2040=VECTOR('',#12538,1.);
#2041=VECTOR('',#12539,1.);
#2042=VECTOR('',#12540,1.);
#2043=VECTOR('',#12543,1.);
#2044=VECTOR('',#12544,1.);
#2045=VECTOR('',#12545,1.);
#2046=VECTOR('',#12548,1.);
#2047=VECTOR('',#12549,1.);
#2048=VECTOR('',#12550,1.);
#2049=VECTOR('',#12553,1.);
#2050=VECTOR('',#12554,1.);
#2051=VECTOR('',#12555,1.);
#2052=VECTOR('',#12558,1.);
#2053=VECTOR('',#12559,1.);
#2054=VECTOR('',#12560,1.);
#2055=VECTOR('',#12563,1.);
#2056=VECTOR('',#12564,1.);
#2057=VECTOR('',#12567,1.);
#2058=VECTOR('',#12568,1.);
#2059=VECTOR('',#12571,1.);
#2060=VECTOR('',#12572,1.);
#2061=VECTOR('',#12575,1.);
#2062=VECTOR('',#12576,1.);
#2063=VECTOR('',#12579,1.);
#2064=VECTOR('',#12580,1.);
#2065=VECTOR('',#12583,1.);
#2066=VECTOR('',#12584,1.);
#2067=VECTOR('',#12587,1.);
#2068=VECTOR('',#12588,1.);
#2069=VECTOR('',#12591,1.);
#2070=VECTOR('',#12592,1.);
#2071=VECTOR('',#12595,1.);
#2072=VECTOR('',#12596,1.);
#2073=VECTOR('',#12599,1.);
#2074=VECTOR('',#12600,1.);
#2075=VECTOR('',#12603,1.);
#2076=VECTOR('',#12604,1.);
#2077=VECTOR('',#12607,1.);
#2078=VECTOR('',#12608,1.);
#2079=VECTOR('',#12611,1.);
#2080=VECTOR('',#12612,1.);
#2081=VECTOR('',#12615,1.);
#2082=VECTOR('',#12616,1.);
#2083=VECTOR('',#12619,1.);
#2084=VECTOR('',#12620,1.);
#2085=VECTOR('',#12623,1.);
#2086=VECTOR('',#12624,1.);
#2087=VECTOR('',#12627,1.);
#2088=VECTOR('',#12628,1.);
#2089=VECTOR('',#12631,1.);
#2090=VECTOR('',#12632,1.);
#2091=VECTOR('',#12635,1.);
#2092=VECTOR('',#12636,1.);
#2093=VECTOR('',#12639,1.);
#2094=VECTOR('',#12640,1.);
#2095=VECTOR('',#12643,1.);
#2096=VECTOR('',#12644,1.);
#2097=VECTOR('',#12647,1.);
#2098=VECTOR('',#12648,1.);
#2099=VECTOR('',#12651,1.);
#2100=VECTOR('',#12652,1.);
#2101=VECTOR('',#12655,1.);
#2102=VECTOR('',#12656,1.);
#2103=VECTOR('',#12659,1.);
#2104=VECTOR('',#12660,1.);
#2105=VECTOR('',#12663,1.);
#2106=VECTOR('',#12664,1.);
#2107=VECTOR('',#12667,1.);
#2108=VECTOR('',#12668,1.);
#2109=VECTOR('',#12671,1.);
#2110=VECTOR('',#12672,1.);
#2111=VECTOR('',#12675,1.);
#2112=VECTOR('',#12676,1.);
#2113=VECTOR('',#12679,1.);
#2114=VECTOR('',#12680,1.);
#2115=VECTOR('',#12683,1.);
#2116=VECTOR('',#12684,1.);
#2117=VECTOR('',#12687,1.);
#2118=VECTOR('',#12688,1.);
#2119=VECTOR('',#12691,1.);
#2120=VECTOR('',#12692,1.);
#2121=VECTOR('',#12695,1.);
#2122=VECTOR('',#12696,1.);
#2123=VECTOR('',#12699,1.);
#2124=VECTOR('',#12700,1.);
#2125=VECTOR('',#12703,1.);
#2126=VECTOR('',#12704,1.);
#2127=VECTOR('',#12707,1.);
#2128=VECTOR('',#12708,1.);
#2129=VECTOR('',#12711,1.);
#2130=VECTOR('',#12712,1.);
#2131=VECTOR('',#12715,1.);
#2132=VECTOR('',#12716,1.);
#2133=VECTOR('',#12719,1.);
#2134=VECTOR('',#12720,1.);
#2135=VECTOR('',#12723,1.);
#2136=VECTOR('',#12724,1.);
#2137=VECTOR('',#12727,1.);
#2138=VECTOR('',#12728,1.);
#2139=VECTOR('',#12731,1.);
#2140=VECTOR('',#12732,1.);
#2141=VECTOR('',#12735,1.);
#2142=VECTOR('',#12736,1.);
#2143=VECTOR('',#12739,1.);
#2144=VECTOR('',#12740,1.);
#2145=VECTOR('',#12743,1.);
#2146=VECTOR('',#12744,1.);
#2147=VECTOR('',#12747,1.);
#2148=VECTOR('',#12748,1.);
#2149=VECTOR('',#12751,1.);
#2150=VECTOR('',#12752,1.);
#2151=VECTOR('',#12755,1.);
#2152=VECTOR('',#12758,1.);
#2153=VECTOR('',#12759,1.);
#2154=VECTOR('',#12766,1.);
#2155=VECTOR('',#12767,1.);
#2156=VECTOR('',#12768,1.);
#2157=VECTOR('',#12769,1.);
#2158=VECTOR('',#12772,1.);
#2159=VECTOR('',#12773,1.);
#2160=VECTOR('',#12774,1.);
#2161=VECTOR('',#12777,1.);
#2162=VECTOR('',#12778,1.);
#2163=VECTOR('',#12779,1.);
#2164=VECTOR('',#12782,1.);
#2165=VECTOR('',#12783,1.);
#2166=VECTOR('',#12784,1.);
#2167=VECTOR('',#12787,1.);
#2168=VECTOR('',#12788,1.);
#2169=VECTOR('',#12789,1.);
#2170=VECTOR('',#12792,1.);
#2171=VECTOR('',#12793,1.);
#2172=VECTOR('',#12794,1.);
#2173=VECTOR('',#12797,1.);
#2174=VECTOR('',#12798,1.);
#2175=VECTOR('',#12799,1.);
#2176=VECTOR('',#12802,1.);
#2177=VECTOR('',#12803,1.);
#2178=VECTOR('',#12804,1.);
#2179=VECTOR('',#12807,1.);
#2180=VECTOR('',#12808,1.);
#2181=VECTOR('',#12809,1.);
#2182=VECTOR('',#12812,1.);
#2183=VECTOR('',#12813,1.);
#2184=VECTOR('',#12814,1.);
#2185=VECTOR('',#12817,1.);
#2186=VECTOR('',#12818,1.);
#2187=VECTOR('',#12819,1.);
#2188=VECTOR('',#12822,1.);
#2189=VECTOR('',#12823,1.);
#2190=VECTOR('',#12824,1.);
#2191=VECTOR('',#12827,1.);
#2192=VECTOR('',#12828,1.);
#2193=VECTOR('',#12829,1.);
#2194=VECTOR('',#12832,1.);
#2195=VECTOR('',#12833,1.);
#2196=VECTOR('',#12834,1.);
#2197=VECTOR('',#12837,1.);
#2198=VECTOR('',#12838,1.);
#2199=VECTOR('',#12839,1.);
#2200=VECTOR('',#12842,1.);
#2201=VECTOR('',#12843,1.);
#2202=VECTOR('',#12844,1.);
#2203=VECTOR('',#12847,1.);
#2204=VECTOR('',#12848,1.);
#2205=VECTOR('',#12849,1.);
#2206=VECTOR('',#12852,1.);
#2207=VECTOR('',#12853,1.);
#2208=VECTOR('',#12854,1.);
#2209=VECTOR('',#12857,1.);
#2210=VECTOR('',#12858,1.);
#2211=VECTOR('',#12859,1.);
#2212=VECTOR('',#12862,1.);
#2213=VECTOR('',#12863,1.);
#2214=VECTOR('',#12864,1.);
#2215=VECTOR('',#12867,1.);
#2216=VECTOR('',#12868,1.);
#2217=VECTOR('',#12869,1.);
#2218=VECTOR('',#12872,1.);
#2219=VECTOR('',#12873,1.);
#2220=VECTOR('',#12874,1.);
#2221=VECTOR('',#12877,1.);
#2222=VECTOR('',#12878,1.);
#2223=VECTOR('',#12879,1.);
#2224=VECTOR('',#12882,1.);
#2225=VECTOR('',#12883,1.);
#2226=VECTOR('',#12884,1.);
#2227=VECTOR('',#12887,1.);
#2228=VECTOR('',#12888,1.);
#2229=VECTOR('',#12889,1.);
#2230=VECTOR('',#12892,1.);
#2231=VECTOR('',#12893,1.);
#2232=VECTOR('',#12894,1.);
#2233=VECTOR('',#12897,1.);
#2234=VECTOR('',#12898,1.);
#2235=VECTOR('',#12899,1.);
#2236=VECTOR('',#12902,1.);
#2237=VECTOR('',#12903,1.);
#2238=VECTOR('',#12904,1.);
#2239=VECTOR('',#12907,1.);
#2240=VECTOR('',#12908,1.);
#2241=VECTOR('',#12909,1.);
#2242=VECTOR('',#12912,1.);
#2243=VECTOR('',#12913,1.);
#2244=VECTOR('',#12914,1.);
#2245=VECTOR('',#12917,1.);
#2246=VECTOR('',#12918,1.);
#2247=VECTOR('',#12921,1.);
#2248=VECTOR('',#12922,1.);
#2249=VECTOR('',#12925,1.);
#2250=VECTOR('',#12926,1.);
#2251=VECTOR('',#12929,1.);
#2252=VECTOR('',#12930,1.);
#2253=VECTOR('',#12933,1.);
#2254=VECTOR('',#12934,1.);
#2255=VECTOR('',#12937,1.);
#2256=VECTOR('',#12938,1.);
#2257=VECTOR('',#12941,1.);
#2258=VECTOR('',#12942,1.);
#2259=VECTOR('',#12945,1.);
#2260=VECTOR('',#12946,1.);
#2261=VECTOR('',#12949,1.);
#2262=VECTOR('',#12950,1.);
#2263=VECTOR('',#12953,1.);
#2264=VECTOR('',#12954,1.);
#2265=VECTOR('',#12957,1.);
#2266=VECTOR('',#12958,1.);
#2267=VECTOR('',#12961,1.);
#2268=VECTOR('',#12962,1.);
#2269=VECTOR('',#12965,1.);
#2270=VECTOR('',#12966,1.);
#2271=VECTOR('',#12969,1.);
#2272=VECTOR('',#12970,1.);
#2273=VECTOR('',#12973,1.);
#2274=VECTOR('',#12974,1.);
#2275=VECTOR('',#12977,1.);
#2276=VECTOR('',#12978,1.);
#2277=VECTOR('',#12981,1.);
#2278=VECTOR('',#12982,1.);
#2279=VECTOR('',#12985,1.);
#2280=VECTOR('',#12986,1.);
#2281=VECTOR('',#12989,1.);
#2282=VECTOR('',#12990,1.);
#2283=VECTOR('',#12993,1.);
#2284=VECTOR('',#12994,1.);
#2285=VECTOR('',#12997,1.);
#2286=VECTOR('',#12998,1.);
#2287=VECTOR('',#13001,1.);
#2288=VECTOR('',#13002,1.);
#2289=VECTOR('',#13005,1.);
#2290=VECTOR('',#13006,1.);
#2291=VECTOR('',#13009,1.);
#2292=VECTOR('',#13010,1.);
#2293=VECTOR('',#13013,1.);
#2294=VECTOR('',#13014,1.);
#2295=VECTOR('',#13017,1.);
#2296=VECTOR('',#13018,1.);
#2297=VECTOR('',#13021,1.);
#2298=VECTOR('',#13022,1.);
#2299=VECTOR('',#13025,1.);
#2300=VECTOR('',#13026,1.);
#2301=VECTOR('',#13029,1.);
#2302=VECTOR('',#13030,1.);
#2303=VECTOR('',#13033,1.);
#2304=VECTOR('',#13034,1.);
#2305=VECTOR('',#13037,1.);
#2306=VECTOR('',#13038,1.);
#2307=VECTOR('',#13041,1.);
#2308=VECTOR('',#13042,1.);
#2309=VECTOR('',#13045,1.);
#2310=VECTOR('',#13046,1.);
#2311=VECTOR('',#13049,1.);
#2312=VECTOR('',#13050,1.);
#2313=VECTOR('',#13053,1.);
#2314=VECTOR('',#13054,1.);
#2315=VECTOR('',#13057,1.);
#2316=VECTOR('',#13058,1.);
#2317=VECTOR('',#13061,1.);
#2318=VECTOR('',#13062,1.);
#2319=VECTOR('',#13065,1.);
#2320=VECTOR('',#13066,1.);
#2321=VECTOR('',#13069,1.);
#2322=VECTOR('',#13070,1.);
#2323=VECTOR('',#13073,1.);
#2324=VECTOR('',#13074,1.);
#2325=VECTOR('',#13077,1.);
#2326=VECTOR('',#13078,1.);
#2327=VECTOR('',#13081,1.);
#2328=VECTOR('',#13082,1.);
#2329=VECTOR('',#13085,1.);
#2330=VECTOR('',#13086,1.);
#2331=VECTOR('',#13089,1.);
#2332=VECTOR('',#13090,1.);
#2333=VECTOR('',#13093,1.);
#2334=VECTOR('',#13094,1.);
#2335=VECTOR('',#13097,1.);
#2336=VECTOR('',#13098,1.);
#2337=VECTOR('',#13101,1.);
#2338=VECTOR('',#13102,1.);
#2339=VECTOR('',#13105,1.);
#2340=VECTOR('',#13106,1.);
#2341=VECTOR('',#13109,1.);
#2342=VECTOR('',#13112,1.);
#2343=VECTOR('',#13113,1.);
#2344=VECTOR('',#13140,1.);
#2345=VECTOR('',#13143,1.);
#2346=VECTOR('',#13146,1.);
#2347=VECTOR('',#13147,1.);
#2348=VECTOR('',#13148,1.);
#2349=VECTOR('',#13149,1.);
#2350=VECTOR('',#13154,1.);
#2351=VECTOR('',#13161,1.);
#2352=VECTOR('',#13166,1.);
#2353=VECTOR('',#13169,1.);
#2354=VECTOR('',#13172,1.);
#2355=VECTOR('',#13177,1.);
#2356=VECTOR('',#13182,1.);
#2357=VECTOR('',#13187,1.);
#2358=VECTOR('',#13192,1.);
#2359=VECTOR('',#13197,1.);
#2360=VECTOR('',#13202,1.);
#2361=VECTOR('',#13207,1.);
#2362=VECTOR('',#13212,1.);
#2363=VECTOR('',#13215,1.);
#2364=VECTOR('',#13218,1.);
#2365=VECTOR('',#13223,1.);
#2366=VECTOR('',#13224,1.);
#2367=VECTOR('',#13227,1.);
#2368=VECTOR('',#13232,1.);
#2369=VECTOR('',#13237,1.);
#2370=VECTOR('',#13240,1.);
#2371=VECTOR('',#13243,1.);
#2372=VECTOR('',#13256,1.);
#2373=VECTOR('',#13259,1.);
#2374=VECTOR('',#13264,1.);
#2375=VECTOR('',#13271,1.);
#2376=VECTOR('',#13278,1.);
#2377=VECTOR('',#13285,1.);
#2378=VECTOR('',#13292,1.);
#2379=VECTOR('',#13299,1.);
#2380=VECTOR('',#13306,1.);
#2381=VECTOR('',#13313,1.);
#2382=VECTOR('',#13320,1.);
#2383=VECTOR('',#13327,1.);
#2384=VECTOR('',#13332,1.);
#2385=VECTOR('',#13335,1.);
#2386=VECTOR('',#13338,1.);
#2387=VECTOR('',#13343,1.);
#2388=VECTOR('',#13348,1.);
#2389=VECTOR('',#13353,1.);
#2390=VECTOR('',#13358,1.);
#2391=VECTOR('',#13363,1.);
#2392=VECTOR('',#13364,1.);
#2393=VECTOR('',#13367,1.);
#2394=VECTOR('',#13368,1.);
#2395=VECTOR('',#13371,1.);
#2396=VECTOR('',#13372,1.);
#2397=VECTOR('',#13375,1.);
#2398=VECTOR('',#13376,1.);
#2399=VECTOR('',#13379,1.);
#2400=VECTOR('',#13380,1.);
#2401=VECTOR('',#13383,1.);
#2402=VECTOR('',#13388,1.);
#2403=VECTOR('',#13393,1.);
#2404=VECTOR('',#13412,1.);
#2405=VECTOR('',#13415,1.);
#2406=VECTOR('',#13420,1.);
#2407=VECTOR('',#13427,1.);
#2408=VECTOR('',#13430,1.);
#2409=VECTOR('',#13435,1.);
#2410=VECTOR('',#13442,1.);
#2411=VECTOR('',#13449,1.);
#2412=VECTOR('',#13456,1.);
#2413=VECTOR('',#13463,1.);
#2414=VECTOR('',#13470,1.);
#2415=VECTOR('',#13477,1.);
#2416=VECTOR('',#13482,1.);
#2417=VECTOR('',#13485,1.);
#2418=VECTOR('',#13488,1.);
#2419=VECTOR('',#13493,1.);
#2420=VECTOR('',#13498,1.);
#2421=VECTOR('',#13503,1.);
#2422=VECTOR('',#13508,1.);
#2423=VECTOR('',#13513,1.);
#2424=VECTOR('',#13518,1.);
#2425=VECTOR('',#13523,1.);
#2426=VECTOR('',#13528,1.);
#2427=VECTOR('',#13533,1.);
#2428=VECTOR('',#13550,1.);
#2429=VECTOR('',#13553,1.);
#2430=VECTOR('',#13556,1.);
#2431=VECTOR('',#13561,1.);
#2432=VECTOR('',#13566,1.);
#2433=VECTOR('',#13569,1.);
#2434=VECTOR('',#13572,1.);
#2435=VECTOR('',#13577,1.);
#2436=VECTOR('',#13578,1.);
#2437=VECTOR('',#13581,1.);
#2438=VECTOR('',#13586,1.);
#2439=VECTOR('',#13591,1.);
#2440=VECTOR('',#13594,1.);
#2441=VECTOR('',#13595,1.);
#2442=VECTOR('',#13598,1.);
#2443=VECTOR('',#13603,1.);
#2444=VECTOR('',#13608,1.);
#2445=VECTOR('',#13613,1.);
#2446=VECTOR('',#13614,1.);
#2447=VECTOR('',#13617,1.);
#2448=VECTOR('',#13620,1.);
#2449=VECTOR('',#13623,1.);
#2450=VECTOR('',#13640,1.);
#2451=VECTOR('',#13641,1.);
#2452=VECTOR('',#13642,1.);
#2453=VECTOR('',#13645,1.);
#2454=VECTOR('',#13646,1.);
#2455=VECTOR('',#13649,1.);
#2456=VECTOR('',#13650,1.);
#2457=VECTOR('',#13653,1.);
#2458=VECTOR('',#13654,1.);
#2459=VECTOR('',#13657,1.);
#2460=VECTOR('',#13658,1.);
#2461=VECTOR('',#13661,1.);
#2462=VECTOR('',#13662,1.);
#2463=VECTOR('',#13665,1.);
#2464=VECTOR('',#13666,1.);
#2465=VECTOR('',#13669,1.);
#2466=VECTOR('',#13670,1.);
#2467=VECTOR('',#13673,1.);
#2468=VECTOR('',#13674,1.);
#2469=VECTOR('',#13677,1.);
#2470=VECTOR('',#13678,1.);
#2471=VECTOR('',#13681,1.);
#2472=VECTOR('',#13682,1.);
#2473=VECTOR('',#13685,1.);
#2474=VECTOR('',#13686,1.);
#2475=VECTOR('',#13689,1.);
#2476=VECTOR('',#13694,1.);
#2477=VECTOR('',#13697,1.);
#2478=VECTOR('',#13700,1.);
#2479=VECTOR('',#13701,1.);
#2480=VECTOR('',#13704,1.);
#2481=VECTOR('',#13705,1.);
#2482=VECTOR('',#13708,1.);
#2483=VECTOR('',#13709,1.);
#2484=VECTOR('',#13712,1.);
#2485=VECTOR('',#13713,1.);
#2486=VECTOR('',#13716,1.);
#2487=VECTOR('',#13717,1.);
#2488=VECTOR('',#13718,1.);
#2489=VECTOR('',#13721,1.);
#2490=VECTOR('',#13722,1.);
#2491=VECTOR('',#13725,1.);
#2492=VECTOR('',#13726,1.);
#2493=VECTOR('',#13737,1.);
#2494=VECTOR('',#13740,1.);
#2495=VECTOR('',#13745,1.);
#2496=VECTOR('',#13752,1.);
#2497=VECTOR('',#13759,1.);
#2498=VECTOR('',#13766,1.);
#2499=VECTOR('',#13773,1.);
#2500=VECTOR('',#13780,1.);
#2501=VECTOR('',#13787,1.);
#2502=VECTOR('',#13794,1.);
#2503=VECTOR('',#13801,1.);
#2504=VECTOR('',#13808,1.);
#2505=VECTOR('',#13813,1.);
#2506=VECTOR('',#13816,1.);
#2507=VECTOR('',#13819,1.);
#2508=VECTOR('',#13820,1.);
#2509=VECTOR('',#13823,1.);
#2510=VECTOR('',#13824,1.);
#2511=VECTOR('',#13827,1.);
#2512=VECTOR('',#13828,1.);
#2513=VECTOR('',#13831,1.);
#2514=VECTOR('',#13832,1.);
#2515=VECTOR('',#13835,1.);
#2516=VECTOR('',#13836,1.);
#2517=VECTOR('',#13839,1.);
#2518=VECTOR('',#13844,1.);
#2519=VECTOR('',#13849,1.);
#2520=VECTOR('',#13854,1.);
#2521=VECTOR('',#13859,1.);
#2522=VECTOR('',#13864,1.);
#2523=VECTOR('',#13869,1.);
#2524=VECTOR('',#13874,1.);
#2525=VECTOR('',#13893,1.);
#2526=VECTOR('',#13894,1.);
#2527=VECTOR('',#13895,1.);
#2528=VECTOR('',#13898,1.);
#2529=VECTOR('',#13901,1.);
#2530=VECTOR('',#13902,1.);
#2531=VECTOR('',#13905,1.);
#2532=VECTOR('',#13906,1.);
#2533=VECTOR('',#13909,1.);
#2534=VECTOR('',#13914,1.);
#2535=VECTOR('',#13917,1.);
#2536=VECTOR('',#13918,1.);
#2537=VECTOR('',#13921,1.);
#2538=VECTOR('',#13926,1.);
#2539=VECTOR('',#13927,1.);
#2540=VECTOR('',#13930,1.);
#2541=VECTOR('',#13935,1.);
#2542=VECTOR('',#13938,1.);
#2543=VECTOR('',#13939,1.);
#2544=B_SPLINE_CURVE_WITH_KNOTS('',2,(#13955,#13956,#13957),
 .UNSPECIFIED.,.F.,.F.,(3,3),(0.,1.),.PIECEWISE_BEZIER_KNOTS.);
#2545=B_SPLINE_CURVE_WITH_KNOTS('',2,(#13969,#13970,#13971),
 .UNSPECIFIED.,.F.,.F.,(3,3),(0.,1.),.PIECEWISE_BEZIER_KNOTS.);
#2546=B_SPLINE_CURVE_WITH_KNOTS('',2,(#13973,#13974,#13975),
 .UNSPECIFIED.,.F.,.F.,(3,3),(0.,1.),.PIECEWISE_BEZIER_KNOTS.);
#2547=B_SPLINE_CURVE_WITH_KNOTS('',2,(#13987,#13988,#13989),
 .UNSPECIFIED.,.F.,.F.,(3,3),(0.,1.),.PIECEWISE_BEZIER_KNOTS.);
#2548=B_SPLINE_CURVE_WITH_KNOTS('',3,(#14029,#14030,#14031,#14032,#14033,
#14034,#14035,#14036,#14037,#14038,#14039,#14040,#14041,#14042,#14043),
 .UNSPECIFIED.,.F.,.F.,(4,1,1,1,1,1,1,1,1,1,1,1,4),(0.,0.015625,0.03125,
0.0625,0.09375,0.109375,0.125,0.140625,0.15625,0.1875,0.21875,0.234375,
0.25),.UNSPECIFIED.);
#2549=B_SPLINE_CURVE_WITH_KNOTS('',3,(#14047,#14048,#14049,#14050,#14051,
#14052,#14053,#14054,#14055,#14056,#14057,#14058,#14059,#14060,#14061),
 .UNSPECIFIED.,.F.,.F.,(4,1,1,1,1,1,1,1,1,1,1,1,4),(0.75,0.765625,0.78125,
0.8125,0.84375,0.859375,0.875,0.890625,0.90625,0.9375,0.96875,0.984375,
1.),.UNSPECIFIED.);
#2550=B_SPLINE_CURVE_WITH_KNOTS('',3,(#14065,#14066,#14067,#14068,#14069,
#14070,#14071,#14072,#14073,#14074,#14075,#14076,#14077,#14078,#14079),
 .UNSPECIFIED.,.F.,.F.,(4,1,1,1,1,1,1,1,1,1,1,1,4),(0.,0.015625,0.03125,
0.0625,0.09375,0.109375,0.125,0.140625,0.15625,0.1875,0.21875,0.234375,
0.25),.UNSPECIFIED.);
#2551=B_SPLINE_CURVE_WITH_KNOTS('',3,(#14083,#14084,#14085,#14086,#14087,
#14088,#14089,#14090,#14091,#14092,#14093,#14094,#14095,#14096,#14097),
 .UNSPECIFIED.,.F.,.F.,(4,1,1,1,1,1,1,1,1,1,1,1,4),(0.75,0.765625,0.78125,
0.8125,0.84375,0.859375,0.875,0.890625,0.90625,0.9375,0.96875,0.984375,
1.),.UNSPECIFIED.);
#2552=B_SPLINE_CURVE_WITH_KNOTS('',2,(#14103,#14104,#14105),
 .UNSPECIFIED.,.F.,.F.,(3,3),(0.,1.),.PIECEWISE_BEZIER_KNOTS.);
#2553=B_SPLINE_CURVE_WITH_KNOTS('',2,(#14117,#14118,#14119),
 .UNSPECIFIED.,.F.,.F.,(3,3),(0.,1.),.PIECEWISE_BEZIER_KNOTS.);
#2554=B_SPLINE_CURVE_WITH_KNOTS('',3,(#14350,#14351,#14352,#14353,#14354,
#14355,#14356,#14357,#14358,#14359,#14360,#14361,#14362,#14363,#14364),
 .UNSPECIFIED.,.F.,.F.,(4,1,1,1,1,1,1,1,1,1,1,1,4),(0.,0.015625,0.03125,
0.0625,0.09375,0.109375,0.125,0.140625,0.15625,0.1875,0.21875,0.234375,
0.25),.UNSPECIFIED.);
#2555=B_SPLINE_CURVE_WITH_KNOTS('',3,(#14369,#14370,#14371,#14372,#14373,
#14374,#14375,#14376,#14377,#14378,#14379,#14380,#14381,#14382,#14383),
 .UNSPECIFIED.,.F.,.F.,(4,1,1,1,1,1,1,1,1,1,1,1,4),(0.75,0.765625,0.78125,
0.8125,0.84375,0.859375,0.875,0.890625,0.90625,0.9375,0.96875,0.984375,
1.),.UNSPECIFIED.);
#2556=B_SPLINE_CURVE_WITH_KNOTS('',3,(#14387,#14388,#14389,#14390,#14391,
#14392,#14393,#14394,#14395,#14396,#14397,#14398,#14399,#14400,#14401),
 .UNSPECIFIED.,.F.,.F.,(4,1,1,1,1,1,1,1,1,1,1,1,4),(0.,0.015625,0.03125,
0.0625,0.09375,0.109375,0.125,0.140625,0.15625,0.1875,0.21875,0.234375,
0.25),.UNSPECIFIED.);
#2557=B_SPLINE_CURVE_WITH_KNOTS('',3,(#14405,#14406,#14407,#14408,#14409,
#14410,#14411,#14412,#14413,#14414,#14415,#14416,#14417,#14418,#14419),
 .UNSPECIFIED.,.F.,.F.,(4,1,1,1,1,1,1,1,1,1,1,1,4),(0.75,0.765625,0.78125,
0.8125,0.84375,0.859375,0.875,0.890625,0.90625,0.9375,0.96875,0.984375,
1.),.UNSPECIFIED.);
#2558=B_SPLINE_CURVE_WITH_KNOTS('',2,(#14431,#14432,#14433),
 .UNSPECIFIED.,.F.,.F.,(3,3),(0.,1.),.PIECEWISE_BEZIER_KNOTS.);
#2559=B_SPLINE_CURVE_WITH_KNOTS('',3,(#14764,#14765,#14766,#14767,#14768,
#14769,#14770,#14771,#14772,#14773,#14774,#14775,#14776,#14777,#14778),
 .UNSPECIFIED.,.F.,.F.,(4,1,1,1,1,1,1,1,1,1,1,1,4),(0.75,0.765625,0.78125,
0.8125,0.84375,0.859375,0.875,0.890625,0.90625,0.9375,0.96875,0.984375,
1.),.UNSPECIFIED.);
#2560=B_SPLINE_CURVE_WITH_KNOTS('',3,(#14783,#14784,#14785,#14786,#14787,
#14788,#14789,#14790,#14791,#14792,#14793,#14794,#14795,#14796,#14797),
 .UNSPECIFIED.,.F.,.F.,(4,1,1,1,1,1,1,1,1,1,1,1,4),(0.,0.015625,0.03125,
0.0625,0.09375,0.109375,0.125,0.140625,0.15625,0.1875,0.21875,0.234375,
0.25),.UNSPECIFIED.);
#2561=B_SPLINE_CURVE_WITH_KNOTS('',3,(#14801,#14802,#14803,#14804,#14805,
#14806,#14807,#14808,#14809,#14810,#14811,#14812,#14813,#14814,#14815),
 .UNSPECIFIED.,.F.,.F.,(4,1,1,1,1,1,1,1,1,1,1,1,4),(0.75,0.765625,0.78125,
0.8125,0.84375,0.859375,0.875,0.890625,0.90625,0.9375,0.96875,0.984375,
1.),.UNSPECIFIED.);
#2562=B_SPLINE_CURVE_WITH_KNOTS('',3,(#14819,#14820,#14821,#14822,#14823,
#14824,#14825,#14826,#14827,#14828,#14829,#14830,#14831,#14832,#14833),
 .UNSPECIFIED.,.F.,.F.,(4,1,1,1,1,1,1,1,1,1,1,1,4),(0.,0.015625,0.03125,
0.0625,0.09375,0.109375,0.125,0.140625,0.15625,0.1875,0.21875,0.234375,
0.25),.UNSPECIFIED.);
#2563=B_SPLINE_CURVE_WITH_KNOTS('',3,(#15253,#15254,#15255,#15256,#15257,
#15258,#15259,#15260,#15261,#15262,#15263,#15264,#15265,#15266,#15267),
 .UNSPECIFIED.,.F.,.F.,(4,1,1,1,1,1,1,1,1,1,1,1,4),(0.,0.015625,0.03125,
0.0625,0.09375,0.109375,0.125,0.140625,0.15625,0.1875,0.21875,0.234375,
0.25),.UNSPECIFIED.);
#2564=B_SPLINE_CURVE_WITH_KNOTS('',3,(#15286,#15287,#15288,#15289,#15290,
#15291,#15292,#15293,#15294,#15295,#15296,#15297,#15298,#15299,#15300),
 .UNSPECIFIED.,.F.,.F.,(4,1,1,1,1,1,1,1,1,1,1,1,4),(0.75,0.765625,0.78125,
0.8125,0.84375,0.859375,0.875,0.890625,0.90625,0.9375,0.96875,0.984375,
1.),.UNSPECIFIED.);
#2565=B_SPLINE_CURVE_WITH_KNOTS('',3,(#15317,#15318,#15319,#15320,#15321,
#15322,#15323,#15324,#15325,#15326,#15327,#15328,#15329,#15330,#15331),
 .UNSPECIFIED.,.F.,.F.,(4,1,1,1,1,1,1,1,1,1,1,1,4),(0.,0.015625,0.03125,
0.0625,0.09375,0.109375,0.125,0.140625,0.15625,0.1875,0.21875,0.234375,
0.25),.UNSPECIFIED.);
#2566=B_SPLINE_CURVE_WITH_KNOTS('',3,(#15348,#15349,#15350,#15351,#15352,
#15353,#15354,#15355,#15356,#15357,#15358,#15359,#15360,#15361,#15362),
 .UNSPECIFIED.,.F.,.F.,(4,1,1,1,1,1,1,1,1,1,1,1,4),(0.75,0.765625,0.78125,
0.8125,0.84375,0.859375,0.875,0.890625,0.90625,0.9375,0.96875,0.984375,
1.),.UNSPECIFIED.);
#2567=B_SPLINE_CURVE_WITH_KNOTS('',2,(#16581,#16582,#16583),
 .UNSPECIFIED.,.F.,.F.,(3,3),(0.,1.),.PIECEWISE_BEZIER_KNOTS.);
#2568=B_SPLINE_CURVE_WITH_KNOTS('',2,(#16587,#16588,#16589),
 .UNSPECIFIED.,.F.,.F.,(3,3),(0.,1.),.PIECEWISE_BEZIER_KNOTS.);
#2569=B_SPLINE_CURVE_WITH_KNOTS('',2,(#16654,#16655,#16656),
 .UNSPECIFIED.,.F.,.F.,(3,3),(0.,1.),.PIECEWISE_BEZIER_KNOTS.);
#2570=B_SPLINE_CURVE_WITH_KNOTS('',2,(#16687,#16688,#16689),
 .UNSPECIFIED.,.F.,.F.,(3,3),(0.,1.),.PIECEWISE_BEZIER_KNOTS.);
#2571=B_SPLINE_CURVE_WITH_KNOTS('',2,(#16858,#16859,#16860),
 .UNSPECIFIED.,.F.,.F.,(3,3),(0.,1.),.PIECEWISE_BEZIER_KNOTS.);
#2572=B_SPLINE_CURVE_WITH_KNOTS('',2,(#16864,#16865,#16866),
 .UNSPECIFIED.,.F.,.F.,(3,3),(0.,1.),.PIECEWISE_BEZIER_KNOTS.);
#2573=B_SPLINE_CURVE_WITH_KNOTS('',2,(#16989,#16990,#16991),
 .UNSPECIFIED.,.F.,.F.,(3,3),(0.,1.),.PIECEWISE_BEZIER_KNOTS.);
#2574=B_SPLINE_CURVE_WITH_KNOTS('',2,(#17022,#17023,#17024),
 .UNSPECIFIED.,.F.,.F.,(3,3),(0.,1.),.PIECEWISE_BEZIER_KNOTS.);
#2575=B_SPLINE_CURVE_WITH_KNOTS('',2,(#17035,#17036,#17037),
 .UNSPECIFIED.,.F.,.F.,(3,3),(0.,1.),.PIECEWISE_BEZIER_KNOTS.);
#2576=B_SPLINE_CURVE_WITH_KNOTS('',2,(#17068,#17069,#17070),
 .UNSPECIFIED.,.F.,.F.,(3,3),(0.,1.),.PIECEWISE_BEZIER_KNOTS.);
#2577=B_SPLINE_CURVE_WITH_KNOTS('',2,(#17170,#17171,#17172),
 .UNSPECIFIED.,.F.,.F.,(3,3),(0.,1.),.PIECEWISE_BEZIER_KNOTS.);
#2578=ORIENTED_EDGE('',*,*,#5560,.T.);
#2579=ORIENTED_EDGE('',*,*,#5561,.T.);
#2580=ORIENTED_EDGE('',*,*,#5562,.T.);
#2581=ORIENTED_EDGE('',*,*,#5563,.T.);
#2582=ORIENTED_EDGE('',*,*,#5564,.T.);
#2583=ORIENTED_EDGE('',*,*,#5565,.T.);
#2584=ORIENTED_EDGE('',*,*,#5566,.T.);
#2585=ORIENTED_EDGE('',*,*,#5567,.T.);
#2586=ORIENTED_EDGE('',*,*,#5568,.T.);
#2587=ORIENTED_EDGE('',*,*,#5569,.T.);
#2588=ORIENTED_EDGE('',*,*,#5570,.T.);
#2589=ORIENTED_EDGE('',*,*,#5571,.T.);
#2590=ORIENTED_EDGE('',*,*,#5572,.T.);
#2591=ORIENTED_EDGE('',*,*,#5573,.T.);
#2592=ORIENTED_EDGE('',*,*,#5574,.T.);
#2593=ORIENTED_EDGE('',*,*,#5575,.T.);
#2594=ORIENTED_EDGE('',*,*,#5576,.T.);
#2595=ORIENTED_EDGE('',*,*,#5577,.T.);
#2596=ORIENTED_EDGE('',*,*,#5578,.T.);
#2597=ORIENTED_EDGE('',*,*,#5579,.T.);
#2598=ORIENTED_EDGE('',*,*,#5580,.T.);
#2599=ORIENTED_EDGE('',*,*,#5581,.T.);
#2600=ORIENTED_EDGE('',*,*,#5582,.T.);
#2601=ORIENTED_EDGE('',*,*,#5583,.T.);
#2602=ORIENTED_EDGE('',*,*,#5584,.T.);
#2603=ORIENTED_EDGE('',*,*,#5585,.T.);
#2604=ORIENTED_EDGE('',*,*,#5586,.T.);
#2605=ORIENTED_EDGE('',*,*,#5587,.T.);
#2606=ORIENTED_EDGE('',*,*,#5588,.T.);
#2607=ORIENTED_EDGE('',*,*,#5589,.T.);
#2608=ORIENTED_EDGE('',*,*,#5590,.T.);
#2609=ORIENTED_EDGE('',*,*,#5591,.T.);
#2610=ORIENTED_EDGE('',*,*,#5592,.T.);
#2611=ORIENTED_EDGE('',*,*,#5593,.T.);
#2612=ORIENTED_EDGE('',*,*,#5594,.T.);
#2613=ORIENTED_EDGE('',*,*,#5595,.F.);
#2614=ORIENTED_EDGE('',*,*,#5596,.F.);
#2615=ORIENTED_EDGE('',*,*,#5597,.F.);
#2616=ORIENTED_EDGE('',*,*,#5598,.F.);
#2617=ORIENTED_EDGE('',*,*,#5599,.F.);
#2618=ORIENTED_EDGE('',*,*,#5600,.F.);
#2619=ORIENTED_EDGE('',*,*,#5601,.F.);
#2620=ORIENTED_EDGE('',*,*,#5602,.F.);
#2621=ORIENTED_EDGE('',*,*,#5603,.T.);
#2622=ORIENTED_EDGE('',*,*,#5604,.T.);
#2623=ORIENTED_EDGE('',*,*,#5605,.T.);
#2624=ORIENTED_EDGE('',*,*,#5606,.T.);
#2625=ORIENTED_EDGE('',*,*,#5607,.T.);
#2626=ORIENTED_EDGE('',*,*,#5608,.T.);
#2627=ORIENTED_EDGE('',*,*,#5609,.T.);
#2628=ORIENTED_EDGE('',*,*,#5610,.T.);
#2629=ORIENTED_EDGE('',*,*,#5611,.T.);
#2630=ORIENTED_EDGE('',*,*,#5612,.T.);
#2631=ORIENTED_EDGE('',*,*,#5613,.T.);
#2632=ORIENTED_EDGE('',*,*,#5614,.T.);
#2633=ORIENTED_EDGE('',*,*,#5615,.T.);
#2634=ORIENTED_EDGE('',*,*,#5616,.T.);
#2635=ORIENTED_EDGE('',*,*,#5617,.T.);
#2636=ORIENTED_EDGE('',*,*,#5618,.T.);
#2637=ORIENTED_EDGE('',*,*,#5619,.T.);
#2638=ORIENTED_EDGE('',*,*,#5620,.T.);
#2639=ORIENTED_EDGE('',*,*,#5621,.T.);
#2640=ORIENTED_EDGE('',*,*,#5622,.T.);
#2641=ORIENTED_EDGE('',*,*,#5623,.T.);
#2642=ORIENTED_EDGE('',*,*,#5624,.T.);
#2643=ORIENTED_EDGE('',*,*,#5625,.T.);
#2644=ORIENTED_EDGE('',*,*,#5626,.T.);
#2645=ORIENTED_EDGE('',*,*,#5627,.T.);
#2646=ORIENTED_EDGE('',*,*,#5628,.T.);
#2647=ORIENTED_EDGE('',*,*,#5629,.T.);
#2648=ORIENTED_EDGE('',*,*,#5630,.T.);
#2649=ORIENTED_EDGE('',*,*,#5631,.T.);
#2650=ORIENTED_EDGE('',*,*,#5632,.T.);
#2651=ORIENTED_EDGE('',*,*,#5633,.T.);
#2652=ORIENTED_EDGE('',*,*,#5634,.T.);
#2653=ORIENTED_EDGE('',*,*,#5635,.T.);
#2654=ORIENTED_EDGE('',*,*,#5636,.F.);
#2655=ORIENTED_EDGE('',*,*,#5637,.T.);
#2656=ORIENTED_EDGE('',*,*,#5638,.T.);
#2657=ORIENTED_EDGE('',*,*,#5639,.T.);
#2658=ORIENTED_EDGE('',*,*,#5640,.T.);
#2659=ORIENTED_EDGE('',*,*,#5641,.T.);
#2660=ORIENTED_EDGE('',*,*,#5642,.T.);
#2661=ORIENTED_EDGE('',*,*,#5643,.T.);
#2662=ORIENTED_EDGE('',*,*,#5644,.T.);
#2663=ORIENTED_EDGE('',*,*,#5645,.T.);
#2664=ORIENTED_EDGE('',*,*,#5646,.T.);
#2665=ORIENTED_EDGE('',*,*,#5647,.T.);
#2666=ORIENTED_EDGE('',*,*,#5648,.T.);
#2667=ORIENTED_EDGE('',*,*,#5649,.T.);
#2668=ORIENTED_EDGE('',*,*,#5650,.T.);
#2669=ORIENTED_EDGE('',*,*,#5651,.T.);
#2670=ORIENTED_EDGE('',*,*,#5652,.T.);
#2671=ORIENTED_EDGE('',*,*,#5653,.T.);
#2672=ORIENTED_EDGE('',*,*,#5654,.T.);
#2673=ORIENTED_EDGE('',*,*,#5655,.T.);
#2674=ORIENTED_EDGE('',*,*,#5656,.T.);
#2675=ORIENTED_EDGE('',*,*,#5657,.T.);
#2676=ORIENTED_EDGE('',*,*,#5658,.T.);
#2677=ORIENTED_EDGE('',*,*,#5659,.T.);
#2678=ORIENTED_EDGE('',*,*,#5660,.T.);
#2679=ORIENTED_EDGE('',*,*,#5661,.T.);
#2680=ORIENTED_EDGE('',*,*,#5662,.T.);
#2681=ORIENTED_EDGE('',*,*,#5663,.T.);
#2682=ORIENTED_EDGE('',*,*,#5664,.T.);
#2683=ORIENTED_EDGE('',*,*,#5665,.T.);
#2684=ORIENTED_EDGE('',*,*,#5666,.T.);
#2685=ORIENTED_EDGE('',*,*,#5667,.T.);
#2686=ORIENTED_EDGE('',*,*,#5668,.T.);
#2687=ORIENTED_EDGE('',*,*,#5669,.T.);
#2688=ORIENTED_EDGE('',*,*,#5670,.T.);
#2689=ORIENTED_EDGE('',*,*,#5671,.T.);
#2690=ORIENTED_EDGE('',*,*,#5672,.T.);
#2691=ORIENTED_EDGE('',*,*,#5673,.T.);
#2692=ORIENTED_EDGE('',*,*,#5674,.T.);
#2693=ORIENTED_EDGE('',*,*,#5675,.T.);
#2694=ORIENTED_EDGE('',*,*,#5676,.T.);
#2695=ORIENTED_EDGE('',*,*,#5677,.T.);
#2696=ORIENTED_EDGE('',*,*,#5678,.T.);
#2697=ORIENTED_EDGE('',*,*,#5679,.T.);
#2698=ORIENTED_EDGE('',*,*,#5680,.T.);
#2699=ORIENTED_EDGE('',*,*,#5681,.T.);
#2700=ORIENTED_EDGE('',*,*,#5682,.T.);
#2701=ORIENTED_EDGE('',*,*,#5683,.T.);
#2702=ORIENTED_EDGE('',*,*,#5684,.T.);
#2703=ORIENTED_EDGE('',*,*,#5685,.T.);
#2704=ORIENTED_EDGE('',*,*,#5686,.T.);
#2705=ORIENTED_EDGE('',*,*,#5687,.T.);
#2706=ORIENTED_EDGE('',*,*,#5688,.F.);
#2707=ORIENTED_EDGE('',*,*,#5689,.T.);
#2708=ORIENTED_EDGE('',*,*,#5690,.T.);
#2709=ORIENTED_EDGE('',*,*,#5691,.T.);
#2710=ORIENTED_EDGE('',*,*,#5692,.F.);
#2711=ORIENTED_EDGE('',*,*,#5693,.F.);
#2712=ORIENTED_EDGE('',*,*,#5694,.T.);
#2713=ORIENTED_EDGE('',*,*,#5695,.F.);
#2714=ORIENTED_EDGE('',*,*,#5696,.T.);
#2715=ORIENTED_EDGE('',*,*,#5697,.F.);
#2716=ORIENTED_EDGE('',*,*,#5698,.T.);
#2717=ORIENTED_EDGE('',*,*,#5699,.T.);
#2718=ORIENTED_EDGE('',*,*,#5700,.T.);
#2719=ORIENTED_EDGE('',*,*,#5701,.T.);
#2720=ORIENTED_EDGE('',*,*,#5702,.T.);
#2721=ORIENTED_EDGE('',*,*,#5703,.T.);
#2722=ORIENTED_EDGE('',*,*,#5704,.T.);
#2723=ORIENTED_EDGE('',*,*,#5705,.T.);
#2724=ORIENTED_EDGE('',*,*,#5706,.T.);
#2725=ORIENTED_EDGE('',*,*,#5707,.T.);
#2726=ORIENTED_EDGE('',*,*,#5708,.T.);
#2727=ORIENTED_EDGE('',*,*,#5709,.T.);
#2728=ORIENTED_EDGE('',*,*,#5710,.T.);
#2729=ORIENTED_EDGE('',*,*,#5711,.T.);
#2730=ORIENTED_EDGE('',*,*,#5712,.T.);
#2731=ORIENTED_EDGE('',*,*,#5713,.T.);
#2732=ORIENTED_EDGE('',*,*,#5714,.T.);
#2733=ORIENTED_EDGE('',*,*,#5715,.T.);
#2734=ORIENTED_EDGE('',*,*,#5716,.T.);
#2735=ORIENTED_EDGE('',*,*,#5717,.T.);
#2736=ORIENTED_EDGE('',*,*,#5718,.T.);
#2737=ORIENTED_EDGE('',*,*,#5719,.T.);
#2738=ORIENTED_EDGE('',*,*,#5720,.T.);
#2739=ORIENTED_EDGE('',*,*,#5721,.T.);
#2740=ORIENTED_EDGE('',*,*,#5722,.T.);
#2741=ORIENTED_EDGE('',*,*,#5723,.T.);
#2742=ORIENTED_EDGE('',*,*,#5724,.T.);
#2743=ORIENTED_EDGE('',*,*,#5725,.T.);
#2744=ORIENTED_EDGE('',*,*,#5726,.F.);
#2745=ORIENTED_EDGE('',*,*,#5727,.F.);
#2746=ORIENTED_EDGE('',*,*,#5728,.F.);
#2747=ORIENTED_EDGE('',*,*,#5729,.F.);
#2748=ORIENTED_EDGE('',*,*,#5730,.F.);
#2749=ORIENTED_EDGE('',*,*,#5731,.F.);
#2750=ORIENTED_EDGE('',*,*,#5732,.F.);
#2751=ORIENTED_EDGE('',*,*,#5733,.T.);
#2752=ORIENTED_EDGE('',*,*,#5734,.T.);
#2753=ORIENTED_EDGE('',*,*,#5735,.T.);
#2754=ORIENTED_EDGE('',*,*,#5736,.T.);
#2755=ORIENTED_EDGE('',*,*,#5737,.T.);
#2756=ORIENTED_EDGE('',*,*,#5738,.T.);
#2757=ORIENTED_EDGE('',*,*,#5739,.T.);
#2758=ORIENTED_EDGE('',*,*,#5740,.T.);
#2759=ORIENTED_EDGE('',*,*,#5741,.T.);
#2760=ORIENTED_EDGE('',*,*,#5742,.T.);
#2761=ORIENTED_EDGE('',*,*,#5743,.T.);
#2762=ORIENTED_EDGE('',*,*,#5744,.F.);
#2763=ORIENTED_EDGE('',*,*,#5745,.T.);
#2764=ORIENTED_EDGE('',*,*,#5746,.T.);
#2765=ORIENTED_EDGE('',*,*,#5747,.F.);
#2766=ORIENTED_EDGE('',*,*,#5748,.T.);
#2767=ORIENTED_EDGE('',*,*,#5749,.T.);
#2768=ORIENTED_EDGE('',*,*,#5750,.T.);
#2769=ORIENTED_EDGE('',*,*,#5751,.F.);
#2770=ORIENTED_EDGE('',*,*,#5752,.F.);
#2771=ORIENTED_EDGE('',*,*,#5753,.F.);
#2772=ORIENTED_EDGE('',*,*,#5754,.F.);
#2773=ORIENTED_EDGE('',*,*,#5755,.F.);
#2774=ORIENTED_EDGE('',*,*,#5756,.F.);
#2775=ORIENTED_EDGE('',*,*,#5757,.F.);
#2776=ORIENTED_EDGE('',*,*,#5758,.F.);
#2777=ORIENTED_EDGE('',*,*,#5759,.F.);
#2778=ORIENTED_EDGE('',*,*,#5760,.F.);
#2779=ORIENTED_EDGE('',*,*,#5761,.F.);
#2780=ORIENTED_EDGE('',*,*,#5762,.F.);
#2781=ORIENTED_EDGE('',*,*,#5763,.F.);
#2782=ORIENTED_EDGE('',*,*,#5764,.F.);
#2783=ORIENTED_EDGE('',*,*,#5765,.F.);
#2784=ORIENTED_EDGE('',*,*,#5766,.F.);
#2785=ORIENTED_EDGE('',*,*,#5767,.F.);
#2786=ORIENTED_EDGE('',*,*,#5768,.F.);
#2787=ORIENTED_EDGE('',*,*,#5769,.F.);
#2788=ORIENTED_EDGE('',*,*,#5770,.F.);
#2789=ORIENTED_EDGE('',*,*,#5771,.F.);
#2790=ORIENTED_EDGE('',*,*,#5772,.F.);
#2791=ORIENTED_EDGE('',*,*,#5773,.F.);
#2792=ORIENTED_EDGE('',*,*,#5774,.F.);
#2793=ORIENTED_EDGE('',*,*,#5775,.F.);
#2794=ORIENTED_EDGE('',*,*,#5776,.F.);
#2795=ORIENTED_EDGE('',*,*,#5777,.F.);
#2796=ORIENTED_EDGE('',*,*,#5778,.F.);
#2797=ORIENTED_EDGE('',*,*,#5779,.F.);
#2798=ORIENTED_EDGE('',*,*,#5780,.F.);
#2799=ORIENTED_EDGE('',*,*,#5781,.F.);
#2800=ORIENTED_EDGE('',*,*,#5782,.F.);
#2801=ORIENTED_EDGE('',*,*,#5783,.F.);
#2802=ORIENTED_EDGE('',*,*,#5784,.F.);
#2803=ORIENTED_EDGE('',*,*,#5785,.F.);
#2804=ORIENTED_EDGE('',*,*,#5786,.F.);
#2805=ORIENTED_EDGE('',*,*,#5787,.F.);
#2806=ORIENTED_EDGE('',*,*,#5788,.F.);
#2807=ORIENTED_EDGE('',*,*,#5789,.F.);
#2808=ORIENTED_EDGE('',*,*,#5790,.F.);
#2809=ORIENTED_EDGE('',*,*,#5791,.F.);
#2810=ORIENTED_EDGE('',*,*,#5792,.F.);
#2811=ORIENTED_EDGE('',*,*,#5793,.F.);
#2812=ORIENTED_EDGE('',*,*,#5794,.F.);
#2813=ORIENTED_EDGE('',*,*,#5795,.F.);
#2814=ORIENTED_EDGE('',*,*,#5796,.F.);
#2815=ORIENTED_EDGE('',*,*,#5797,.F.);
#2816=ORIENTED_EDGE('',*,*,#5798,.F.);
#2817=ORIENTED_EDGE('',*,*,#5799,.F.);
#2818=ORIENTED_EDGE('',*,*,#5800,.F.);
#2819=ORIENTED_EDGE('',*,*,#5801,.F.);
#2820=ORIENTED_EDGE('',*,*,#5802,.F.);
#2821=ORIENTED_EDGE('',*,*,#5803,.F.);
#2822=ORIENTED_EDGE('',*,*,#5804,.F.);
#2823=ORIENTED_EDGE('',*,*,#5805,.F.);
#2824=ORIENTED_EDGE('',*,*,#5806,.F.);
#2825=ORIENTED_EDGE('',*,*,#5807,.F.);
#2826=ORIENTED_EDGE('',*,*,#5808,.F.);
#2827=ORIENTED_EDGE('',*,*,#5809,.F.);
#2828=ORIENTED_EDGE('',*,*,#5810,.F.);
#2829=ORIENTED_EDGE('',*,*,#5811,.F.);
#2830=ORIENTED_EDGE('',*,*,#5812,.F.);
#2831=ORIENTED_EDGE('',*,*,#5813,.F.);
#2832=ORIENTED_EDGE('',*,*,#5814,.F.);
#2833=ORIENTED_EDGE('',*,*,#5815,.F.);
#2834=ORIENTED_EDGE('',*,*,#5816,.F.);
#2835=ORIENTED_EDGE('',*,*,#5817,.F.);
#2836=ORIENTED_EDGE('',*,*,#5818,.F.);
#2837=ORIENTED_EDGE('',*,*,#5819,.F.);
#2838=ORIENTED_EDGE('',*,*,#5820,.F.);
#2839=ORIENTED_EDGE('',*,*,#5821,.F.);
#2840=ORIENTED_EDGE('',*,*,#5822,.F.);
#2841=ORIENTED_EDGE('',*,*,#5823,.F.);
#2842=ORIENTED_EDGE('',*,*,#5824,.F.);
#2843=ORIENTED_EDGE('',*,*,#5825,.F.);
#2844=ORIENTED_EDGE('',*,*,#5826,.F.);
#2845=ORIENTED_EDGE('',*,*,#5827,.F.);
#2846=ORIENTED_EDGE('',*,*,#5828,.F.);
#2847=ORIENTED_EDGE('',*,*,#5829,.F.);
#2848=ORIENTED_EDGE('',*,*,#5830,.F.);
#2849=ORIENTED_EDGE('',*,*,#5831,.F.);
#2850=ORIENTED_EDGE('',*,*,#5832,.F.);
#2851=ORIENTED_EDGE('',*,*,#5833,.F.);
#2852=ORIENTED_EDGE('',*,*,#5834,.F.);
#2853=ORIENTED_EDGE('',*,*,#5835,.F.);
#2854=ORIENTED_EDGE('',*,*,#5836,.F.);
#2855=ORIENTED_EDGE('',*,*,#5837,.F.);
#2856=ORIENTED_EDGE('',*,*,#5838,.F.);
#2857=ORIENTED_EDGE('',*,*,#5839,.F.);
#2858=ORIENTED_EDGE('',*,*,#5840,.F.);
#2859=ORIENTED_EDGE('',*,*,#5841,.F.);
#2860=ORIENTED_EDGE('',*,*,#5842,.F.);
#2861=ORIENTED_EDGE('',*,*,#5843,.F.);
#2862=ORIENTED_EDGE('',*,*,#5844,.F.);
#2863=ORIENTED_EDGE('',*,*,#5845,.F.);
#2864=ORIENTED_EDGE('',*,*,#5846,.F.);
#2865=ORIENTED_EDGE('',*,*,#5847,.F.);
#2866=ORIENTED_EDGE('',*,*,#5848,.F.);
#2867=ORIENTED_EDGE('',*,*,#5849,.F.);
#2868=ORIENTED_EDGE('',*,*,#5850,.F.);
#2869=ORIENTED_EDGE('',*,*,#5851,.F.);
#2870=ORIENTED_EDGE('',*,*,#5852,.F.);
#2871=ORIENTED_EDGE('',*,*,#5853,.T.);
#2872=ORIENTED_EDGE('',*,*,#5854,.T.);
#2873=ORIENTED_EDGE('',*,*,#5855,.T.);
#2874=ORIENTED_EDGE('',*,*,#5856,.T.);
#2875=ORIENTED_EDGE('',*,*,#5857,.T.);
#2876=ORIENTED_EDGE('',*,*,#5858,.T.);
#2877=ORIENTED_EDGE('',*,*,#5859,.T.);
#2878=ORIENTED_EDGE('',*,*,#5860,.T.);
#2879=ORIENTED_EDGE('',*,*,#5861,.T.);
#2880=ORIENTED_EDGE('',*,*,#5862,.T.);
#2881=ORIENTED_EDGE('',*,*,#5863,.T.);
#2882=ORIENTED_EDGE('',*,*,#5864,.T.);
#2883=ORIENTED_EDGE('',*,*,#5865,.T.);
#2884=ORIENTED_EDGE('',*,*,#5866,.T.);
#2885=ORIENTED_EDGE('',*,*,#5867,.T.);
#2886=ORIENTED_EDGE('',*,*,#5868,.T.);
#2887=ORIENTED_EDGE('',*,*,#5869,.T.);
#2888=ORIENTED_EDGE('',*,*,#5870,.T.);
#2889=ORIENTED_EDGE('',*,*,#5871,.T.);
#2890=ORIENTED_EDGE('',*,*,#5872,.T.);
#2891=ORIENTED_EDGE('',*,*,#5873,.T.);
#2892=ORIENTED_EDGE('',*,*,#5874,.T.);
#2893=ORIENTED_EDGE('',*,*,#5875,.T.);
#2894=ORIENTED_EDGE('',*,*,#5876,.T.);
#2895=ORIENTED_EDGE('',*,*,#5877,.T.);
#2896=ORIENTED_EDGE('',*,*,#5878,.T.);
#2897=ORIENTED_EDGE('',*,*,#5879,.T.);
#2898=ORIENTED_EDGE('',*,*,#5880,.T.);
#2899=ORIENTED_EDGE('',*,*,#5881,.T.);
#2900=ORIENTED_EDGE('',*,*,#5882,.T.);
#2901=ORIENTED_EDGE('',*,*,#5883,.T.);
#2902=ORIENTED_EDGE('',*,*,#5884,.T.);
#2903=ORIENTED_EDGE('',*,*,#5885,.T.);
#2904=ORIENTED_EDGE('',*,*,#5886,.T.);
#2905=ORIENTED_EDGE('',*,*,#5887,.T.);
#2906=ORIENTED_EDGE('',*,*,#5888,.T.);
#2907=ORIENTED_EDGE('',*,*,#5889,.T.);
#2908=ORIENTED_EDGE('',*,*,#5890,.T.);
#2909=ORIENTED_EDGE('',*,*,#5891,.T.);
#2910=ORIENTED_EDGE('',*,*,#5892,.T.);
#2911=ORIENTED_EDGE('',*,*,#5893,.T.);
#2912=ORIENTED_EDGE('',*,*,#5894,.T.);
#2913=ORIENTED_EDGE('',*,*,#5895,.T.);
#2914=ORIENTED_EDGE('',*,*,#5896,.T.);
#2915=ORIENTED_EDGE('',*,*,#5897,.T.);
#2916=ORIENTED_EDGE('',*,*,#5898,.T.);
#2917=ORIENTED_EDGE('',*,*,#5899,.T.);
#2918=ORIENTED_EDGE('',*,*,#5900,.T.);
#2919=ORIENTED_EDGE('',*,*,#5901,.T.);
#2920=ORIENTED_EDGE('',*,*,#5902,.T.);
#2921=ORIENTED_EDGE('',*,*,#5903,.T.);
#2922=ORIENTED_EDGE('',*,*,#5904,.T.);
#2923=ORIENTED_EDGE('',*,*,#5905,.T.);
#2924=ORIENTED_EDGE('',*,*,#5906,.F.);
#2925=ORIENTED_EDGE('',*,*,#5907,.T.);
#2926=ORIENTED_EDGE('',*,*,#5908,.T.);
#2927=ORIENTED_EDGE('',*,*,#5909,.T.);
#2928=ORIENTED_EDGE('',*,*,#5910,.T.);
#2929=ORIENTED_EDGE('',*,*,#5911,.F.);
#2930=ORIENTED_EDGE('',*,*,#5912,.T.);
#2931=ORIENTED_EDGE('',*,*,#5913,.T.);
#2932=ORIENTED_EDGE('',*,*,#5914,.T.);
#2933=ORIENTED_EDGE('',*,*,#5915,.F.);
#2934=ORIENTED_EDGE('',*,*,#5916,.F.);
#2935=ORIENTED_EDGE('',*,*,#5917,.T.);
#2936=ORIENTED_EDGE('',*,*,#5918,.T.);
#2937=ORIENTED_EDGE('',*,*,#5919,.F.);
#2938=ORIENTED_EDGE('',*,*,#5920,.T.);
#2939=ORIENTED_EDGE('',*,*,#5921,.F.);
#2940=ORIENTED_EDGE('',*,*,#5922,.T.);
#2941=ORIENTED_EDGE('',*,*,#5923,.T.);
#2942=ORIENTED_EDGE('',*,*,#5924,.T.);
#2943=ORIENTED_EDGE('',*,*,#5925,.F.);
#2944=ORIENTED_EDGE('',*,*,#5926,.T.);
#2945=ORIENTED_EDGE('',*,*,#5927,.T.);
#2946=ORIENTED_EDGE('',*,*,#5928,.T.);
#2947=ORIENTED_EDGE('',*,*,#5929,.F.);
#2948=ORIENTED_EDGE('',*,*,#5930,.T.);
#2949=ORIENTED_EDGE('',*,*,#5752,.T.);
#2950=ORIENTED_EDGE('',*,*,#5931,.T.);
#2951=ORIENTED_EDGE('',*,*,#5932,.F.);
#2952=ORIENTED_EDGE('',*,*,#5933,.F.);
#2953=ORIENTED_EDGE('',*,*,#5934,.T.);
#2954=ORIENTED_EDGE('',*,*,#5935,.T.);
#2955=ORIENTED_EDGE('',*,*,#5936,.F.);
#2956=ORIENTED_EDGE('',*,*,#5937,.F.);
#2957=ORIENTED_EDGE('',*,*,#5938,.T.);
#2958=ORIENTED_EDGE('',*,*,#5935,.F.);
#2959=ORIENTED_EDGE('',*,*,#5939,.T.);
#2960=ORIENTED_EDGE('',*,*,#5940,.T.);
#2961=ORIENTED_EDGE('',*,*,#5941,.T.);
#2962=ORIENTED_EDGE('',*,*,#5942,.F.);
#2963=ORIENTED_EDGE('',*,*,#5943,.T.);
#2964=ORIENTED_EDGE('',*,*,#5944,.T.);
#2965=ORIENTED_EDGE('',*,*,#5945,.F.);
#2966=ORIENTED_EDGE('',*,*,#5946,.T.);
#2967=ORIENTED_EDGE('',*,*,#5947,.T.);
#2968=ORIENTED_EDGE('',*,*,#5948,.T.);
#2969=ORIENTED_EDGE('',*,*,#5916,.T.);
#2970=ORIENTED_EDGE('',*,*,#5949,.T.);
#2971=ORIENTED_EDGE('',*,*,#5693,.T.);
#2972=ORIENTED_EDGE('',*,*,#5950,.T.);
#2973=ORIENTED_EDGE('',*,*,#5937,.T.);
#2974=ORIENTED_EDGE('',*,*,#5951,.F.);
#2975=ORIENTED_EDGE('',*,*,#5926,.F.);
#2976=ORIENTED_EDGE('',*,*,#5952,.T.);
#2977=ORIENTED_EDGE('',*,*,#5953,.T.);
#2978=ORIENTED_EDGE('',*,*,#5917,.F.);
#2979=ORIENTED_EDGE('',*,*,#5948,.F.);
#2980=ORIENTED_EDGE('',*,*,#5954,.T.);
#2981=ORIENTED_EDGE('',*,*,#5955,.T.);
#2982=ORIENTED_EDGE('',*,*,#5956,.T.);
#2983=ORIENTED_EDGE('',*,*,#5957,.T.);
#2984=ORIENTED_EDGE('',*,*,#5958,.T.);
#2985=ORIENTED_EDGE('',*,*,#5959,.F.);
#2986=ORIENTED_EDGE('',*,*,#5960,.F.);
#2987=ORIENTED_EDGE('',*,*,#5961,.F.);
#2988=ORIENTED_EDGE('',*,*,#5962,.F.);
#2989=ORIENTED_EDGE('',*,*,#5963,.F.);
#2990=ORIENTED_EDGE('',*,*,#5964,.T.);
#2991=ORIENTED_EDGE('',*,*,#5965,.F.);
#2992=ORIENTED_EDGE('',*,*,#5966,.T.);
#2993=ORIENTED_EDGE('',*,*,#5967,.F.);
#2994=ORIENTED_EDGE('',*,*,#5968,.F.);
#2995=ORIENTED_EDGE('',*,*,#5969,.F.);
#2996=ORIENTED_EDGE('',*,*,#5970,.F.);
#2997=ORIENTED_EDGE('',*,*,#5922,.F.);
#2998=ORIENTED_EDGE('',*,*,#5971,.F.);
#2999=ORIENTED_EDGE('',*,*,#5972,.F.);
#3000=ORIENTED_EDGE('',*,*,#5973,.F.);
#3001=ORIENTED_EDGE('',*,*,#5974,.T.);
#3002=ORIENTED_EDGE('',*,*,#5975,.F.);
#3003=ORIENTED_EDGE('',*,*,#5976,.F.);
#3004=ORIENTED_EDGE('',*,*,#5977,.T.);
#3005=ORIENTED_EDGE('',*,*,#5978,.F.);
#3006=ORIENTED_EDGE('',*,*,#5979,.T.);
#3007=ORIENTED_EDGE('',*,*,#5924,.F.);
#3008=ORIENTED_EDGE('',*,*,#5980,.T.);
#3009=ORIENTED_EDGE('',*,*,#5981,.T.);
#3010=ORIENTED_EDGE('',*,*,#5982,.T.);
#3011=ORIENTED_EDGE('',*,*,#5983,.T.);
#3012=ORIENTED_EDGE('',*,*,#5984,.T.);
#3013=ORIENTED_EDGE('',*,*,#5985,.T.);
#3014=ORIENTED_EDGE('',*,*,#5986,.T.);
#3015=ORIENTED_EDGE('',*,*,#5987,.T.);
#3016=ORIENTED_EDGE('',*,*,#5988,.T.);
#3017=ORIENTED_EDGE('',*,*,#5946,.F.);
#3018=ORIENTED_EDGE('',*,*,#5936,.T.);
#3019=ORIENTED_EDGE('',*,*,#5945,.T.);
#3020=ORIENTED_EDGE('',*,*,#5989,.F.);
#3021=ORIENTED_EDGE('',*,*,#5928,.F.);
#3022=ORIENTED_EDGE('',*,*,#5990,.T.);
#3023=ORIENTED_EDGE('',*,*,#5991,.F.);
#3024=ORIENTED_EDGE('',*,*,#5992,.T.);
#3025=ORIENTED_EDGE('',*,*,#5993,.F.);
#3026=ORIENTED_EDGE('',*,*,#5994,.T.);
#3027=ORIENTED_EDGE('',*,*,#5995,.T.);
#3028=ORIENTED_EDGE('',*,*,#5996,.T.);
#3029=ORIENTED_EDGE('',*,*,#5997,.T.);
#3030=ORIENTED_EDGE('',*,*,#5998,.F.);
#3031=ORIENTED_EDGE('',*,*,#5999,.T.);
#3032=ORIENTED_EDGE('',*,*,#6000,.T.);
#3033=ORIENTED_EDGE('',*,*,#6001,.T.);
#3034=ORIENTED_EDGE('',*,*,#6002,.F.);
#3035=ORIENTED_EDGE('',*,*,#6003,.F.);
#3036=ORIENTED_EDGE('',*,*,#6004,.T.);
#3037=ORIENTED_EDGE('',*,*,#6005,.F.);
#3038=ORIENTED_EDGE('',*,*,#6006,.T.);
#3039=ORIENTED_EDGE('',*,*,#6007,.T.);
#3040=ORIENTED_EDGE('',*,*,#6008,.F.);
#3041=ORIENTED_EDGE('',*,*,#6009,.T.);
#3042=ORIENTED_EDGE('',*,*,#6010,.F.);
#3043=ORIENTED_EDGE('',*,*,#5929,.T.);
#3044=ORIENTED_EDGE('',*,*,#5989,.T.);
#3045=ORIENTED_EDGE('',*,*,#5944,.F.);
#3046=ORIENTED_EDGE('',*,*,#6010,.T.);
#3047=ORIENTED_EDGE('',*,*,#6011,.T.);
#3048=ORIENTED_EDGE('',*,*,#5941,.F.);
#3049=ORIENTED_EDGE('',*,*,#6012,.T.);
#3050=ORIENTED_EDGE('',*,*,#5938,.F.);
#3051=ORIENTED_EDGE('',*,*,#5950,.F.);
#3052=ORIENTED_EDGE('',*,*,#5692,.T.);
#3053=ORIENTED_EDGE('',*,*,#6013,.T.);
#3054=ORIENTED_EDGE('',*,*,#5749,.F.);
#3055=ORIENTED_EDGE('',*,*,#5930,.F.);
#3056=ORIENTED_EDGE('',*,*,#6014,.F.);
#3057=ORIENTED_EDGE('',*,*,#6015,.F.);
#3058=ORIENTED_EDGE('',*,*,#6016,.F.);
#3059=ORIENTED_EDGE('',*,*,#6017,.T.);
#3060=ORIENTED_EDGE('',*,*,#5746,.F.);
#3061=ORIENTED_EDGE('',*,*,#6018,.F.);
#3062=ORIENTED_EDGE('',*,*,#6019,.F.);
#3063=ORIENTED_EDGE('',*,*,#6020,.T.);
#3064=ORIENTED_EDGE('',*,*,#5694,.F.);
#3065=ORIENTED_EDGE('',*,*,#5949,.F.);
#3066=ORIENTED_EDGE('',*,*,#5915,.T.);
#3067=ORIENTED_EDGE('',*,*,#6021,.T.);
#3068=ORIENTED_EDGE('',*,*,#6022,.T.);
#3069=ORIENTED_EDGE('',*,*,#6023,.F.);
#3070=ORIENTED_EDGE('',*,*,#5921,.T.);
#3071=ORIENTED_EDGE('',*,*,#6024,.T.);
#3072=ORIENTED_EDGE('',*,*,#6025,.T.);
#3073=ORIENTED_EDGE('',*,*,#6026,.T.);
#3074=ORIENTED_EDGE('',*,*,#6027,.F.);
#3075=ORIENTED_EDGE('',*,*,#5931,.F.);
#3076=ORIENTED_EDGE('',*,*,#5751,.T.);
#3077=ORIENTED_EDGE('',*,*,#6028,.F.);
#3078=ORIENTED_EDGE('',*,*,#5690,.F.);
#3079=ORIENTED_EDGE('',*,*,#6029,.F.);
#3080=ORIENTED_EDGE('',*,*,#6030,.F.);
#3081=ORIENTED_EDGE('',*,*,#6031,.T.);
#3082=ORIENTED_EDGE('',*,*,#5635,.F.);
#3083=ORIENTED_EDGE('',*,*,#6032,.F.);
#3084=ORIENTED_EDGE('',*,*,#6033,.F.);
#3085=ORIENTED_EDGE('',*,*,#6034,.F.);
#3086=ORIENTED_EDGE('',*,*,#6035,.F.);
#3087=ORIENTED_EDGE('',*,*,#6036,.T.);
#3088=ORIENTED_EDGE('',*,*,#6037,.F.);
#3089=ORIENTED_EDGE('',*,*,#5952,.F.);
#3090=ORIENTED_EDGE('',*,*,#5932,.T.);
#3091=ORIENTED_EDGE('',*,*,#6027,.T.);
#3092=ORIENTED_EDGE('',*,*,#6038,.F.);
#3093=ORIENTED_EDGE('',*,*,#5959,.T.);
#3094=ORIENTED_EDGE('',*,*,#6039,.F.);
#3095=ORIENTED_EDGE('',*,*,#5998,.T.);
#3096=ORIENTED_EDGE('',*,*,#6040,.F.);
#3097=ORIENTED_EDGE('',*,*,#6041,.F.);
#3098=ORIENTED_EDGE('',*,*,#6042,.F.);
#3099=ORIENTED_EDGE('',*,*,#6028,.T.);
#3100=ORIENTED_EDGE('',*,*,#5750,.F.);
#3101=ORIENTED_EDGE('',*,*,#6013,.F.);
#3102=ORIENTED_EDGE('',*,*,#5691,.F.);
#3103=ORIENTED_EDGE('',*,*,#6043,.F.);
#3104=ORIENTED_EDGE('',*,*,#6044,.T.);
#3105=ORIENTED_EDGE('',*,*,#6025,.F.);
#3106=ORIENTED_EDGE('',*,*,#6045,.F.);
#3107=ORIENTED_EDGE('',*,*,#6046,.F.);
#3108=ORIENTED_EDGE('',*,*,#5918,.F.);
#3109=ORIENTED_EDGE('',*,*,#5953,.F.);
#3110=ORIENTED_EDGE('',*,*,#6037,.T.);
#3111=ORIENTED_EDGE('',*,*,#6047,.F.);
#3112=ORIENTED_EDGE('',*,*,#5987,.F.);
#3113=ORIENTED_EDGE('',*,*,#6048,.T.);
#3114=ORIENTED_EDGE('',*,*,#5955,.F.);
#3115=ORIENTED_EDGE('',*,*,#6049,.F.);
#3116=ORIENTED_EDGE('',*,*,#6000,.F.);
#3117=ORIENTED_EDGE('',*,*,#6050,.T.);
#3118=ORIENTED_EDGE('',*,*,#5957,.F.);
#3119=ORIENTED_EDGE('',*,*,#6048,.F.);
#3120=ORIENTED_EDGE('',*,*,#6001,.F.);
#3121=ORIENTED_EDGE('',*,*,#6049,.T.);
#3122=ORIENTED_EDGE('',*,*,#5956,.F.);
#3123=ORIENTED_EDGE('',*,*,#5947,.F.);
#3124=ORIENTED_EDGE('',*,*,#5988,.F.);
#3125=ORIENTED_EDGE('',*,*,#6047,.T.);
#3126=ORIENTED_EDGE('',*,*,#5954,.F.);
#3127=ORIENTED_EDGE('',*,*,#6050,.F.);
#3128=ORIENTED_EDGE('',*,*,#5999,.F.);
#3129=ORIENTED_EDGE('',*,*,#6039,.T.);
#3130=ORIENTED_EDGE('',*,*,#5958,.F.);
#3131=ORIENTED_EDGE('',*,*,#6051,.T.);
#3132=ORIENTED_EDGE('',*,*,#5984,.F.);
#3133=ORIENTED_EDGE('',*,*,#6052,.F.);
#3134=ORIENTED_EDGE('',*,*,#5970,.T.);
#3135=ORIENTED_EDGE('',*,*,#6051,.F.);
#3136=ORIENTED_EDGE('',*,*,#6052,.T.);
#3137=ORIENTED_EDGE('',*,*,#6053,.T.);
#3138=ORIENTED_EDGE('',*,*,#5983,.F.);
#3139=ORIENTED_EDGE('',*,*,#6054,.F.);
#3140=ORIENTED_EDGE('',*,*,#5969,.T.);
#3141=ORIENTED_EDGE('',*,*,#6053,.F.);
#3142=ORIENTED_EDGE('',*,*,#6054,.T.);
#3143=ORIENTED_EDGE('',*,*,#6055,.T.);
#3144=ORIENTED_EDGE('',*,*,#5986,.F.);
#3145=ORIENTED_EDGE('',*,*,#6056,.F.);
#3146=ORIENTED_EDGE('',*,*,#5968,.T.);
#3147=ORIENTED_EDGE('',*,*,#6055,.F.);
#3148=ORIENTED_EDGE('',*,*,#6056,.T.);
#3149=ORIENTED_EDGE('',*,*,#6057,.T.);
#3150=ORIENTED_EDGE('',*,*,#5985,.F.);
#3151=ORIENTED_EDGE('',*,*,#6058,.F.);
#3152=ORIENTED_EDGE('',*,*,#5967,.T.);
#3153=ORIENTED_EDGE('',*,*,#6057,.F.);
#3154=ORIENTED_EDGE('',*,*,#6058,.T.);
#3155=ORIENTED_EDGE('',*,*,#6024,.F.);
#3156=ORIENTED_EDGE('',*,*,#5920,.F.);
#3157=ORIENTED_EDGE('',*,*,#6059,.T.);
#3158=ORIENTED_EDGE('',*,*,#6045,.T.);
#3159=ORIENTED_EDGE('',*,*,#6060,.F.);
#3160=ORIENTED_EDGE('',*,*,#6033,.T.);
#3161=ORIENTED_EDGE('',*,*,#6060,.T.);
#3162=ORIENTED_EDGE('',*,*,#5919,.T.);
#3163=ORIENTED_EDGE('',*,*,#6046,.T.);
#3164=ORIENTED_EDGE('',*,*,#6059,.F.);
#3165=ORIENTED_EDGE('',*,*,#6026,.F.);
#3166=ORIENTED_EDGE('',*,*,#6044,.F.);
#3167=ORIENTED_EDGE('',*,*,#6061,.T.);
#3168=ORIENTED_EDGE('',*,*,#6035,.T.);
#3169=ORIENTED_EDGE('',*,*,#6062,.F.);
#3170=ORIENTED_EDGE('',*,*,#6034,.T.);
#3171=ORIENTED_EDGE('',*,*,#6062,.T.);
#3172=ORIENTED_EDGE('',*,*,#6043,.T.);
#3173=ORIENTED_EDGE('',*,*,#6036,.F.);
#3174=ORIENTED_EDGE('',*,*,#6061,.F.);
#3175=ORIENTED_EDGE('',*,*,#6011,.F.);
#3176=ORIENTED_EDGE('',*,*,#6009,.F.);
#3177=ORIENTED_EDGE('',*,*,#6063,.T.);
#3178=ORIENTED_EDGE('',*,*,#5942,.T.);
#3179=ORIENTED_EDGE('',*,*,#6064,.F.);
#3180=ORIENTED_EDGE('',*,*,#6014,.T.);
#3181=ORIENTED_EDGE('',*,*,#6064,.T.);
#3182=ORIENTED_EDGE('',*,*,#6008,.T.);
#3183=ORIENTED_EDGE('',*,*,#5943,.F.);
#3184=ORIENTED_EDGE('',*,*,#6063,.F.);
#3185=ORIENTED_EDGE('',*,*,#6012,.F.);
#3186=ORIENTED_EDGE('',*,*,#5940,.F.);
#3187=ORIENTED_EDGE('',*,*,#6065,.T.);
#3188=ORIENTED_EDGE('',*,*,#5933,.T.);
#3189=ORIENTED_EDGE('',*,*,#6066,.F.);
#3190=ORIENTED_EDGE('',*,*,#6015,.T.);
#3191=ORIENTED_EDGE('',*,*,#6066,.T.);
#3192=ORIENTED_EDGE('',*,*,#5939,.F.);
#3193=ORIENTED_EDGE('',*,*,#5934,.F.);
#3194=ORIENTED_EDGE('',*,*,#6065,.F.);
#3195=ORIENTED_EDGE('',*,*,#6002,.T.);
#3196=ORIENTED_EDGE('',*,*,#6067,.F.);
#3197=ORIENTED_EDGE('',*,*,#5974,.F.);
#3198=ORIENTED_EDGE('',*,*,#6068,.T.);
#3199=ORIENTED_EDGE('',*,*,#6003,.T.);
#3200=ORIENTED_EDGE('',*,*,#6068,.F.);
#3201=ORIENTED_EDGE('',*,*,#5979,.F.);
#3202=ORIENTED_EDGE('',*,*,#6069,.T.);
#3203=ORIENTED_EDGE('',*,*,#6004,.F.);
#3204=ORIENTED_EDGE('',*,*,#6069,.F.);
#3205=ORIENTED_EDGE('',*,*,#5978,.T.);
#3206=ORIENTED_EDGE('',*,*,#6070,.T.);
#3207=ORIENTED_EDGE('',*,*,#6005,.T.);
#3208=ORIENTED_EDGE('',*,*,#6070,.F.);
#3209=ORIENTED_EDGE('',*,*,#5977,.F.);
#3210=ORIENTED_EDGE('',*,*,#6071,.T.);
#3211=ORIENTED_EDGE('',*,*,#6006,.F.);
#3212=ORIENTED_EDGE('',*,*,#6071,.F.);
#3213=ORIENTED_EDGE('',*,*,#5976,.T.);
#3214=ORIENTED_EDGE('',*,*,#6072,.T.);
#3215=ORIENTED_EDGE('',*,*,#5996,.F.);
#3216=ORIENTED_EDGE('',*,*,#6073,.F.);
#3217=ORIENTED_EDGE('',*,*,#5961,.T.);
#3218=ORIENTED_EDGE('',*,*,#6074,.T.);
#3219=ORIENTED_EDGE('',*,*,#5997,.F.);
#3220=ORIENTED_EDGE('',*,*,#6074,.F.);
#3221=ORIENTED_EDGE('',*,*,#5960,.T.);
#3222=ORIENTED_EDGE('',*,*,#6038,.T.);
#3223=ORIENTED_EDGE('',*,*,#5980,.F.);
#3224=ORIENTED_EDGE('',*,*,#5923,.F.);
#3225=ORIENTED_EDGE('',*,*,#5973,.T.);
#3226=ORIENTED_EDGE('',*,*,#6075,.T.);
#3227=ORIENTED_EDGE('',*,*,#5981,.F.);
#3228=ORIENTED_EDGE('',*,*,#6075,.F.);
#3229=ORIENTED_EDGE('',*,*,#5972,.T.);
#3230=ORIENTED_EDGE('',*,*,#6076,.T.);
#3231=ORIENTED_EDGE('',*,*,#5982,.F.);
#3232=ORIENTED_EDGE('',*,*,#6076,.F.);
#3233=ORIENTED_EDGE('',*,*,#5971,.T.);
#3234=ORIENTED_EDGE('',*,*,#5925,.T.);
#3235=ORIENTED_EDGE('',*,*,#5990,.F.);
#3236=ORIENTED_EDGE('',*,*,#5927,.F.);
#3237=ORIENTED_EDGE('',*,*,#5951,.T.);
#3238=ORIENTED_EDGE('',*,*,#6077,.T.);
#3239=ORIENTED_EDGE('',*,*,#5991,.T.);
#3240=ORIENTED_EDGE('',*,*,#6077,.F.);
#3241=ORIENTED_EDGE('',*,*,#5966,.F.);
#3242=ORIENTED_EDGE('',*,*,#6078,.T.);
#3243=ORIENTED_EDGE('',*,*,#5992,.F.);
#3244=ORIENTED_EDGE('',*,*,#6078,.F.);
#3245=ORIENTED_EDGE('',*,*,#5965,.T.);
#3246=ORIENTED_EDGE('',*,*,#6079,.T.);
#3247=ORIENTED_EDGE('',*,*,#5993,.T.);
#3248=ORIENTED_EDGE('',*,*,#6079,.F.);
#3249=ORIENTED_EDGE('',*,*,#5964,.F.);
#3250=ORIENTED_EDGE('',*,*,#6080,.T.);
#3251=ORIENTED_EDGE('',*,*,#5994,.F.);
#3252=ORIENTED_EDGE('',*,*,#6080,.F.);
#3253=ORIENTED_EDGE('',*,*,#5963,.T.);
#3254=ORIENTED_EDGE('',*,*,#6081,.T.);
#3255=ORIENTED_EDGE('',*,*,#5995,.F.);
#3256=ORIENTED_EDGE('',*,*,#6081,.F.);
#3257=ORIENTED_EDGE('',*,*,#5962,.T.);
#3258=ORIENTED_EDGE('',*,*,#6073,.T.);
#3259=ORIENTED_EDGE('',*,*,#6007,.F.);
#3260=ORIENTED_EDGE('',*,*,#6072,.F.);
#3261=ORIENTED_EDGE('',*,*,#5975,.T.);
#3262=ORIENTED_EDGE('',*,*,#6067,.T.);
#3263=ORIENTED_EDGE('',*,*,#6082,.T.);
#3264=ORIENTED_EDGE('',*,*,#5727,.T.);
#3265=ORIENTED_EDGE('',*,*,#6083,.F.);
#3266=ORIENTED_EDGE('',*,*,#5904,.F.);
#3267=ORIENTED_EDGE('',*,*,#6083,.T.);
#3268=ORIENTED_EDGE('',*,*,#5726,.T.);
#3269=ORIENTED_EDGE('',*,*,#6084,.F.);
#3270=ORIENTED_EDGE('',*,*,#5905,.F.);
#3271=ORIENTED_EDGE('',*,*,#5906,.T.);
#3272=ORIENTED_EDGE('',*,*,#6084,.T.);
#3273=ORIENTED_EDGE('',*,*,#5733,.F.);
#3274=ORIENTED_EDGE('',*,*,#6085,.F.);
#3275=ORIENTED_EDGE('',*,*,#6085,.T.);
#3276=ORIENTED_EDGE('',*,*,#5732,.T.);
#3277=ORIENTED_EDGE('',*,*,#6086,.F.);
#3278=ORIENTED_EDGE('',*,*,#5907,.F.);
#3279=ORIENTED_EDGE('',*,*,#6086,.T.);
#3280=ORIENTED_EDGE('',*,*,#5731,.T.);
#3281=ORIENTED_EDGE('',*,*,#6087,.F.);
#3282=ORIENTED_EDGE('',*,*,#5908,.F.);
#3283=ORIENTED_EDGE('',*,*,#6087,.T.);
#3284=ORIENTED_EDGE('',*,*,#5730,.T.);
#3285=ORIENTED_EDGE('',*,*,#6088,.F.);
#3286=ORIENTED_EDGE('',*,*,#5909,.F.);
#3287=ORIENTED_EDGE('',*,*,#6088,.T.);
#3288=ORIENTED_EDGE('',*,*,#5729,.T.);
#3289=ORIENTED_EDGE('',*,*,#6089,.F.);
#3290=ORIENTED_EDGE('',*,*,#5910,.F.);
#3291=ORIENTED_EDGE('',*,*,#6089,.T.);
#3292=ORIENTED_EDGE('',*,*,#5728,.T.);
#3293=ORIENTED_EDGE('',*,*,#6082,.F.);
#3294=ORIENTED_EDGE('',*,*,#5903,.F.);
#3295=ORIENTED_EDGE('',*,*,#6090,.F.);
#3296=ORIENTED_EDGE('',*,*,#6091,.F.);
#3297=ORIENTED_EDGE('',*,*,#6092,.T.);
#3298=ORIENTED_EDGE('',*,*,#5596,.T.);
#3299=ORIENTED_EDGE('',*,*,#6093,.F.);
#3300=ORIENTED_EDGE('',*,*,#6094,.F.);
#3301=ORIENTED_EDGE('',*,*,#6090,.T.);
#3302=ORIENTED_EDGE('',*,*,#5595,.T.);
#3303=ORIENTED_EDGE('',*,*,#6095,.F.);
#3304=ORIENTED_EDGE('',*,*,#6096,.F.);
#3305=ORIENTED_EDGE('',*,*,#6093,.T.);
#3306=ORIENTED_EDGE('',*,*,#5602,.T.);
#3307=ORIENTED_EDGE('',*,*,#6097,.F.);
#3308=ORIENTED_EDGE('',*,*,#6098,.F.);
#3309=ORIENTED_EDGE('',*,*,#6095,.T.);
#3310=ORIENTED_EDGE('',*,*,#5601,.T.);
#3311=ORIENTED_EDGE('',*,*,#6099,.F.);
#3312=ORIENTED_EDGE('',*,*,#6100,.F.);
#3313=ORIENTED_EDGE('',*,*,#6097,.T.);
#3314=ORIENTED_EDGE('',*,*,#5600,.T.);
#3315=ORIENTED_EDGE('',*,*,#6101,.F.);
#3316=ORIENTED_EDGE('',*,*,#6102,.F.);
#3317=ORIENTED_EDGE('',*,*,#6099,.T.);
#3318=ORIENTED_EDGE('',*,*,#5599,.T.);
#3319=ORIENTED_EDGE('',*,*,#6103,.F.);
#3320=ORIENTED_EDGE('',*,*,#6104,.F.);
#3321=ORIENTED_EDGE('',*,*,#6101,.T.);
#3322=ORIENTED_EDGE('',*,*,#5598,.T.);
#3323=ORIENTED_EDGE('',*,*,#6092,.F.);
#3324=ORIENTED_EDGE('',*,*,#6105,.F.);
#3325=ORIENTED_EDGE('',*,*,#6103,.T.);
#3326=ORIENTED_EDGE('',*,*,#5597,.T.);
#3327=ORIENTED_EDGE('',*,*,#6106,.T.);
#3328=ORIENTED_EDGE('',*,*,#6107,.T.);
#3329=ORIENTED_EDGE('',*,*,#6108,.F.);
#3330=ORIENTED_EDGE('',*,*,#5912,.F.);
#3331=ORIENTED_EDGE('',*,*,#6108,.T.);
#3332=ORIENTED_EDGE('',*,*,#6109,.T.);
#3333=ORIENTED_EDGE('',*,*,#6110,.F.);
#3334=ORIENTED_EDGE('',*,*,#5913,.F.);
#3335=ORIENTED_EDGE('',*,*,#5911,.T.);
#3336=ORIENTED_EDGE('',*,*,#6023,.T.);
#3337=ORIENTED_EDGE('',*,*,#6111,.F.);
#3338=ORIENTED_EDGE('',*,*,#6106,.F.);
#3339=ORIENTED_EDGE('',*,*,#6110,.T.);
#3340=ORIENTED_EDGE('',*,*,#6112,.T.);
#3341=ORIENTED_EDGE('',*,*,#6021,.F.);
#3342=ORIENTED_EDGE('',*,*,#5914,.F.);
#3343=ORIENTED_EDGE('',*,*,#6094,.T.);
#3344=ORIENTED_EDGE('',*,*,#6096,.T.);
#3345=ORIENTED_EDGE('',*,*,#6098,.T.);
#3346=ORIENTED_EDGE('',*,*,#6100,.T.);
#3347=ORIENTED_EDGE('',*,*,#6102,.T.);
#3348=ORIENTED_EDGE('',*,*,#6104,.T.);
#3349=ORIENTED_EDGE('',*,*,#6105,.T.);
#3350=ORIENTED_EDGE('',*,*,#6091,.T.);
#3351=ORIENTED_EDGE('',*,*,#6111,.T.);
#3352=ORIENTED_EDGE('',*,*,#6022,.F.);
#3353=ORIENTED_EDGE('',*,*,#6112,.F.);
#3354=ORIENTED_EDGE('',*,*,#6109,.F.);
#3355=ORIENTED_EDGE('',*,*,#6107,.F.);
#3356=ORIENTED_EDGE('',*,*,#5754,.T.);
#3357=ORIENTED_EDGE('',*,*,#6113,.F.);
#3358=ORIENTED_EDGE('',*,*,#6114,.F.);
#3359=ORIENTED_EDGE('',*,*,#6115,.T.);
#3360=ORIENTED_EDGE('',*,*,#5753,.T.);
#3361=ORIENTED_EDGE('',*,*,#6116,.F.);
#3362=ORIENTED_EDGE('',*,*,#6117,.F.);
#3363=ORIENTED_EDGE('',*,*,#6113,.T.);
#3364=ORIENTED_EDGE('',*,*,#5802,.T.);
#3365=ORIENTED_EDGE('',*,*,#6118,.F.);
#3366=ORIENTED_EDGE('',*,*,#6119,.F.);
#3367=ORIENTED_EDGE('',*,*,#6116,.T.);
#3368=ORIENTED_EDGE('',*,*,#5801,.T.);
#3369=ORIENTED_EDGE('',*,*,#6120,.F.);
#3370=ORIENTED_EDGE('',*,*,#6121,.F.);
#3371=ORIENTED_EDGE('',*,*,#6118,.T.);
#3372=ORIENTED_EDGE('',*,*,#5800,.T.);
#3373=ORIENTED_EDGE('',*,*,#6122,.F.);
#3374=ORIENTED_EDGE('',*,*,#6123,.F.);
#3375=ORIENTED_EDGE('',*,*,#6120,.T.);
#3376=ORIENTED_EDGE('',*,*,#5799,.T.);
#3377=ORIENTED_EDGE('',*,*,#6124,.F.);
#3378=ORIENTED_EDGE('',*,*,#6125,.F.);
#3379=ORIENTED_EDGE('',*,*,#6122,.T.);
#3380=ORIENTED_EDGE('',*,*,#5798,.T.);
#3381=ORIENTED_EDGE('',*,*,#6126,.F.);
#3382=ORIENTED_EDGE('',*,*,#6127,.F.);
#3383=ORIENTED_EDGE('',*,*,#6124,.T.);
#3384=ORIENTED_EDGE('',*,*,#5797,.T.);
#3385=ORIENTED_EDGE('',*,*,#6128,.F.);
#3386=ORIENTED_EDGE('',*,*,#6129,.F.);
#3387=ORIENTED_EDGE('',*,*,#6126,.T.);
#3388=ORIENTED_EDGE('',*,*,#5796,.T.);
#3389=ORIENTED_EDGE('',*,*,#6130,.F.);
#3390=ORIENTED_EDGE('',*,*,#6131,.F.);
#3391=ORIENTED_EDGE('',*,*,#6128,.T.);
#3392=ORIENTED_EDGE('',*,*,#5795,.T.);
#3393=ORIENTED_EDGE('',*,*,#6132,.F.);
#3394=ORIENTED_EDGE('',*,*,#6133,.F.);
#3395=ORIENTED_EDGE('',*,*,#6130,.T.);
#3396=ORIENTED_EDGE('',*,*,#5794,.T.);
#3397=ORIENTED_EDGE('',*,*,#6134,.F.);
#3398=ORIENTED_EDGE('',*,*,#6135,.F.);
#3399=ORIENTED_EDGE('',*,*,#6132,.T.);
#3400=ORIENTED_EDGE('',*,*,#5793,.T.);
#3401=ORIENTED_EDGE('',*,*,#6136,.F.);
#3402=ORIENTED_EDGE('',*,*,#6137,.F.);
#3403=ORIENTED_EDGE('',*,*,#6134,.T.);
#3404=ORIENTED_EDGE('',*,*,#5792,.T.);
#3405=ORIENTED_EDGE('',*,*,#6138,.F.);
#3406=ORIENTED_EDGE('',*,*,#6139,.F.);
#3407=ORIENTED_EDGE('',*,*,#6136,.T.);
#3408=ORIENTED_EDGE('',*,*,#5791,.T.);
#3409=ORIENTED_EDGE('',*,*,#6140,.F.);
#3410=ORIENTED_EDGE('',*,*,#6141,.F.);
#3411=ORIENTED_EDGE('',*,*,#6138,.T.);
#3412=ORIENTED_EDGE('',*,*,#5790,.T.);
#3413=ORIENTED_EDGE('',*,*,#6142,.F.);
#3414=ORIENTED_EDGE('',*,*,#6143,.F.);
#3415=ORIENTED_EDGE('',*,*,#6140,.T.);
#3416=ORIENTED_EDGE('',*,*,#5789,.T.);
#3417=ORIENTED_EDGE('',*,*,#6144,.F.);
#3418=ORIENTED_EDGE('',*,*,#6145,.F.);
#3419=ORIENTED_EDGE('',*,*,#6142,.T.);
#3420=ORIENTED_EDGE('',*,*,#5788,.T.);
#3421=ORIENTED_EDGE('',*,*,#6146,.F.);
#3422=ORIENTED_EDGE('',*,*,#6147,.F.);
#3423=ORIENTED_EDGE('',*,*,#6144,.T.);
#3424=ORIENTED_EDGE('',*,*,#5787,.T.);
#3425=ORIENTED_EDGE('',*,*,#6148,.F.);
#3426=ORIENTED_EDGE('',*,*,#6149,.F.);
#3427=ORIENTED_EDGE('',*,*,#6146,.T.);
#3428=ORIENTED_EDGE('',*,*,#5786,.T.);
#3429=ORIENTED_EDGE('',*,*,#6150,.F.);
#3430=ORIENTED_EDGE('',*,*,#6151,.F.);
#3431=ORIENTED_EDGE('',*,*,#6148,.T.);
#3432=ORIENTED_EDGE('',*,*,#5785,.T.);
#3433=ORIENTED_EDGE('',*,*,#6152,.F.);
#3434=ORIENTED_EDGE('',*,*,#6153,.F.);
#3435=ORIENTED_EDGE('',*,*,#6150,.T.);
#3436=ORIENTED_EDGE('',*,*,#5784,.T.);
#3437=ORIENTED_EDGE('',*,*,#6154,.F.);
#3438=ORIENTED_EDGE('',*,*,#6155,.F.);
#3439=ORIENTED_EDGE('',*,*,#6152,.T.);
#3440=ORIENTED_EDGE('',*,*,#5783,.T.);
#3441=ORIENTED_EDGE('',*,*,#6156,.F.);
#3442=ORIENTED_EDGE('',*,*,#6157,.F.);
#3443=ORIENTED_EDGE('',*,*,#6154,.T.);
#3444=ORIENTED_EDGE('',*,*,#5782,.T.);
#3445=ORIENTED_EDGE('',*,*,#6158,.F.);
#3446=ORIENTED_EDGE('',*,*,#6159,.F.);
#3447=ORIENTED_EDGE('',*,*,#6156,.T.);
#3448=ORIENTED_EDGE('',*,*,#5781,.T.);
#3449=ORIENTED_EDGE('',*,*,#6160,.F.);
#3450=ORIENTED_EDGE('',*,*,#6161,.F.);
#3451=ORIENTED_EDGE('',*,*,#6158,.T.);
#3452=ORIENTED_EDGE('',*,*,#5780,.T.);
#3453=ORIENTED_EDGE('',*,*,#6162,.F.);
#3454=ORIENTED_EDGE('',*,*,#6163,.F.);
#3455=ORIENTED_EDGE('',*,*,#6160,.T.);
#3456=ORIENTED_EDGE('',*,*,#5779,.T.);
#3457=ORIENTED_EDGE('',*,*,#6164,.F.);
#3458=ORIENTED_EDGE('',*,*,#6165,.F.);
#3459=ORIENTED_EDGE('',*,*,#6162,.T.);
#3460=ORIENTED_EDGE('',*,*,#5778,.T.);
#3461=ORIENTED_EDGE('',*,*,#6166,.F.);
#3462=ORIENTED_EDGE('',*,*,#6167,.F.);
#3463=ORIENTED_EDGE('',*,*,#6164,.T.);
#3464=ORIENTED_EDGE('',*,*,#5777,.T.);
#3465=ORIENTED_EDGE('',*,*,#6168,.F.);
#3466=ORIENTED_EDGE('',*,*,#6169,.F.);
#3467=ORIENTED_EDGE('',*,*,#6166,.T.);
#3468=ORIENTED_EDGE('',*,*,#5776,.T.);
#3469=ORIENTED_EDGE('',*,*,#6170,.F.);
#3470=ORIENTED_EDGE('',*,*,#6171,.F.);
#3471=ORIENTED_EDGE('',*,*,#6168,.T.);
#3472=ORIENTED_EDGE('',*,*,#5775,.T.);
#3473=ORIENTED_EDGE('',*,*,#6172,.F.);
#3474=ORIENTED_EDGE('',*,*,#6173,.F.);
#3475=ORIENTED_EDGE('',*,*,#6170,.T.);
#3476=ORIENTED_EDGE('',*,*,#5774,.T.);
#3477=ORIENTED_EDGE('',*,*,#6174,.F.);
#3478=ORIENTED_EDGE('',*,*,#6175,.F.);
#3479=ORIENTED_EDGE('',*,*,#6172,.T.);
#3480=ORIENTED_EDGE('',*,*,#5773,.T.);
#3481=ORIENTED_EDGE('',*,*,#6176,.F.);
#3482=ORIENTED_EDGE('',*,*,#6177,.F.);
#3483=ORIENTED_EDGE('',*,*,#6174,.T.);
#3484=ORIENTED_EDGE('',*,*,#5772,.T.);
#3485=ORIENTED_EDGE('',*,*,#6178,.F.);
#3486=ORIENTED_EDGE('',*,*,#6179,.F.);
#3487=ORIENTED_EDGE('',*,*,#6176,.T.);
#3488=ORIENTED_EDGE('',*,*,#5771,.T.);
#3489=ORIENTED_EDGE('',*,*,#6180,.F.);
#3490=ORIENTED_EDGE('',*,*,#6181,.F.);
#3491=ORIENTED_EDGE('',*,*,#6178,.T.);
#3492=ORIENTED_EDGE('',*,*,#5770,.T.);
#3493=ORIENTED_EDGE('',*,*,#6182,.F.);
#3494=ORIENTED_EDGE('',*,*,#6183,.F.);
#3495=ORIENTED_EDGE('',*,*,#6180,.T.);
#3496=ORIENTED_EDGE('',*,*,#5769,.T.);
#3497=ORIENTED_EDGE('',*,*,#6184,.F.);
#3498=ORIENTED_EDGE('',*,*,#6185,.F.);
#3499=ORIENTED_EDGE('',*,*,#6182,.T.);
#3500=ORIENTED_EDGE('',*,*,#5768,.T.);
#3501=ORIENTED_EDGE('',*,*,#6186,.F.);
#3502=ORIENTED_EDGE('',*,*,#6187,.F.);
#3503=ORIENTED_EDGE('',*,*,#6184,.T.);
#3504=ORIENTED_EDGE('',*,*,#5767,.T.);
#3505=ORIENTED_EDGE('',*,*,#6188,.F.);
#3506=ORIENTED_EDGE('',*,*,#6189,.F.);
#3507=ORIENTED_EDGE('',*,*,#6186,.T.);
#3508=ORIENTED_EDGE('',*,*,#5766,.T.);
#3509=ORIENTED_EDGE('',*,*,#6190,.F.);
#3510=ORIENTED_EDGE('',*,*,#6191,.F.);
#3511=ORIENTED_EDGE('',*,*,#6188,.T.);
#3512=ORIENTED_EDGE('',*,*,#5765,.T.);
#3513=ORIENTED_EDGE('',*,*,#6192,.F.);
#3514=ORIENTED_EDGE('',*,*,#6193,.F.);
#3515=ORIENTED_EDGE('',*,*,#6190,.T.);
#3516=ORIENTED_EDGE('',*,*,#5764,.T.);
#3517=ORIENTED_EDGE('',*,*,#6194,.F.);
#3518=ORIENTED_EDGE('',*,*,#6195,.F.);
#3519=ORIENTED_EDGE('',*,*,#6192,.T.);
#3520=ORIENTED_EDGE('',*,*,#5763,.T.);
#3521=ORIENTED_EDGE('',*,*,#6196,.F.);
#3522=ORIENTED_EDGE('',*,*,#6197,.F.);
#3523=ORIENTED_EDGE('',*,*,#6194,.T.);
#3524=ORIENTED_EDGE('',*,*,#5762,.T.);
#3525=ORIENTED_EDGE('',*,*,#6198,.F.);
#3526=ORIENTED_EDGE('',*,*,#6199,.F.);
#3527=ORIENTED_EDGE('',*,*,#6196,.T.);
#3528=ORIENTED_EDGE('',*,*,#5761,.T.);
#3529=ORIENTED_EDGE('',*,*,#6200,.F.);
#3530=ORIENTED_EDGE('',*,*,#6201,.F.);
#3531=ORIENTED_EDGE('',*,*,#6198,.T.);
#3532=ORIENTED_EDGE('',*,*,#5760,.T.);
#3533=ORIENTED_EDGE('',*,*,#6202,.F.);
#3534=ORIENTED_EDGE('',*,*,#6203,.F.);
#3535=ORIENTED_EDGE('',*,*,#6200,.T.);
#3536=ORIENTED_EDGE('',*,*,#5759,.T.);
#3537=ORIENTED_EDGE('',*,*,#6204,.F.);
#3538=ORIENTED_EDGE('',*,*,#6205,.F.);
#3539=ORIENTED_EDGE('',*,*,#6202,.T.);
#3540=ORIENTED_EDGE('',*,*,#5758,.T.);
#3541=ORIENTED_EDGE('',*,*,#6206,.F.);
#3542=ORIENTED_EDGE('',*,*,#6207,.F.);
#3543=ORIENTED_EDGE('',*,*,#6204,.T.);
#3544=ORIENTED_EDGE('',*,*,#5757,.T.);
#3545=ORIENTED_EDGE('',*,*,#6208,.F.);
#3546=ORIENTED_EDGE('',*,*,#6209,.F.);
#3547=ORIENTED_EDGE('',*,*,#6206,.T.);
#3548=ORIENTED_EDGE('',*,*,#5756,.T.);
#3549=ORIENTED_EDGE('',*,*,#6210,.F.);
#3550=ORIENTED_EDGE('',*,*,#6211,.F.);
#3551=ORIENTED_EDGE('',*,*,#6208,.T.);
#3552=ORIENTED_EDGE('',*,*,#5755,.T.);
#3553=ORIENTED_EDGE('',*,*,#6115,.F.);
#3554=ORIENTED_EDGE('',*,*,#6212,.F.);
#3555=ORIENTED_EDGE('',*,*,#6210,.T.);
#3556=ORIENTED_EDGE('',*,*,#6114,.T.);
#3557=ORIENTED_EDGE('',*,*,#6117,.T.);
#3558=ORIENTED_EDGE('',*,*,#6119,.T.);
#3559=ORIENTED_EDGE('',*,*,#6121,.T.);
#3560=ORIENTED_EDGE('',*,*,#6123,.T.);
#3561=ORIENTED_EDGE('',*,*,#6125,.T.);
#3562=ORIENTED_EDGE('',*,*,#6127,.T.);
#3563=ORIENTED_EDGE('',*,*,#6129,.T.);
#3564=ORIENTED_EDGE('',*,*,#6131,.T.);
#3565=ORIENTED_EDGE('',*,*,#6133,.T.);
#3566=ORIENTED_EDGE('',*,*,#6135,.T.);
#3567=ORIENTED_EDGE('',*,*,#6137,.T.);
#3568=ORIENTED_EDGE('',*,*,#6139,.T.);
#3569=ORIENTED_EDGE('',*,*,#6141,.T.);
#3570=ORIENTED_EDGE('',*,*,#6143,.T.);
#3571=ORIENTED_EDGE('',*,*,#6145,.T.);
#3572=ORIENTED_EDGE('',*,*,#6147,.T.);
#3573=ORIENTED_EDGE('',*,*,#6149,.T.);
#3574=ORIENTED_EDGE('',*,*,#6151,.T.);
#3575=ORIENTED_EDGE('',*,*,#6153,.T.);
#3576=ORIENTED_EDGE('',*,*,#6155,.T.);
#3577=ORIENTED_EDGE('',*,*,#6157,.T.);
#3578=ORIENTED_EDGE('',*,*,#6159,.T.);
#3579=ORIENTED_EDGE('',*,*,#6161,.T.);
#3580=ORIENTED_EDGE('',*,*,#6163,.T.);
#3581=ORIENTED_EDGE('',*,*,#6165,.T.);
#3582=ORIENTED_EDGE('',*,*,#6167,.T.);
#3583=ORIENTED_EDGE('',*,*,#6169,.T.);
#3584=ORIENTED_EDGE('',*,*,#6171,.T.);
#3585=ORIENTED_EDGE('',*,*,#6173,.T.);
#3586=ORIENTED_EDGE('',*,*,#6175,.T.);
#3587=ORIENTED_EDGE('',*,*,#6177,.T.);
#3588=ORIENTED_EDGE('',*,*,#6179,.T.);
#3589=ORIENTED_EDGE('',*,*,#6181,.T.);
#3590=ORIENTED_EDGE('',*,*,#6183,.T.);
#3591=ORIENTED_EDGE('',*,*,#6185,.T.);
#3592=ORIENTED_EDGE('',*,*,#6187,.T.);
#3593=ORIENTED_EDGE('',*,*,#6189,.T.);
#3594=ORIENTED_EDGE('',*,*,#6191,.T.);
#3595=ORIENTED_EDGE('',*,*,#6193,.T.);
#3596=ORIENTED_EDGE('',*,*,#6195,.T.);
#3597=ORIENTED_EDGE('',*,*,#6197,.T.);
#3598=ORIENTED_EDGE('',*,*,#6199,.T.);
#3599=ORIENTED_EDGE('',*,*,#6201,.T.);
#3600=ORIENTED_EDGE('',*,*,#6203,.T.);
#3601=ORIENTED_EDGE('',*,*,#6205,.T.);
#3602=ORIENTED_EDGE('',*,*,#6207,.T.);
#3603=ORIENTED_EDGE('',*,*,#6209,.T.);
#3604=ORIENTED_EDGE('',*,*,#6211,.T.);
#3605=ORIENTED_EDGE('',*,*,#6212,.T.);
#3606=ORIENTED_EDGE('',*,*,#5804,.T.);
#3607=ORIENTED_EDGE('',*,*,#6213,.F.);
#3608=ORIENTED_EDGE('',*,*,#6214,.F.);
#3609=ORIENTED_EDGE('',*,*,#6215,.T.);
#3610=ORIENTED_EDGE('',*,*,#5803,.T.);
#3611=ORIENTED_EDGE('',*,*,#6216,.F.);
#3612=ORIENTED_EDGE('',*,*,#6217,.F.);
#3613=ORIENTED_EDGE('',*,*,#6213,.T.);
#3614=ORIENTED_EDGE('',*,*,#5852,.T.);
#3615=ORIENTED_EDGE('',*,*,#6218,.F.);
#3616=ORIENTED_EDGE('',*,*,#6219,.F.);
#3617=ORIENTED_EDGE('',*,*,#6216,.T.);
#3618=ORIENTED_EDGE('',*,*,#5851,.T.);
#3619=ORIENTED_EDGE('',*,*,#6220,.F.);
#3620=ORIENTED_EDGE('',*,*,#6221,.F.);
#3621=ORIENTED_EDGE('',*,*,#6218,.T.);
#3622=ORIENTED_EDGE('',*,*,#5850,.T.);
#3623=ORIENTED_EDGE('',*,*,#6222,.F.);
#3624=ORIENTED_EDGE('',*,*,#6223,.F.);
#3625=ORIENTED_EDGE('',*,*,#6220,.T.);
#3626=ORIENTED_EDGE('',*,*,#5849,.T.);
#3627=ORIENTED_EDGE('',*,*,#6224,.F.);
#3628=ORIENTED_EDGE('',*,*,#6225,.F.);
#3629=ORIENTED_EDGE('',*,*,#6222,.T.);
#3630=ORIENTED_EDGE('',*,*,#5848,.T.);
#3631=ORIENTED_EDGE('',*,*,#6226,.F.);
#3632=ORIENTED_EDGE('',*,*,#6227,.F.);
#3633=ORIENTED_EDGE('',*,*,#6224,.T.);
#3634=ORIENTED_EDGE('',*,*,#5847,.T.);
#3635=ORIENTED_EDGE('',*,*,#6228,.F.);
#3636=ORIENTED_EDGE('',*,*,#6229,.F.);
#3637=ORIENTED_EDGE('',*,*,#6226,.T.);
#3638=ORIENTED_EDGE('',*,*,#5846,.T.);
#3639=ORIENTED_EDGE('',*,*,#6230,.F.);
#3640=ORIENTED_EDGE('',*,*,#6231,.F.);
#3641=ORIENTED_EDGE('',*,*,#6228,.T.);
#3642=ORIENTED_EDGE('',*,*,#5845,.T.);
#3643=ORIENTED_EDGE('',*,*,#6232,.F.);
#3644=ORIENTED_EDGE('',*,*,#6233,.F.);
#3645=ORIENTED_EDGE('',*,*,#6230,.T.);
#3646=ORIENTED_EDGE('',*,*,#5844,.T.);
#3647=ORIENTED_EDGE('',*,*,#6234,.F.);
#3648=ORIENTED_EDGE('',*,*,#6235,.F.);
#3649=ORIENTED_EDGE('',*,*,#6232,.T.);
#3650=ORIENTED_EDGE('',*,*,#5843,.T.);
#3651=ORIENTED_EDGE('',*,*,#6236,.F.);
#3652=ORIENTED_EDGE('',*,*,#6237,.F.);
#3653=ORIENTED_EDGE('',*,*,#6234,.T.);
#3654=ORIENTED_EDGE('',*,*,#5842,.T.);
#3655=ORIENTED_EDGE('',*,*,#6238,.F.);
#3656=ORIENTED_EDGE('',*,*,#6239,.F.);
#3657=ORIENTED_EDGE('',*,*,#6236,.T.);
#3658=ORIENTED_EDGE('',*,*,#5841,.T.);
#3659=ORIENTED_EDGE('',*,*,#6240,.F.);
#3660=ORIENTED_EDGE('',*,*,#6241,.F.);
#3661=ORIENTED_EDGE('',*,*,#6238,.T.);
#3662=ORIENTED_EDGE('',*,*,#5840,.T.);
#3663=ORIENTED_EDGE('',*,*,#6242,.F.);
#3664=ORIENTED_EDGE('',*,*,#6243,.F.);
#3665=ORIENTED_EDGE('',*,*,#6240,.T.);
#3666=ORIENTED_EDGE('',*,*,#5839,.T.);
#3667=ORIENTED_EDGE('',*,*,#6244,.F.);
#3668=ORIENTED_EDGE('',*,*,#6245,.F.);
#3669=ORIENTED_EDGE('',*,*,#6242,.T.);
#3670=ORIENTED_EDGE('',*,*,#5838,.T.);
#3671=ORIENTED_EDGE('',*,*,#6246,.F.);
#3672=ORIENTED_EDGE('',*,*,#6247,.F.);
#3673=ORIENTED_EDGE('',*,*,#6244,.T.);
#3674=ORIENTED_EDGE('',*,*,#5837,.T.);
#3675=ORIENTED_EDGE('',*,*,#6248,.F.);
#3676=ORIENTED_EDGE('',*,*,#6249,.F.);
#3677=ORIENTED_EDGE('',*,*,#6246,.T.);
#3678=ORIENTED_EDGE('',*,*,#5836,.T.);
#3679=ORIENTED_EDGE('',*,*,#6250,.F.);
#3680=ORIENTED_EDGE('',*,*,#6251,.F.);
#3681=ORIENTED_EDGE('',*,*,#6248,.T.);
#3682=ORIENTED_EDGE('',*,*,#5835,.T.);
#3683=ORIENTED_EDGE('',*,*,#6252,.F.);
#3684=ORIENTED_EDGE('',*,*,#6253,.F.);
#3685=ORIENTED_EDGE('',*,*,#6250,.T.);
#3686=ORIENTED_EDGE('',*,*,#5834,.T.);
#3687=ORIENTED_EDGE('',*,*,#6254,.F.);
#3688=ORIENTED_EDGE('',*,*,#6255,.F.);
#3689=ORIENTED_EDGE('',*,*,#6252,.T.);
#3690=ORIENTED_EDGE('',*,*,#5833,.T.);
#3691=ORIENTED_EDGE('',*,*,#6256,.F.);
#3692=ORIENTED_EDGE('',*,*,#6257,.F.);
#3693=ORIENTED_EDGE('',*,*,#6254,.T.);
#3694=ORIENTED_EDGE('',*,*,#5832,.T.);
#3695=ORIENTED_EDGE('',*,*,#6258,.F.);
#3696=ORIENTED_EDGE('',*,*,#6259,.F.);
#3697=ORIENTED_EDGE('',*,*,#6256,.T.);
#3698=ORIENTED_EDGE('',*,*,#5831,.T.);
#3699=ORIENTED_EDGE('',*,*,#6260,.F.);
#3700=ORIENTED_EDGE('',*,*,#6261,.F.);
#3701=ORIENTED_EDGE('',*,*,#6258,.T.);
#3702=ORIENTED_EDGE('',*,*,#5830,.T.);
#3703=ORIENTED_EDGE('',*,*,#6262,.F.);
#3704=ORIENTED_EDGE('',*,*,#6263,.F.);
#3705=ORIENTED_EDGE('',*,*,#6260,.T.);
#3706=ORIENTED_EDGE('',*,*,#5829,.T.);
#3707=ORIENTED_EDGE('',*,*,#6264,.F.);
#3708=ORIENTED_EDGE('',*,*,#6265,.F.);
#3709=ORIENTED_EDGE('',*,*,#6262,.T.);
#3710=ORIENTED_EDGE('',*,*,#5828,.T.);
#3711=ORIENTED_EDGE('',*,*,#6266,.F.);
#3712=ORIENTED_EDGE('',*,*,#6267,.F.);
#3713=ORIENTED_EDGE('',*,*,#6264,.T.);
#3714=ORIENTED_EDGE('',*,*,#5827,.T.);
#3715=ORIENTED_EDGE('',*,*,#6268,.F.);
#3716=ORIENTED_EDGE('',*,*,#6269,.F.);
#3717=ORIENTED_EDGE('',*,*,#6266,.T.);
#3718=ORIENTED_EDGE('',*,*,#5826,.T.);
#3719=ORIENTED_EDGE('',*,*,#6270,.F.);
#3720=ORIENTED_EDGE('',*,*,#6271,.F.);
#3721=ORIENTED_EDGE('',*,*,#6268,.T.);
#3722=ORIENTED_EDGE('',*,*,#5825,.T.);
#3723=ORIENTED_EDGE('',*,*,#6272,.F.);
#3724=ORIENTED_EDGE('',*,*,#6273,.F.);
#3725=ORIENTED_EDGE('',*,*,#6270,.T.);
#3726=ORIENTED_EDGE('',*,*,#5824,.T.);
#3727=ORIENTED_EDGE('',*,*,#6274,.F.);
#3728=ORIENTED_EDGE('',*,*,#6275,.F.);
#3729=ORIENTED_EDGE('',*,*,#6272,.T.);
#3730=ORIENTED_EDGE('',*,*,#5823,.T.);
#3731=ORIENTED_EDGE('',*,*,#6276,.F.);
#3732=ORIENTED_EDGE('',*,*,#6277,.F.);
#3733=ORIENTED_EDGE('',*,*,#6274,.T.);
#3734=ORIENTED_EDGE('',*,*,#5822,.T.);
#3735=ORIENTED_EDGE('',*,*,#6278,.F.);
#3736=ORIENTED_EDGE('',*,*,#6279,.F.);
#3737=ORIENTED_EDGE('',*,*,#6276,.T.);
#3738=ORIENTED_EDGE('',*,*,#5821,.T.);
#3739=ORIENTED_EDGE('',*,*,#6280,.F.);
#3740=ORIENTED_EDGE('',*,*,#6281,.F.);
#3741=ORIENTED_EDGE('',*,*,#6278,.T.);
#3742=ORIENTED_EDGE('',*,*,#5820,.T.);
#3743=ORIENTED_EDGE('',*,*,#6282,.F.);
#3744=ORIENTED_EDGE('',*,*,#6283,.F.);
#3745=ORIENTED_EDGE('',*,*,#6280,.T.);
#3746=ORIENTED_EDGE('',*,*,#5819,.T.);
#3747=ORIENTED_EDGE('',*,*,#6284,.F.);
#3748=ORIENTED_EDGE('',*,*,#6285,.F.);
#3749=ORIENTED_EDGE('',*,*,#6282,.T.);
#3750=ORIENTED_EDGE('',*,*,#5818,.T.);
#3751=ORIENTED_EDGE('',*,*,#6286,.F.);
#3752=ORIENTED_EDGE('',*,*,#6287,.F.);
#3753=ORIENTED_EDGE('',*,*,#6284,.T.);
#3754=ORIENTED_EDGE('',*,*,#5817,.T.);
#3755=ORIENTED_EDGE('',*,*,#6288,.F.);
#3756=ORIENTED_EDGE('',*,*,#6289,.F.);
#3757=ORIENTED_EDGE('',*,*,#6286,.T.);
#3758=ORIENTED_EDGE('',*,*,#5816,.T.);
#3759=ORIENTED_EDGE('',*,*,#6290,.F.);
#3760=ORIENTED_EDGE('',*,*,#6291,.F.);
#3761=ORIENTED_EDGE('',*,*,#6288,.T.);
#3762=ORIENTED_EDGE('',*,*,#5815,.T.);
#3763=ORIENTED_EDGE('',*,*,#6292,.F.);
#3764=ORIENTED_EDGE('',*,*,#6293,.F.);
#3765=ORIENTED_EDGE('',*,*,#6290,.T.);
#3766=ORIENTED_EDGE('',*,*,#5814,.T.);
#3767=ORIENTED_EDGE('',*,*,#6294,.F.);
#3768=ORIENTED_EDGE('',*,*,#6295,.F.);
#3769=ORIENTED_EDGE('',*,*,#6292,.T.);
#3770=ORIENTED_EDGE('',*,*,#5813,.T.);
#3771=ORIENTED_EDGE('',*,*,#6296,.F.);
#3772=ORIENTED_EDGE('',*,*,#6297,.F.);
#3773=ORIENTED_EDGE('',*,*,#6294,.T.);
#3774=ORIENTED_EDGE('',*,*,#5812,.T.);
#3775=ORIENTED_EDGE('',*,*,#6298,.F.);
#3776=ORIENTED_EDGE('',*,*,#6299,.F.);
#3777=ORIENTED_EDGE('',*,*,#6296,.T.);
#3778=ORIENTED_EDGE('',*,*,#5811,.T.);
#3779=ORIENTED_EDGE('',*,*,#6300,.F.);
#3780=ORIENTED_EDGE('',*,*,#6301,.F.);
#3781=ORIENTED_EDGE('',*,*,#6298,.T.);
#3782=ORIENTED_EDGE('',*,*,#5810,.T.);
#3783=ORIENTED_EDGE('',*,*,#6302,.F.);
#3784=ORIENTED_EDGE('',*,*,#6303,.F.);
#3785=ORIENTED_EDGE('',*,*,#6300,.T.);
#3786=ORIENTED_EDGE('',*,*,#5809,.T.);
#3787=ORIENTED_EDGE('',*,*,#6304,.F.);
#3788=ORIENTED_EDGE('',*,*,#6305,.F.);
#3789=ORIENTED_EDGE('',*,*,#6302,.T.);
#3790=ORIENTED_EDGE('',*,*,#5808,.T.);
#3791=ORIENTED_EDGE('',*,*,#6306,.F.);
#3792=ORIENTED_EDGE('',*,*,#6307,.F.);
#3793=ORIENTED_EDGE('',*,*,#6304,.T.);
#3794=ORIENTED_EDGE('',*,*,#5807,.T.);
#3795=ORIENTED_EDGE('',*,*,#6308,.F.);
#3796=ORIENTED_EDGE('',*,*,#6309,.F.);
#3797=ORIENTED_EDGE('',*,*,#6306,.T.);
#3798=ORIENTED_EDGE('',*,*,#5806,.T.);
#3799=ORIENTED_EDGE('',*,*,#6310,.F.);
#3800=ORIENTED_EDGE('',*,*,#6311,.F.);
#3801=ORIENTED_EDGE('',*,*,#6308,.T.);
#3802=ORIENTED_EDGE('',*,*,#5805,.T.);
#3803=ORIENTED_EDGE('',*,*,#6215,.F.);
#3804=ORIENTED_EDGE('',*,*,#6312,.F.);
#3805=ORIENTED_EDGE('',*,*,#6310,.T.);
#3806=ORIENTED_EDGE('',*,*,#6214,.T.);
#3807=ORIENTED_EDGE('',*,*,#6217,.T.);
#3808=ORIENTED_EDGE('',*,*,#6219,.T.);
#3809=ORIENTED_EDGE('',*,*,#6221,.T.);
#3810=ORIENTED_EDGE('',*,*,#6223,.T.);
#3811=ORIENTED_EDGE('',*,*,#6225,.T.);
#3812=ORIENTED_EDGE('',*,*,#6227,.T.);
#3813=ORIENTED_EDGE('',*,*,#6229,.T.);
#3814=ORIENTED_EDGE('',*,*,#6231,.T.);
#3815=ORIENTED_EDGE('',*,*,#6233,.T.);
#3816=ORIENTED_EDGE('',*,*,#6235,.T.);
#3817=ORIENTED_EDGE('',*,*,#6237,.T.);
#3818=ORIENTED_EDGE('',*,*,#6239,.T.);
#3819=ORIENTED_EDGE('',*,*,#6241,.T.);
#3820=ORIENTED_EDGE('',*,*,#6243,.T.);
#3821=ORIENTED_EDGE('',*,*,#6245,.T.);
#3822=ORIENTED_EDGE('',*,*,#6247,.T.);
#3823=ORIENTED_EDGE('',*,*,#6249,.T.);
#3824=ORIENTED_EDGE('',*,*,#6251,.T.);
#3825=ORIENTED_EDGE('',*,*,#6253,.T.);
#3826=ORIENTED_EDGE('',*,*,#6255,.T.);
#3827=ORIENTED_EDGE('',*,*,#6257,.T.);
#3828=ORIENTED_EDGE('',*,*,#6259,.T.);
#3829=ORIENTED_EDGE('',*,*,#6261,.T.);
#3830=ORIENTED_EDGE('',*,*,#6263,.T.);
#3831=ORIENTED_EDGE('',*,*,#6265,.T.);
#3832=ORIENTED_EDGE('',*,*,#6267,.T.);
#3833=ORIENTED_EDGE('',*,*,#6269,.T.);
#3834=ORIENTED_EDGE('',*,*,#6271,.T.);
#3835=ORIENTED_EDGE('',*,*,#6273,.T.);
#3836=ORIENTED_EDGE('',*,*,#6275,.T.);
#3837=ORIENTED_EDGE('',*,*,#6277,.T.);
#3838=ORIENTED_EDGE('',*,*,#6279,.T.);
#3839=ORIENTED_EDGE('',*,*,#6281,.T.);
#3840=ORIENTED_EDGE('',*,*,#6283,.T.);
#3841=ORIENTED_EDGE('',*,*,#6285,.T.);
#3842=ORIENTED_EDGE('',*,*,#6287,.T.);
#3843=ORIENTED_EDGE('',*,*,#6289,.T.);
#3844=ORIENTED_EDGE('',*,*,#6291,.T.);
#3845=ORIENTED_EDGE('',*,*,#6293,.T.);
#3846=ORIENTED_EDGE('',*,*,#6295,.T.);
#3847=ORIENTED_EDGE('',*,*,#6297,.T.);
#3848=ORIENTED_EDGE('',*,*,#6299,.T.);
#3849=ORIENTED_EDGE('',*,*,#6301,.T.);
#3850=ORIENTED_EDGE('',*,*,#6303,.T.);
#3851=ORIENTED_EDGE('',*,*,#6305,.T.);
#3852=ORIENTED_EDGE('',*,*,#6307,.T.);
#3853=ORIENTED_EDGE('',*,*,#6309,.T.);
#3854=ORIENTED_EDGE('',*,*,#6311,.T.);
#3855=ORIENTED_EDGE('',*,*,#6312,.T.);
#3856=ORIENTED_EDGE('',*,*,#6313,.F.);
#3857=ORIENTED_EDGE('',*,*,#6314,.F.);
#3858=ORIENTED_EDGE('',*,*,#6315,.T.);
#3859=ORIENTED_EDGE('',*,*,#6316,.T.);
#3860=ORIENTED_EDGE('',*,*,#6317,.F.);
#3861=ORIENTED_EDGE('',*,*,#6318,.F.);
#3862=ORIENTED_EDGE('',*,*,#6319,.T.);
#3863=ORIENTED_EDGE('',*,*,#6314,.T.);
#3864=ORIENTED_EDGE('',*,*,#6320,.F.);
#3865=ORIENTED_EDGE('',*,*,#6321,.F.);
#3866=ORIENTED_EDGE('',*,*,#6322,.T.);
#3867=ORIENTED_EDGE('',*,*,#6318,.T.);
#3868=ORIENTED_EDGE('',*,*,#6323,.F.);
#3869=ORIENTED_EDGE('',*,*,#6324,.F.);
#3870=ORIENTED_EDGE('',*,*,#6325,.T.);
#3871=ORIENTED_EDGE('',*,*,#6321,.T.);
#3872=ORIENTED_EDGE('',*,*,#6326,.F.);
#3873=ORIENTED_EDGE('',*,*,#6327,.F.);
#3874=ORIENTED_EDGE('',*,*,#6328,.T.);
#3875=ORIENTED_EDGE('',*,*,#6324,.T.);
#3876=ORIENTED_EDGE('',*,*,#6329,.F.);
#3877=ORIENTED_EDGE('',*,*,#6330,.F.);
#3878=ORIENTED_EDGE('',*,*,#6331,.T.);
#3879=ORIENTED_EDGE('',*,*,#6327,.T.);
#3880=ORIENTED_EDGE('',*,*,#6332,.F.);
#3881=ORIENTED_EDGE('',*,*,#6333,.F.);
#3882=ORIENTED_EDGE('',*,*,#6334,.T.);
#3883=ORIENTED_EDGE('',*,*,#6330,.T.);
#3884=ORIENTED_EDGE('',*,*,#6335,.F.);
#3885=ORIENTED_EDGE('',*,*,#6336,.F.);
#3886=ORIENTED_EDGE('',*,*,#6337,.T.);
#3887=ORIENTED_EDGE('',*,*,#6333,.T.);
#3888=ORIENTED_EDGE('',*,*,#6338,.F.);
#3889=ORIENTED_EDGE('',*,*,#6339,.F.);
#3890=ORIENTED_EDGE('',*,*,#6340,.T.);
#3891=ORIENTED_EDGE('',*,*,#6336,.T.);
#3892=ORIENTED_EDGE('',*,*,#6341,.F.);
#3893=ORIENTED_EDGE('',*,*,#6342,.F.);
#3894=ORIENTED_EDGE('',*,*,#6343,.T.);
#3895=ORIENTED_EDGE('',*,*,#6339,.T.);
#3896=ORIENTED_EDGE('',*,*,#6344,.F.);
#3897=ORIENTED_EDGE('',*,*,#6345,.F.);
#3898=ORIENTED_EDGE('',*,*,#6346,.T.);
#3899=ORIENTED_EDGE('',*,*,#6342,.T.);
#3900=ORIENTED_EDGE('',*,*,#6347,.F.);
#3901=ORIENTED_EDGE('',*,*,#6348,.F.);
#3902=ORIENTED_EDGE('',*,*,#6349,.T.);
#3903=ORIENTED_EDGE('',*,*,#6345,.T.);
#3904=ORIENTED_EDGE('',*,*,#6350,.F.);
#3905=ORIENTED_EDGE('',*,*,#6351,.F.);
#3906=ORIENTED_EDGE('',*,*,#6352,.T.);
#3907=ORIENTED_EDGE('',*,*,#6348,.T.);
#3908=ORIENTED_EDGE('',*,*,#6353,.F.);
#3909=ORIENTED_EDGE('',*,*,#6354,.F.);
#3910=ORIENTED_EDGE('',*,*,#6355,.T.);
#3911=ORIENTED_EDGE('',*,*,#6351,.T.);
#3912=ORIENTED_EDGE('',*,*,#6356,.F.);
#3913=ORIENTED_EDGE('',*,*,#6357,.F.);
#3914=ORIENTED_EDGE('',*,*,#6358,.T.);
#3915=ORIENTED_EDGE('',*,*,#6354,.T.);
#3916=ORIENTED_EDGE('',*,*,#6359,.F.);
#3917=ORIENTED_EDGE('',*,*,#6360,.F.);
#3918=ORIENTED_EDGE('',*,*,#6361,.T.);
#3919=ORIENTED_EDGE('',*,*,#6357,.T.);
#3920=ORIENTED_EDGE('',*,*,#6362,.F.);
#3921=ORIENTED_EDGE('',*,*,#6363,.F.);
#3922=ORIENTED_EDGE('',*,*,#6364,.T.);
#3923=ORIENTED_EDGE('',*,*,#6360,.T.);
#3924=ORIENTED_EDGE('',*,*,#6365,.F.);
#3925=ORIENTED_EDGE('',*,*,#6366,.F.);
#3926=ORIENTED_EDGE('',*,*,#6367,.T.);
#3927=ORIENTED_EDGE('',*,*,#6363,.T.);
#3928=ORIENTED_EDGE('',*,*,#6368,.F.);
#3929=ORIENTED_EDGE('',*,*,#6369,.F.);
#3930=ORIENTED_EDGE('',*,*,#6370,.T.);
#3931=ORIENTED_EDGE('',*,*,#6366,.T.);
#3932=ORIENTED_EDGE('',*,*,#6371,.F.);
#3933=ORIENTED_EDGE('',*,*,#6372,.F.);
#3934=ORIENTED_EDGE('',*,*,#6373,.T.);
#3935=ORIENTED_EDGE('',*,*,#6369,.T.);
#3936=ORIENTED_EDGE('',*,*,#6374,.F.);
#3937=ORIENTED_EDGE('',*,*,#6375,.F.);
#3938=ORIENTED_EDGE('',*,*,#6376,.T.);
#3939=ORIENTED_EDGE('',*,*,#6372,.T.);
#3940=ORIENTED_EDGE('',*,*,#6377,.F.);
#3941=ORIENTED_EDGE('',*,*,#6378,.F.);
#3942=ORIENTED_EDGE('',*,*,#6379,.T.);
#3943=ORIENTED_EDGE('',*,*,#6375,.T.);
#3944=ORIENTED_EDGE('',*,*,#6380,.F.);
#3945=ORIENTED_EDGE('',*,*,#6381,.F.);
#3946=ORIENTED_EDGE('',*,*,#6382,.T.);
#3947=ORIENTED_EDGE('',*,*,#6378,.T.);
#3948=ORIENTED_EDGE('',*,*,#6383,.F.);
#3949=ORIENTED_EDGE('',*,*,#6384,.F.);
#3950=ORIENTED_EDGE('',*,*,#6385,.T.);
#3951=ORIENTED_EDGE('',*,*,#6381,.T.);
#3952=ORIENTED_EDGE('',*,*,#6386,.F.);
#3953=ORIENTED_EDGE('',*,*,#6387,.F.);
#3954=ORIENTED_EDGE('',*,*,#6388,.T.);
#3955=ORIENTED_EDGE('',*,*,#6384,.T.);
#3956=ORIENTED_EDGE('',*,*,#6389,.F.);
#3957=ORIENTED_EDGE('',*,*,#6390,.F.);
#3958=ORIENTED_EDGE('',*,*,#6391,.T.);
#3959=ORIENTED_EDGE('',*,*,#6387,.T.);
#3960=ORIENTED_EDGE('',*,*,#6392,.F.);
#3961=ORIENTED_EDGE('',*,*,#6393,.F.);
#3962=ORIENTED_EDGE('',*,*,#6394,.T.);
#3963=ORIENTED_EDGE('',*,*,#6390,.T.);
#3964=ORIENTED_EDGE('',*,*,#6395,.F.);
#3965=ORIENTED_EDGE('',*,*,#6396,.F.);
#3966=ORIENTED_EDGE('',*,*,#6397,.T.);
#3967=ORIENTED_EDGE('',*,*,#6393,.T.);
#3968=ORIENTED_EDGE('',*,*,#6398,.F.);
#3969=ORIENTED_EDGE('',*,*,#6399,.F.);
#3970=ORIENTED_EDGE('',*,*,#6400,.T.);
#3971=ORIENTED_EDGE('',*,*,#6396,.T.);
#3972=ORIENTED_EDGE('',*,*,#5853,.F.);
#3973=ORIENTED_EDGE('',*,*,#6401,.F.);
#3974=ORIENTED_EDGE('',*,*,#6402,.T.);
#3975=ORIENTED_EDGE('',*,*,#6403,.T.);
#3976=ORIENTED_EDGE('',*,*,#5902,.F.);
#3977=ORIENTED_EDGE('',*,*,#6404,.F.);
#3978=ORIENTED_EDGE('',*,*,#6405,.T.);
#3979=ORIENTED_EDGE('',*,*,#6401,.T.);
#3980=ORIENTED_EDGE('',*,*,#5901,.F.);
#3981=ORIENTED_EDGE('',*,*,#6406,.F.);
#3982=ORIENTED_EDGE('',*,*,#6407,.T.);
#3983=ORIENTED_EDGE('',*,*,#6404,.T.);
#3984=ORIENTED_EDGE('',*,*,#5900,.F.);
#3985=ORIENTED_EDGE('',*,*,#6408,.F.);
#3986=ORIENTED_EDGE('',*,*,#6409,.T.);
#3987=ORIENTED_EDGE('',*,*,#6406,.T.);
#3988=ORIENTED_EDGE('',*,*,#5899,.F.);
#3989=ORIENTED_EDGE('',*,*,#6410,.F.);
#3990=ORIENTED_EDGE('',*,*,#6411,.T.);
#3991=ORIENTED_EDGE('',*,*,#6408,.T.);
#3992=ORIENTED_EDGE('',*,*,#5898,.F.);
#3993=ORIENTED_EDGE('',*,*,#6412,.F.);
#3994=ORIENTED_EDGE('',*,*,#6413,.T.);
#3995=ORIENTED_EDGE('',*,*,#6410,.T.);
#3996=ORIENTED_EDGE('',*,*,#5897,.F.);
#3997=ORIENTED_EDGE('',*,*,#6414,.F.);
#3998=ORIENTED_EDGE('',*,*,#6415,.T.);
#3999=ORIENTED_EDGE('',*,*,#6412,.T.);
#4000=ORIENTED_EDGE('',*,*,#5896,.F.);
#4001=ORIENTED_EDGE('',*,*,#6416,.F.);
#4002=ORIENTED_EDGE('',*,*,#6417,.T.);
#4003=ORIENTED_EDGE('',*,*,#6414,.T.);
#4004=ORIENTED_EDGE('',*,*,#5895,.F.);
#4005=ORIENTED_EDGE('',*,*,#6418,.F.);
#4006=ORIENTED_EDGE('',*,*,#6419,.T.);
#4007=ORIENTED_EDGE('',*,*,#6416,.T.);
#4008=ORIENTED_EDGE('',*,*,#5894,.F.);
#4009=ORIENTED_EDGE('',*,*,#6420,.F.);
#4010=ORIENTED_EDGE('',*,*,#6421,.T.);
#4011=ORIENTED_EDGE('',*,*,#6418,.T.);
#4012=ORIENTED_EDGE('',*,*,#5893,.F.);
#4013=ORIENTED_EDGE('',*,*,#6422,.F.);
#4014=ORIENTED_EDGE('',*,*,#6423,.T.);
#4015=ORIENTED_EDGE('',*,*,#6420,.T.);
#4016=ORIENTED_EDGE('',*,*,#5892,.F.);
#4017=ORIENTED_EDGE('',*,*,#6424,.F.);
#4018=ORIENTED_EDGE('',*,*,#6425,.T.);
#4019=ORIENTED_EDGE('',*,*,#6422,.T.);
#4020=ORIENTED_EDGE('',*,*,#5891,.F.);
#4021=ORIENTED_EDGE('',*,*,#6426,.F.);
#4022=ORIENTED_EDGE('',*,*,#6427,.T.);
#4023=ORIENTED_EDGE('',*,*,#6424,.T.);
#4024=ORIENTED_EDGE('',*,*,#5890,.F.);
#4025=ORIENTED_EDGE('',*,*,#6428,.F.);
#4026=ORIENTED_EDGE('',*,*,#6429,.T.);
#4027=ORIENTED_EDGE('',*,*,#6426,.T.);
#4028=ORIENTED_EDGE('',*,*,#5889,.F.);
#4029=ORIENTED_EDGE('',*,*,#6430,.F.);
#4030=ORIENTED_EDGE('',*,*,#6431,.T.);
#4031=ORIENTED_EDGE('',*,*,#6428,.T.);
#4032=ORIENTED_EDGE('',*,*,#5888,.F.);
#4033=ORIENTED_EDGE('',*,*,#6432,.F.);
#4034=ORIENTED_EDGE('',*,*,#6433,.T.);
#4035=ORIENTED_EDGE('',*,*,#6430,.T.);
#4036=ORIENTED_EDGE('',*,*,#5887,.F.);
#4037=ORIENTED_EDGE('',*,*,#6434,.F.);
#4038=ORIENTED_EDGE('',*,*,#6435,.T.);
#4039=ORIENTED_EDGE('',*,*,#6432,.T.);
#4040=ORIENTED_EDGE('',*,*,#5886,.F.);
#4041=ORIENTED_EDGE('',*,*,#6436,.F.);
#4042=ORIENTED_EDGE('',*,*,#6437,.T.);
#4043=ORIENTED_EDGE('',*,*,#6434,.T.);
#4044=ORIENTED_EDGE('',*,*,#5885,.F.);
#4045=ORIENTED_EDGE('',*,*,#6438,.F.);
#4046=ORIENTED_EDGE('',*,*,#6439,.T.);
#4047=ORIENTED_EDGE('',*,*,#6436,.T.);
#4048=ORIENTED_EDGE('',*,*,#5884,.F.);
#4049=ORIENTED_EDGE('',*,*,#6440,.F.);
#4050=ORIENTED_EDGE('',*,*,#6441,.T.);
#4051=ORIENTED_EDGE('',*,*,#6438,.T.);
#4052=ORIENTED_EDGE('',*,*,#5883,.F.);
#4053=ORIENTED_EDGE('',*,*,#6442,.F.);
#4054=ORIENTED_EDGE('',*,*,#6443,.T.);
#4055=ORIENTED_EDGE('',*,*,#6440,.T.);
#4056=ORIENTED_EDGE('',*,*,#5882,.F.);
#4057=ORIENTED_EDGE('',*,*,#6444,.F.);
#4058=ORIENTED_EDGE('',*,*,#6445,.T.);
#4059=ORIENTED_EDGE('',*,*,#6442,.T.);
#4060=ORIENTED_EDGE('',*,*,#5881,.F.);
#4061=ORIENTED_EDGE('',*,*,#6446,.F.);
#4062=ORIENTED_EDGE('',*,*,#6447,.T.);
#4063=ORIENTED_EDGE('',*,*,#6444,.T.);
#4064=ORIENTED_EDGE('',*,*,#5880,.F.);
#4065=ORIENTED_EDGE('',*,*,#6448,.F.);
#4066=ORIENTED_EDGE('',*,*,#6449,.T.);
#4067=ORIENTED_EDGE('',*,*,#6446,.T.);
#4068=ORIENTED_EDGE('',*,*,#5879,.F.);
#4069=ORIENTED_EDGE('',*,*,#6450,.F.);
#4070=ORIENTED_EDGE('',*,*,#6451,.T.);
#4071=ORIENTED_EDGE('',*,*,#6448,.T.);
#4072=ORIENTED_EDGE('',*,*,#5878,.F.);
#4073=ORIENTED_EDGE('',*,*,#6452,.F.);
#4074=ORIENTED_EDGE('',*,*,#6453,.T.);
#4075=ORIENTED_EDGE('',*,*,#6450,.T.);
#4076=ORIENTED_EDGE('',*,*,#5877,.F.);
#4077=ORIENTED_EDGE('',*,*,#6454,.F.);
#4078=ORIENTED_EDGE('',*,*,#6455,.T.);
#4079=ORIENTED_EDGE('',*,*,#6452,.T.);
#4080=ORIENTED_EDGE('',*,*,#5876,.F.);
#4081=ORIENTED_EDGE('',*,*,#6456,.F.);
#4082=ORIENTED_EDGE('',*,*,#6457,.T.);
#4083=ORIENTED_EDGE('',*,*,#6454,.T.);
#4084=ORIENTED_EDGE('',*,*,#5875,.F.);
#4085=ORIENTED_EDGE('',*,*,#6458,.F.);
#4086=ORIENTED_EDGE('',*,*,#6459,.T.);
#4087=ORIENTED_EDGE('',*,*,#6456,.T.);
#4088=ORIENTED_EDGE('',*,*,#5874,.F.);
#4089=ORIENTED_EDGE('',*,*,#6460,.F.);
#4090=ORIENTED_EDGE('',*,*,#6461,.T.);
#4091=ORIENTED_EDGE('',*,*,#6458,.T.);
#4092=ORIENTED_EDGE('',*,*,#5873,.F.);
#4093=ORIENTED_EDGE('',*,*,#6462,.F.);
#4094=ORIENTED_EDGE('',*,*,#6463,.T.);
#4095=ORIENTED_EDGE('',*,*,#6460,.T.);
#4096=ORIENTED_EDGE('',*,*,#5872,.F.);
#4097=ORIENTED_EDGE('',*,*,#6464,.F.);
#4098=ORIENTED_EDGE('',*,*,#6465,.T.);
#4099=ORIENTED_EDGE('',*,*,#6462,.T.);
#4100=ORIENTED_EDGE('',*,*,#5871,.F.);
#4101=ORIENTED_EDGE('',*,*,#6466,.F.);
#4102=ORIENTED_EDGE('',*,*,#6467,.T.);
#4103=ORIENTED_EDGE('',*,*,#6464,.T.);
#4104=ORIENTED_EDGE('',*,*,#5870,.F.);
#4105=ORIENTED_EDGE('',*,*,#6468,.F.);
#4106=ORIENTED_EDGE('',*,*,#6469,.T.);
#4107=ORIENTED_EDGE('',*,*,#6466,.T.);
#4108=ORIENTED_EDGE('',*,*,#5869,.F.);
#4109=ORIENTED_EDGE('',*,*,#6470,.F.);
#4110=ORIENTED_EDGE('',*,*,#6471,.T.);
#4111=ORIENTED_EDGE('',*,*,#6468,.T.);
#4112=ORIENTED_EDGE('',*,*,#5868,.F.);
#4113=ORIENTED_EDGE('',*,*,#6472,.F.);
#4114=ORIENTED_EDGE('',*,*,#6473,.T.);
#4115=ORIENTED_EDGE('',*,*,#6470,.T.);
#4116=ORIENTED_EDGE('',*,*,#5867,.F.);
#4117=ORIENTED_EDGE('',*,*,#6474,.F.);
#4118=ORIENTED_EDGE('',*,*,#6475,.T.);
#4119=ORIENTED_EDGE('',*,*,#6472,.T.);
#4120=ORIENTED_EDGE('',*,*,#5866,.F.);
#4121=ORIENTED_EDGE('',*,*,#6476,.F.);
#4122=ORIENTED_EDGE('',*,*,#6477,.T.);
#4123=ORIENTED_EDGE('',*,*,#6474,.T.);
#4124=ORIENTED_EDGE('',*,*,#5865,.F.);
#4125=ORIENTED_EDGE('',*,*,#6478,.F.);
#4126=ORIENTED_EDGE('',*,*,#6479,.T.);
#4127=ORIENTED_EDGE('',*,*,#6476,.T.);
#4128=ORIENTED_EDGE('',*,*,#5864,.F.);
#4129=ORIENTED_EDGE('',*,*,#6480,.F.);
#4130=ORIENTED_EDGE('',*,*,#6481,.T.);
#4131=ORIENTED_EDGE('',*,*,#6478,.T.);
#4132=ORIENTED_EDGE('',*,*,#5863,.F.);
#4133=ORIENTED_EDGE('',*,*,#6482,.F.);
#4134=ORIENTED_EDGE('',*,*,#6483,.T.);
#4135=ORIENTED_EDGE('',*,*,#6480,.T.);
#4136=ORIENTED_EDGE('',*,*,#5862,.F.);
#4137=ORIENTED_EDGE('',*,*,#6484,.F.);
#4138=ORIENTED_EDGE('',*,*,#6485,.T.);
#4139=ORIENTED_EDGE('',*,*,#6482,.T.);
#4140=ORIENTED_EDGE('',*,*,#5861,.F.);
#4141=ORIENTED_EDGE('',*,*,#6486,.F.);
#4142=ORIENTED_EDGE('',*,*,#6487,.T.);
#4143=ORIENTED_EDGE('',*,*,#6484,.T.);
#4144=ORIENTED_EDGE('',*,*,#5860,.F.);
#4145=ORIENTED_EDGE('',*,*,#6488,.F.);
#4146=ORIENTED_EDGE('',*,*,#6489,.T.);
#4147=ORIENTED_EDGE('',*,*,#6486,.T.);
#4148=ORIENTED_EDGE('',*,*,#5859,.F.);
#4149=ORIENTED_EDGE('',*,*,#6490,.F.);
#4150=ORIENTED_EDGE('',*,*,#6491,.T.);
#4151=ORIENTED_EDGE('',*,*,#6488,.T.);
#4152=ORIENTED_EDGE('',*,*,#5858,.F.);
#4153=ORIENTED_EDGE('',*,*,#6492,.F.);
#4154=ORIENTED_EDGE('',*,*,#6493,.T.);
#4155=ORIENTED_EDGE('',*,*,#6490,.T.);
#4156=ORIENTED_EDGE('',*,*,#5857,.F.);
#4157=ORIENTED_EDGE('',*,*,#6494,.F.);
#4158=ORIENTED_EDGE('',*,*,#6495,.T.);
#4159=ORIENTED_EDGE('',*,*,#6492,.T.);
#4160=ORIENTED_EDGE('',*,*,#5856,.F.);
#4161=ORIENTED_EDGE('',*,*,#6496,.F.);
#4162=ORIENTED_EDGE('',*,*,#6497,.T.);
#4163=ORIENTED_EDGE('',*,*,#6494,.T.);
#4164=ORIENTED_EDGE('',*,*,#5855,.F.);
#4165=ORIENTED_EDGE('',*,*,#6498,.F.);
#4166=ORIENTED_EDGE('',*,*,#6499,.T.);
#4167=ORIENTED_EDGE('',*,*,#6496,.T.);
#4168=ORIENTED_EDGE('',*,*,#5854,.F.);
#4169=ORIENTED_EDGE('',*,*,#6403,.F.);
#4170=ORIENTED_EDGE('',*,*,#6500,.T.);
#4171=ORIENTED_EDGE('',*,*,#6498,.T.);
#4172=ORIENTED_EDGE('',*,*,#6501,.F.);
#4173=ORIENTED_EDGE('',*,*,#6316,.F.);
#4174=ORIENTED_EDGE('',*,*,#6502,.T.);
#4175=ORIENTED_EDGE('',*,*,#6399,.T.);
#4176=ORIENTED_EDGE('',*,*,#6402,.F.);
#4177=ORIENTED_EDGE('',*,*,#6405,.F.);
#4178=ORIENTED_EDGE('',*,*,#6407,.F.);
#4179=ORIENTED_EDGE('',*,*,#6409,.F.);
#4180=ORIENTED_EDGE('',*,*,#6411,.F.);
#4181=ORIENTED_EDGE('',*,*,#6413,.F.);
#4182=ORIENTED_EDGE('',*,*,#6415,.F.);
#4183=ORIENTED_EDGE('',*,*,#6417,.F.);
#4184=ORIENTED_EDGE('',*,*,#6419,.F.);
#4185=ORIENTED_EDGE('',*,*,#6421,.F.);
#4186=ORIENTED_EDGE('',*,*,#6423,.F.);
#4187=ORIENTED_EDGE('',*,*,#6425,.F.);
#4188=ORIENTED_EDGE('',*,*,#6427,.F.);
#4189=ORIENTED_EDGE('',*,*,#6429,.F.);
#4190=ORIENTED_EDGE('',*,*,#6431,.F.);
#4191=ORIENTED_EDGE('',*,*,#6433,.F.);
#4192=ORIENTED_EDGE('',*,*,#6435,.F.);
#4193=ORIENTED_EDGE('',*,*,#6437,.F.);
#4194=ORIENTED_EDGE('',*,*,#6439,.F.);
#4195=ORIENTED_EDGE('',*,*,#6441,.F.);
#4196=ORIENTED_EDGE('',*,*,#6443,.F.);
#4197=ORIENTED_EDGE('',*,*,#6445,.F.);
#4198=ORIENTED_EDGE('',*,*,#6447,.F.);
#4199=ORIENTED_EDGE('',*,*,#6449,.F.);
#4200=ORIENTED_EDGE('',*,*,#6451,.F.);
#4201=ORIENTED_EDGE('',*,*,#6453,.F.);
#4202=ORIENTED_EDGE('',*,*,#6455,.F.);
#4203=ORIENTED_EDGE('',*,*,#6457,.F.);
#4204=ORIENTED_EDGE('',*,*,#6459,.F.);
#4205=ORIENTED_EDGE('',*,*,#6461,.F.);
#4206=ORIENTED_EDGE('',*,*,#6463,.F.);
#4207=ORIENTED_EDGE('',*,*,#6465,.F.);
#4208=ORIENTED_EDGE('',*,*,#6467,.F.);
#4209=ORIENTED_EDGE('',*,*,#6469,.F.);
#4210=ORIENTED_EDGE('',*,*,#6471,.F.);
#4211=ORIENTED_EDGE('',*,*,#6473,.F.);
#4212=ORIENTED_EDGE('',*,*,#6475,.F.);
#4213=ORIENTED_EDGE('',*,*,#6477,.F.);
#4214=ORIENTED_EDGE('',*,*,#6479,.F.);
#4215=ORIENTED_EDGE('',*,*,#6481,.F.);
#4216=ORIENTED_EDGE('',*,*,#6483,.F.);
#4217=ORIENTED_EDGE('',*,*,#6485,.F.);
#4218=ORIENTED_EDGE('',*,*,#6487,.F.);
#4219=ORIENTED_EDGE('',*,*,#6489,.F.);
#4220=ORIENTED_EDGE('',*,*,#6491,.F.);
#4221=ORIENTED_EDGE('',*,*,#6493,.F.);
#4222=ORIENTED_EDGE('',*,*,#6495,.F.);
#4223=ORIENTED_EDGE('',*,*,#6497,.F.);
#4224=ORIENTED_EDGE('',*,*,#6499,.F.);
#4225=ORIENTED_EDGE('',*,*,#6500,.F.);
#4226=ORIENTED_EDGE('',*,*,#6315,.F.);
#4227=ORIENTED_EDGE('',*,*,#6319,.F.);
#4228=ORIENTED_EDGE('',*,*,#6322,.F.);
#4229=ORIENTED_EDGE('',*,*,#6325,.F.);
#4230=ORIENTED_EDGE('',*,*,#6328,.F.);
#4231=ORIENTED_EDGE('',*,*,#6331,.F.);
#4232=ORIENTED_EDGE('',*,*,#6334,.F.);
#4233=ORIENTED_EDGE('',*,*,#6337,.F.);
#4234=ORIENTED_EDGE('',*,*,#6340,.F.);
#4235=ORIENTED_EDGE('',*,*,#6343,.F.);
#4236=ORIENTED_EDGE('',*,*,#6346,.F.);
#4237=ORIENTED_EDGE('',*,*,#6349,.F.);
#4238=ORIENTED_EDGE('',*,*,#6352,.F.);
#4239=ORIENTED_EDGE('',*,*,#6355,.F.);
#4240=ORIENTED_EDGE('',*,*,#6358,.F.);
#4241=ORIENTED_EDGE('',*,*,#6361,.F.);
#4242=ORIENTED_EDGE('',*,*,#6364,.F.);
#4243=ORIENTED_EDGE('',*,*,#6367,.F.);
#4244=ORIENTED_EDGE('',*,*,#6370,.F.);
#4245=ORIENTED_EDGE('',*,*,#6373,.F.);
#4246=ORIENTED_EDGE('',*,*,#6376,.F.);
#4247=ORIENTED_EDGE('',*,*,#6379,.F.);
#4248=ORIENTED_EDGE('',*,*,#6382,.F.);
#4249=ORIENTED_EDGE('',*,*,#6385,.F.);
#4250=ORIENTED_EDGE('',*,*,#6388,.F.);
#4251=ORIENTED_EDGE('',*,*,#6391,.F.);
#4252=ORIENTED_EDGE('',*,*,#6394,.F.);
#4253=ORIENTED_EDGE('',*,*,#6397,.F.);
#4254=ORIENTED_EDGE('',*,*,#6400,.F.);
#4255=ORIENTED_EDGE('',*,*,#6502,.F.);
#4256=ORIENTED_EDGE('',*,*,#6313,.T.);
#4257=ORIENTED_EDGE('',*,*,#6501,.T.);
#4258=ORIENTED_EDGE('',*,*,#6398,.T.);
#4259=ORIENTED_EDGE('',*,*,#6395,.T.);
#4260=ORIENTED_EDGE('',*,*,#6392,.T.);
#4261=ORIENTED_EDGE('',*,*,#6389,.T.);
#4262=ORIENTED_EDGE('',*,*,#6386,.T.);
#4263=ORIENTED_EDGE('',*,*,#6383,.T.);
#4264=ORIENTED_EDGE('',*,*,#6380,.T.);
#4265=ORIENTED_EDGE('',*,*,#6377,.T.);
#4266=ORIENTED_EDGE('',*,*,#6374,.T.);
#4267=ORIENTED_EDGE('',*,*,#6371,.T.);
#4268=ORIENTED_EDGE('',*,*,#6368,.T.);
#4269=ORIENTED_EDGE('',*,*,#6365,.T.);
#4270=ORIENTED_EDGE('',*,*,#6362,.T.);
#4271=ORIENTED_EDGE('',*,*,#6359,.T.);
#4272=ORIENTED_EDGE('',*,*,#6356,.T.);
#4273=ORIENTED_EDGE('',*,*,#6353,.T.);
#4274=ORIENTED_EDGE('',*,*,#6350,.T.);
#4275=ORIENTED_EDGE('',*,*,#6347,.T.);
#4276=ORIENTED_EDGE('',*,*,#6344,.T.);
#4277=ORIENTED_EDGE('',*,*,#6341,.T.);
#4278=ORIENTED_EDGE('',*,*,#6338,.T.);
#4279=ORIENTED_EDGE('',*,*,#6335,.T.);
#4280=ORIENTED_EDGE('',*,*,#6332,.T.);
#4281=ORIENTED_EDGE('',*,*,#6329,.T.);
#4282=ORIENTED_EDGE('',*,*,#6326,.T.);
#4283=ORIENTED_EDGE('',*,*,#6323,.T.);
#4284=ORIENTED_EDGE('',*,*,#6320,.T.);
#4285=ORIENTED_EDGE('',*,*,#6317,.T.);
#4286=ORIENTED_EDGE('',*,*,#6503,.F.);
#4287=ORIENTED_EDGE('',*,*,#6504,.F.);
#4288=ORIENTED_EDGE('',*,*,#6505,.T.);
#4289=ORIENTED_EDGE('',*,*,#6506,.T.);
#4290=ORIENTED_EDGE('',*,*,#6507,.F.);
#4291=ORIENTED_EDGE('',*,*,#6508,.F.);
#4292=ORIENTED_EDGE('',*,*,#6509,.T.);
#4293=ORIENTED_EDGE('',*,*,#6504,.T.);
#4294=ORIENTED_EDGE('',*,*,#6510,.F.);
#4295=ORIENTED_EDGE('',*,*,#6511,.F.);
#4296=ORIENTED_EDGE('',*,*,#6512,.T.);
#4297=ORIENTED_EDGE('',*,*,#6508,.T.);
#4298=ORIENTED_EDGE('',*,*,#6513,.F.);
#4299=ORIENTED_EDGE('',*,*,#6514,.F.);
#4300=ORIENTED_EDGE('',*,*,#6515,.T.);
#4301=ORIENTED_EDGE('',*,*,#6511,.T.);
#4302=ORIENTED_EDGE('',*,*,#6516,.F.);
#4303=ORIENTED_EDGE('',*,*,#6517,.F.);
#4304=ORIENTED_EDGE('',*,*,#6518,.T.);
#4305=ORIENTED_EDGE('',*,*,#6514,.T.);
#4306=ORIENTED_EDGE('',*,*,#6519,.F.);
#4307=ORIENTED_EDGE('',*,*,#6520,.F.);
#4308=ORIENTED_EDGE('',*,*,#6521,.T.);
#4309=ORIENTED_EDGE('',*,*,#6517,.T.);
#4310=ORIENTED_EDGE('',*,*,#6522,.F.);
#4311=ORIENTED_EDGE('',*,*,#6523,.F.);
#4312=ORIENTED_EDGE('',*,*,#6524,.T.);
#4313=ORIENTED_EDGE('',*,*,#6520,.T.);
#4314=ORIENTED_EDGE('',*,*,#6525,.F.);
#4315=ORIENTED_EDGE('',*,*,#6526,.F.);
#4316=ORIENTED_EDGE('',*,*,#6527,.T.);
#4317=ORIENTED_EDGE('',*,*,#6523,.T.);
#4318=ORIENTED_EDGE('',*,*,#6528,.F.);
#4319=ORIENTED_EDGE('',*,*,#6529,.F.);
#4320=ORIENTED_EDGE('',*,*,#6530,.T.);
#4321=ORIENTED_EDGE('',*,*,#6526,.T.);
#4322=ORIENTED_EDGE('',*,*,#6531,.F.);
#4323=ORIENTED_EDGE('',*,*,#6532,.F.);
#4324=ORIENTED_EDGE('',*,*,#6533,.T.);
#4325=ORIENTED_EDGE('',*,*,#6529,.T.);
#4326=ORIENTED_EDGE('',*,*,#6534,.F.);
#4327=ORIENTED_EDGE('',*,*,#6535,.F.);
#4328=ORIENTED_EDGE('',*,*,#6536,.T.);
#4329=ORIENTED_EDGE('',*,*,#6532,.T.);
#4330=ORIENTED_EDGE('',*,*,#6537,.F.);
#4331=ORIENTED_EDGE('',*,*,#6538,.F.);
#4332=ORIENTED_EDGE('',*,*,#6539,.T.);
#4333=ORIENTED_EDGE('',*,*,#6535,.T.);
#4334=ORIENTED_EDGE('',*,*,#6540,.F.);
#4335=ORIENTED_EDGE('',*,*,#6541,.F.);
#4336=ORIENTED_EDGE('',*,*,#6542,.T.);
#4337=ORIENTED_EDGE('',*,*,#6538,.T.);
#4338=ORIENTED_EDGE('',*,*,#6543,.F.);
#4339=ORIENTED_EDGE('',*,*,#6544,.F.);
#4340=ORIENTED_EDGE('',*,*,#6545,.T.);
#4341=ORIENTED_EDGE('',*,*,#6541,.T.);
#4342=ORIENTED_EDGE('',*,*,#6546,.F.);
#4343=ORIENTED_EDGE('',*,*,#6547,.F.);
#4344=ORIENTED_EDGE('',*,*,#6548,.T.);
#4345=ORIENTED_EDGE('',*,*,#6544,.T.);
#4346=ORIENTED_EDGE('',*,*,#6549,.F.);
#4347=ORIENTED_EDGE('',*,*,#6550,.F.);
#4348=ORIENTED_EDGE('',*,*,#6551,.T.);
#4349=ORIENTED_EDGE('',*,*,#6547,.T.);
#4350=ORIENTED_EDGE('',*,*,#6552,.F.);
#4351=ORIENTED_EDGE('',*,*,#6553,.F.);
#4352=ORIENTED_EDGE('',*,*,#6554,.T.);
#4353=ORIENTED_EDGE('',*,*,#6550,.T.);
#4354=ORIENTED_EDGE('',*,*,#6555,.F.);
#4355=ORIENTED_EDGE('',*,*,#6556,.F.);
#4356=ORIENTED_EDGE('',*,*,#6557,.T.);
#4357=ORIENTED_EDGE('',*,*,#6553,.T.);
#4358=ORIENTED_EDGE('',*,*,#6558,.F.);
#4359=ORIENTED_EDGE('',*,*,#6559,.F.);
#4360=ORIENTED_EDGE('',*,*,#6560,.T.);
#4361=ORIENTED_EDGE('',*,*,#6556,.T.);
#4362=ORIENTED_EDGE('',*,*,#6561,.F.);
#4363=ORIENTED_EDGE('',*,*,#6562,.F.);
#4364=ORIENTED_EDGE('',*,*,#6563,.T.);
#4365=ORIENTED_EDGE('',*,*,#6559,.T.);
#4366=ORIENTED_EDGE('',*,*,#6564,.F.);
#4367=ORIENTED_EDGE('',*,*,#6565,.F.);
#4368=ORIENTED_EDGE('',*,*,#6566,.T.);
#4369=ORIENTED_EDGE('',*,*,#6562,.T.);
#4370=ORIENTED_EDGE('',*,*,#6567,.F.);
#4371=ORIENTED_EDGE('',*,*,#6568,.F.);
#4372=ORIENTED_EDGE('',*,*,#6569,.T.);
#4373=ORIENTED_EDGE('',*,*,#6565,.T.);
#4374=ORIENTED_EDGE('',*,*,#6570,.F.);
#4375=ORIENTED_EDGE('',*,*,#6571,.F.);
#4376=ORIENTED_EDGE('',*,*,#6572,.T.);
#4377=ORIENTED_EDGE('',*,*,#6568,.T.);
#4378=ORIENTED_EDGE('',*,*,#6573,.F.);
#4379=ORIENTED_EDGE('',*,*,#6574,.F.);
#4380=ORIENTED_EDGE('',*,*,#6575,.T.);
#4381=ORIENTED_EDGE('',*,*,#6571,.T.);
#4382=ORIENTED_EDGE('',*,*,#6576,.F.);
#4383=ORIENTED_EDGE('',*,*,#6577,.F.);
#4384=ORIENTED_EDGE('',*,*,#6578,.T.);
#4385=ORIENTED_EDGE('',*,*,#6574,.T.);
#4386=ORIENTED_EDGE('',*,*,#6579,.F.);
#4387=ORIENTED_EDGE('',*,*,#6580,.F.);
#4388=ORIENTED_EDGE('',*,*,#6581,.T.);
#4389=ORIENTED_EDGE('',*,*,#6577,.T.);
#4390=ORIENTED_EDGE('',*,*,#6582,.F.);
#4391=ORIENTED_EDGE('',*,*,#6583,.F.);
#4392=ORIENTED_EDGE('',*,*,#6584,.T.);
#4393=ORIENTED_EDGE('',*,*,#6580,.T.);
#4394=ORIENTED_EDGE('',*,*,#6585,.F.);
#4395=ORIENTED_EDGE('',*,*,#6586,.F.);
#4396=ORIENTED_EDGE('',*,*,#6587,.T.);
#4397=ORIENTED_EDGE('',*,*,#6583,.T.);
#4398=ORIENTED_EDGE('',*,*,#6588,.F.);
#4399=ORIENTED_EDGE('',*,*,#6589,.F.);
#4400=ORIENTED_EDGE('',*,*,#6590,.T.);
#4401=ORIENTED_EDGE('',*,*,#6586,.T.);
#4402=ORIENTED_EDGE('',*,*,#5638,.F.);
#4403=ORIENTED_EDGE('',*,*,#6591,.F.);
#4404=ORIENTED_EDGE('',*,*,#6592,.T.);
#4405=ORIENTED_EDGE('',*,*,#6593,.T.);
#4406=ORIENTED_EDGE('',*,*,#5687,.F.);
#4407=ORIENTED_EDGE('',*,*,#6594,.F.);
#4408=ORIENTED_EDGE('',*,*,#6595,.T.);
#4409=ORIENTED_EDGE('',*,*,#6591,.T.);
#4410=ORIENTED_EDGE('',*,*,#5686,.F.);
#4411=ORIENTED_EDGE('',*,*,#6596,.F.);
#4412=ORIENTED_EDGE('',*,*,#6597,.T.);
#4413=ORIENTED_EDGE('',*,*,#6594,.T.);
#4414=ORIENTED_EDGE('',*,*,#5685,.F.);
#4415=ORIENTED_EDGE('',*,*,#6598,.F.);
#4416=ORIENTED_EDGE('',*,*,#6599,.T.);
#4417=ORIENTED_EDGE('',*,*,#6596,.T.);
#4418=ORIENTED_EDGE('',*,*,#5684,.F.);
#4419=ORIENTED_EDGE('',*,*,#6600,.F.);
#4420=ORIENTED_EDGE('',*,*,#6601,.T.);
#4421=ORIENTED_EDGE('',*,*,#6598,.T.);
#4422=ORIENTED_EDGE('',*,*,#5683,.F.);
#4423=ORIENTED_EDGE('',*,*,#6602,.F.);
#4424=ORIENTED_EDGE('',*,*,#6603,.T.);
#4425=ORIENTED_EDGE('',*,*,#6600,.T.);
#4426=ORIENTED_EDGE('',*,*,#5682,.F.);
#4427=ORIENTED_EDGE('',*,*,#6604,.F.);
#4428=ORIENTED_EDGE('',*,*,#6605,.T.);
#4429=ORIENTED_EDGE('',*,*,#6602,.T.);
#4430=ORIENTED_EDGE('',*,*,#5681,.F.);
#4431=ORIENTED_EDGE('',*,*,#6606,.F.);
#4432=ORIENTED_EDGE('',*,*,#6607,.T.);
#4433=ORIENTED_EDGE('',*,*,#6604,.T.);
#4434=ORIENTED_EDGE('',*,*,#5680,.F.);
#4435=ORIENTED_EDGE('',*,*,#6608,.F.);
#4436=ORIENTED_EDGE('',*,*,#6609,.T.);
#4437=ORIENTED_EDGE('',*,*,#6606,.T.);
#4438=ORIENTED_EDGE('',*,*,#5679,.F.);
#4439=ORIENTED_EDGE('',*,*,#6610,.F.);
#4440=ORIENTED_EDGE('',*,*,#6611,.T.);
#4441=ORIENTED_EDGE('',*,*,#6608,.T.);
#4442=ORIENTED_EDGE('',*,*,#5678,.F.);
#4443=ORIENTED_EDGE('',*,*,#6612,.F.);
#4444=ORIENTED_EDGE('',*,*,#6613,.T.);
#4445=ORIENTED_EDGE('',*,*,#6610,.T.);
#4446=ORIENTED_EDGE('',*,*,#5677,.F.);
#4447=ORIENTED_EDGE('',*,*,#6614,.F.);
#4448=ORIENTED_EDGE('',*,*,#6615,.T.);
#4449=ORIENTED_EDGE('',*,*,#6612,.T.);
#4450=ORIENTED_EDGE('',*,*,#5676,.F.);
#4451=ORIENTED_EDGE('',*,*,#6616,.F.);
#4452=ORIENTED_EDGE('',*,*,#6617,.T.);
#4453=ORIENTED_EDGE('',*,*,#6614,.T.);
#4454=ORIENTED_EDGE('',*,*,#5675,.F.);
#4455=ORIENTED_EDGE('',*,*,#6618,.F.);
#4456=ORIENTED_EDGE('',*,*,#6619,.T.);
#4457=ORIENTED_EDGE('',*,*,#6616,.T.);
#4458=ORIENTED_EDGE('',*,*,#5674,.F.);
#4459=ORIENTED_EDGE('',*,*,#6620,.F.);
#4460=ORIENTED_EDGE('',*,*,#6621,.T.);
#4461=ORIENTED_EDGE('',*,*,#6618,.T.);
#4462=ORIENTED_EDGE('',*,*,#5673,.F.);
#4463=ORIENTED_EDGE('',*,*,#6622,.F.);
#4464=ORIENTED_EDGE('',*,*,#6623,.T.);
#4465=ORIENTED_EDGE('',*,*,#6620,.T.);
#4466=ORIENTED_EDGE('',*,*,#5672,.F.);
#4467=ORIENTED_EDGE('',*,*,#6624,.F.);
#4468=ORIENTED_EDGE('',*,*,#6625,.T.);
#4469=ORIENTED_EDGE('',*,*,#6622,.T.);
#4470=ORIENTED_EDGE('',*,*,#5671,.F.);
#4471=ORIENTED_EDGE('',*,*,#6626,.F.);
#4472=ORIENTED_EDGE('',*,*,#6627,.T.);
#4473=ORIENTED_EDGE('',*,*,#6624,.T.);
#4474=ORIENTED_EDGE('',*,*,#5670,.F.);
#4475=ORIENTED_EDGE('',*,*,#6628,.F.);
#4476=ORIENTED_EDGE('',*,*,#6629,.T.);
#4477=ORIENTED_EDGE('',*,*,#6626,.T.);
#4478=ORIENTED_EDGE('',*,*,#5669,.F.);
#4479=ORIENTED_EDGE('',*,*,#6630,.F.);
#4480=ORIENTED_EDGE('',*,*,#6631,.T.);
#4481=ORIENTED_EDGE('',*,*,#6628,.T.);
#4482=ORIENTED_EDGE('',*,*,#5668,.F.);
#4483=ORIENTED_EDGE('',*,*,#6632,.F.);
#4484=ORIENTED_EDGE('',*,*,#6633,.T.);
#4485=ORIENTED_EDGE('',*,*,#6630,.T.);
#4486=ORIENTED_EDGE('',*,*,#5667,.F.);
#4487=ORIENTED_EDGE('',*,*,#6634,.F.);
#4488=ORIENTED_EDGE('',*,*,#6635,.T.);
#4489=ORIENTED_EDGE('',*,*,#6632,.T.);
#4490=ORIENTED_EDGE('',*,*,#5666,.F.);
#4491=ORIENTED_EDGE('',*,*,#6636,.F.);
#4492=ORIENTED_EDGE('',*,*,#6637,.T.);
#4493=ORIENTED_EDGE('',*,*,#6634,.T.);
#4494=ORIENTED_EDGE('',*,*,#5665,.F.);
#4495=ORIENTED_EDGE('',*,*,#6638,.F.);
#4496=ORIENTED_EDGE('',*,*,#6639,.T.);
#4497=ORIENTED_EDGE('',*,*,#6636,.T.);
#4498=ORIENTED_EDGE('',*,*,#5664,.F.);
#4499=ORIENTED_EDGE('',*,*,#6640,.F.);
#4500=ORIENTED_EDGE('',*,*,#6641,.T.);
#4501=ORIENTED_EDGE('',*,*,#6638,.T.);
#4502=ORIENTED_EDGE('',*,*,#5663,.F.);
#4503=ORIENTED_EDGE('',*,*,#6642,.F.);
#4504=ORIENTED_EDGE('',*,*,#6643,.T.);
#4505=ORIENTED_EDGE('',*,*,#6640,.T.);
#4506=ORIENTED_EDGE('',*,*,#5662,.F.);
#4507=ORIENTED_EDGE('',*,*,#6644,.F.);
#4508=ORIENTED_EDGE('',*,*,#6645,.T.);
#4509=ORIENTED_EDGE('',*,*,#6642,.T.);
#4510=ORIENTED_EDGE('',*,*,#5661,.F.);
#4511=ORIENTED_EDGE('',*,*,#6646,.F.);
#4512=ORIENTED_EDGE('',*,*,#6647,.T.);
#4513=ORIENTED_EDGE('',*,*,#6644,.T.);
#4514=ORIENTED_EDGE('',*,*,#5660,.F.);
#4515=ORIENTED_EDGE('',*,*,#6648,.F.);
#4516=ORIENTED_EDGE('',*,*,#6649,.T.);
#4517=ORIENTED_EDGE('',*,*,#6646,.T.);
#4518=ORIENTED_EDGE('',*,*,#5659,.F.);
#4519=ORIENTED_EDGE('',*,*,#6650,.F.);
#4520=ORIENTED_EDGE('',*,*,#6651,.T.);
#4521=ORIENTED_EDGE('',*,*,#6648,.T.);
#4522=ORIENTED_EDGE('',*,*,#5658,.F.);
#4523=ORIENTED_EDGE('',*,*,#6652,.F.);
#4524=ORIENTED_EDGE('',*,*,#6653,.T.);
#4525=ORIENTED_EDGE('',*,*,#6650,.T.);
#4526=ORIENTED_EDGE('',*,*,#5657,.F.);
#4527=ORIENTED_EDGE('',*,*,#6654,.F.);
#4528=ORIENTED_EDGE('',*,*,#6655,.T.);
#4529=ORIENTED_EDGE('',*,*,#6652,.T.);
#4530=ORIENTED_EDGE('',*,*,#5656,.F.);
#4531=ORIENTED_EDGE('',*,*,#6656,.F.);
#4532=ORIENTED_EDGE('',*,*,#6657,.T.);
#4533=ORIENTED_EDGE('',*,*,#6654,.T.);
#4534=ORIENTED_EDGE('',*,*,#5655,.F.);
#4535=ORIENTED_EDGE('',*,*,#6658,.F.);
#4536=ORIENTED_EDGE('',*,*,#6659,.T.);
#4537=ORIENTED_EDGE('',*,*,#6656,.T.);
#4538=ORIENTED_EDGE('',*,*,#5654,.F.);
#4539=ORIENTED_EDGE('',*,*,#6660,.F.);
#4540=ORIENTED_EDGE('',*,*,#6661,.T.);
#4541=ORIENTED_EDGE('',*,*,#6658,.T.);
#4542=ORIENTED_EDGE('',*,*,#5653,.F.);
#4543=ORIENTED_EDGE('',*,*,#6662,.F.);
#4544=ORIENTED_EDGE('',*,*,#6663,.T.);
#4545=ORIENTED_EDGE('',*,*,#6660,.T.);
#4546=ORIENTED_EDGE('',*,*,#5652,.F.);
#4547=ORIENTED_EDGE('',*,*,#6664,.F.);
#4548=ORIENTED_EDGE('',*,*,#6665,.T.);
#4549=ORIENTED_EDGE('',*,*,#6662,.T.);
#4550=ORIENTED_EDGE('',*,*,#5651,.F.);
#4551=ORIENTED_EDGE('',*,*,#6666,.F.);
#4552=ORIENTED_EDGE('',*,*,#6667,.T.);
#4553=ORIENTED_EDGE('',*,*,#6664,.T.);
#4554=ORIENTED_EDGE('',*,*,#5650,.F.);
#4555=ORIENTED_EDGE('',*,*,#6668,.F.);
#4556=ORIENTED_EDGE('',*,*,#6669,.T.);
#4557=ORIENTED_EDGE('',*,*,#6666,.T.);
#4558=ORIENTED_EDGE('',*,*,#5649,.F.);
#4559=ORIENTED_EDGE('',*,*,#6670,.F.);
#4560=ORIENTED_EDGE('',*,*,#6671,.T.);
#4561=ORIENTED_EDGE('',*,*,#6668,.T.);
#4562=ORIENTED_EDGE('',*,*,#5648,.F.);
#4563=ORIENTED_EDGE('',*,*,#6672,.F.);
#4564=ORIENTED_EDGE('',*,*,#6673,.T.);
#4565=ORIENTED_EDGE('',*,*,#6670,.T.);
#4566=ORIENTED_EDGE('',*,*,#5647,.F.);
#4567=ORIENTED_EDGE('',*,*,#6674,.F.);
#4568=ORIENTED_EDGE('',*,*,#6675,.T.);
#4569=ORIENTED_EDGE('',*,*,#6672,.T.);
#4570=ORIENTED_EDGE('',*,*,#5646,.F.);
#4571=ORIENTED_EDGE('',*,*,#6676,.F.);
#4572=ORIENTED_EDGE('',*,*,#6677,.T.);
#4573=ORIENTED_EDGE('',*,*,#6674,.T.);
#4574=ORIENTED_EDGE('',*,*,#5645,.F.);
#4575=ORIENTED_EDGE('',*,*,#6678,.F.);
#4576=ORIENTED_EDGE('',*,*,#6679,.T.);
#4577=ORIENTED_EDGE('',*,*,#6676,.T.);
#4578=ORIENTED_EDGE('',*,*,#5644,.F.);
#4579=ORIENTED_EDGE('',*,*,#6680,.F.);
#4580=ORIENTED_EDGE('',*,*,#6681,.T.);
#4581=ORIENTED_EDGE('',*,*,#6678,.T.);
#4582=ORIENTED_EDGE('',*,*,#5643,.F.);
#4583=ORIENTED_EDGE('',*,*,#6682,.F.);
#4584=ORIENTED_EDGE('',*,*,#6683,.T.);
#4585=ORIENTED_EDGE('',*,*,#6680,.T.);
#4586=ORIENTED_EDGE('',*,*,#5642,.F.);
#4587=ORIENTED_EDGE('',*,*,#6684,.F.);
#4588=ORIENTED_EDGE('',*,*,#6685,.T.);
#4589=ORIENTED_EDGE('',*,*,#6682,.T.);
#4590=ORIENTED_EDGE('',*,*,#5641,.F.);
#4591=ORIENTED_EDGE('',*,*,#6686,.F.);
#4592=ORIENTED_EDGE('',*,*,#6687,.T.);
#4593=ORIENTED_EDGE('',*,*,#6684,.T.);
#4594=ORIENTED_EDGE('',*,*,#5640,.F.);
#4595=ORIENTED_EDGE('',*,*,#6688,.F.);
#4596=ORIENTED_EDGE('',*,*,#6689,.T.);
#4597=ORIENTED_EDGE('',*,*,#6686,.T.);
#4598=ORIENTED_EDGE('',*,*,#5639,.F.);
#4599=ORIENTED_EDGE('',*,*,#6593,.F.);
#4600=ORIENTED_EDGE('',*,*,#6690,.T.);
#4601=ORIENTED_EDGE('',*,*,#6688,.T.);
#4602=ORIENTED_EDGE('',*,*,#6691,.F.);
#4603=ORIENTED_EDGE('',*,*,#6506,.F.);
#4604=ORIENTED_EDGE('',*,*,#6692,.T.);
#4605=ORIENTED_EDGE('',*,*,#6589,.T.);
#4606=ORIENTED_EDGE('',*,*,#6592,.F.);
#4607=ORIENTED_EDGE('',*,*,#6595,.F.);
#4608=ORIENTED_EDGE('',*,*,#6597,.F.);
#4609=ORIENTED_EDGE('',*,*,#6599,.F.);
#4610=ORIENTED_EDGE('',*,*,#6601,.F.);
#4611=ORIENTED_EDGE('',*,*,#6603,.F.);
#4612=ORIENTED_EDGE('',*,*,#6605,.F.);
#4613=ORIENTED_EDGE('',*,*,#6607,.F.);
#4614=ORIENTED_EDGE('',*,*,#6609,.F.);
#4615=ORIENTED_EDGE('',*,*,#6611,.F.);
#4616=ORIENTED_EDGE('',*,*,#6613,.F.);
#4617=ORIENTED_EDGE('',*,*,#6615,.F.);
#4618=ORIENTED_EDGE('',*,*,#6617,.F.);
#4619=ORIENTED_EDGE('',*,*,#6619,.F.);
#4620=ORIENTED_EDGE('',*,*,#6621,.F.);
#4621=ORIENTED_EDGE('',*,*,#6623,.F.);
#4622=ORIENTED_EDGE('',*,*,#6625,.F.);
#4623=ORIENTED_EDGE('',*,*,#6627,.F.);
#4624=ORIENTED_EDGE('',*,*,#6629,.F.);
#4625=ORIENTED_EDGE('',*,*,#6631,.F.);
#4626=ORIENTED_EDGE('',*,*,#6633,.F.);
#4627=ORIENTED_EDGE('',*,*,#6635,.F.);
#4628=ORIENTED_EDGE('',*,*,#6637,.F.);
#4629=ORIENTED_EDGE('',*,*,#6639,.F.);
#4630=ORIENTED_EDGE('',*,*,#6641,.F.);
#4631=ORIENTED_EDGE('',*,*,#6643,.F.);
#4632=ORIENTED_EDGE('',*,*,#6645,.F.);
#4633=ORIENTED_EDGE('',*,*,#6647,.F.);
#4634=ORIENTED_EDGE('',*,*,#6649,.F.);
#4635=ORIENTED_EDGE('',*,*,#6651,.F.);
#4636=ORIENTED_EDGE('',*,*,#6653,.F.);
#4637=ORIENTED_EDGE('',*,*,#6655,.F.);
#4638=ORIENTED_EDGE('',*,*,#6657,.F.);
#4639=ORIENTED_EDGE('',*,*,#6659,.F.);
#4640=ORIENTED_EDGE('',*,*,#6661,.F.);
#4641=ORIENTED_EDGE('',*,*,#6663,.F.);
#4642=ORIENTED_EDGE('',*,*,#6665,.F.);
#4643=ORIENTED_EDGE('',*,*,#6667,.F.);
#4644=ORIENTED_EDGE('',*,*,#6669,.F.);
#4645=ORIENTED_EDGE('',*,*,#6671,.F.);
#4646=ORIENTED_EDGE('',*,*,#6673,.F.);
#4647=ORIENTED_EDGE('',*,*,#6675,.F.);
#4648=ORIENTED_EDGE('',*,*,#6677,.F.);
#4649=ORIENTED_EDGE('',*,*,#6679,.F.);
#4650=ORIENTED_EDGE('',*,*,#6681,.F.);
#4651=ORIENTED_EDGE('',*,*,#6683,.F.);
#4652=ORIENTED_EDGE('',*,*,#6685,.F.);
#4653=ORIENTED_EDGE('',*,*,#6687,.F.);
#4654=ORIENTED_EDGE('',*,*,#6689,.F.);
#4655=ORIENTED_EDGE('',*,*,#6690,.F.);
#4656=ORIENTED_EDGE('',*,*,#6505,.F.);
#4657=ORIENTED_EDGE('',*,*,#6509,.F.);
#4658=ORIENTED_EDGE('',*,*,#6512,.F.);
#4659=ORIENTED_EDGE('',*,*,#6515,.F.);
#4660=ORIENTED_EDGE('',*,*,#6518,.F.);
#4661=ORIENTED_EDGE('',*,*,#6521,.F.);
#4662=ORIENTED_EDGE('',*,*,#6524,.F.);
#4663=ORIENTED_EDGE('',*,*,#6527,.F.);
#4664=ORIENTED_EDGE('',*,*,#6530,.F.);
#4665=ORIENTED_EDGE('',*,*,#6533,.F.);
#4666=ORIENTED_EDGE('',*,*,#6536,.F.);
#4667=ORIENTED_EDGE('',*,*,#6539,.F.);
#4668=ORIENTED_EDGE('',*,*,#6542,.F.);
#4669=ORIENTED_EDGE('',*,*,#6545,.F.);
#4670=ORIENTED_EDGE('',*,*,#6548,.F.);
#4671=ORIENTED_EDGE('',*,*,#6551,.F.);
#4672=ORIENTED_EDGE('',*,*,#6554,.F.);
#4673=ORIENTED_EDGE('',*,*,#6557,.F.);
#4674=ORIENTED_EDGE('',*,*,#6560,.F.);
#4675=ORIENTED_EDGE('',*,*,#6563,.F.);
#4676=ORIENTED_EDGE('',*,*,#6566,.F.);
#4677=ORIENTED_EDGE('',*,*,#6569,.F.);
#4678=ORIENTED_EDGE('',*,*,#6572,.F.);
#4679=ORIENTED_EDGE('',*,*,#6575,.F.);
#4680=ORIENTED_EDGE('',*,*,#6578,.F.);
#4681=ORIENTED_EDGE('',*,*,#6581,.F.);
#4682=ORIENTED_EDGE('',*,*,#6584,.F.);
#4683=ORIENTED_EDGE('',*,*,#6587,.F.);
#4684=ORIENTED_EDGE('',*,*,#6590,.F.);
#4685=ORIENTED_EDGE('',*,*,#6692,.F.);
#4686=ORIENTED_EDGE('',*,*,#6503,.T.);
#4687=ORIENTED_EDGE('',*,*,#6691,.T.);
#4688=ORIENTED_EDGE('',*,*,#6588,.T.);
#4689=ORIENTED_EDGE('',*,*,#6585,.T.);
#4690=ORIENTED_EDGE('',*,*,#6582,.T.);
#4691=ORIENTED_EDGE('',*,*,#6579,.T.);
#4692=ORIENTED_EDGE('',*,*,#6576,.T.);
#4693=ORIENTED_EDGE('',*,*,#6573,.T.);
#4694=ORIENTED_EDGE('',*,*,#6570,.T.);
#4695=ORIENTED_EDGE('',*,*,#6567,.T.);
#4696=ORIENTED_EDGE('',*,*,#6564,.T.);
#4697=ORIENTED_EDGE('',*,*,#6561,.T.);
#4698=ORIENTED_EDGE('',*,*,#6558,.T.);
#4699=ORIENTED_EDGE('',*,*,#6555,.T.);
#4700=ORIENTED_EDGE('',*,*,#6552,.T.);
#4701=ORIENTED_EDGE('',*,*,#6549,.T.);
#4702=ORIENTED_EDGE('',*,*,#6546,.T.);
#4703=ORIENTED_EDGE('',*,*,#6543,.T.);
#4704=ORIENTED_EDGE('',*,*,#6540,.T.);
#4705=ORIENTED_EDGE('',*,*,#6537,.T.);
#4706=ORIENTED_EDGE('',*,*,#6534,.T.);
#4707=ORIENTED_EDGE('',*,*,#6531,.T.);
#4708=ORIENTED_EDGE('',*,*,#6528,.T.);
#4709=ORIENTED_EDGE('',*,*,#6525,.T.);
#4710=ORIENTED_EDGE('',*,*,#6522,.T.);
#4711=ORIENTED_EDGE('',*,*,#6519,.T.);
#4712=ORIENTED_EDGE('',*,*,#6516,.T.);
#4713=ORIENTED_EDGE('',*,*,#6513,.T.);
#4714=ORIENTED_EDGE('',*,*,#6510,.T.);
#4715=ORIENTED_EDGE('',*,*,#6507,.T.);
#4716=ORIENTED_EDGE('',*,*,#6693,.F.);
#4717=ORIENTED_EDGE('',*,*,#6042,.T.);
#4718=ORIENTED_EDGE('',*,*,#6693,.T.);
#4719=ORIENTED_EDGE('',*,*,#6694,.F.);
#4720=ORIENTED_EDGE('',*,*,#6041,.T.);
#4721=ORIENTED_EDGE('',*,*,#6694,.T.);
#4722=ORIENTED_EDGE('',*,*,#6695,.F.);
#4723=ORIENTED_EDGE('',*,*,#6040,.T.);
#4724=ORIENTED_EDGE('',*,*,#6695,.T.);
#4725=ORIENTED_EDGE('',*,*,#6696,.F.);
#4726=ORIENTED_EDGE('',*,*,#6697,.F.);
#4727=ORIENTED_EDGE('',*,*,#6698,.T.);
#4728=ORIENTED_EDGE('',*,*,#6699,.T.);
#4729=ORIENTED_EDGE('',*,*,#6700,.F.);
#4730=ORIENTED_EDGE('',*,*,#6701,.F.);
#4731=ORIENTED_EDGE('',*,*,#6702,.T.);
#4732=ORIENTED_EDGE('',*,*,#6697,.T.);
#4733=ORIENTED_EDGE('',*,*,#6703,.F.);
#4734=ORIENTED_EDGE('',*,*,#6704,.F.);
#4735=ORIENTED_EDGE('',*,*,#6705,.T.);
#4736=ORIENTED_EDGE('',*,*,#6701,.T.);
#4737=ORIENTED_EDGE('',*,*,#6706,.F.);
#4738=ORIENTED_EDGE('',*,*,#6707,.F.);
#4739=ORIENTED_EDGE('',*,*,#6708,.T.);
#4740=ORIENTED_EDGE('',*,*,#6704,.T.);
#4741=ORIENTED_EDGE('',*,*,#6709,.F.);
#4742=ORIENTED_EDGE('',*,*,#6710,.F.);
#4743=ORIENTED_EDGE('',*,*,#6711,.T.);
#4744=ORIENTED_EDGE('',*,*,#6707,.T.);
#4745=ORIENTED_EDGE('',*,*,#5603,.F.);
#4746=ORIENTED_EDGE('',*,*,#6712,.F.);
#4747=ORIENTED_EDGE('',*,*,#6713,.T.);
#4748=ORIENTED_EDGE('',*,*,#6714,.T.);
#4749=ORIENTED_EDGE('',*,*,#5620,.F.);
#4750=ORIENTED_EDGE('',*,*,#6715,.F.);
#4751=ORIENTED_EDGE('',*,*,#6716,.T.);
#4752=ORIENTED_EDGE('',*,*,#6712,.T.);
#4753=ORIENTED_EDGE('',*,*,#5619,.F.);
#4754=ORIENTED_EDGE('',*,*,#6717,.F.);
#4755=ORIENTED_EDGE('',*,*,#6718,.T.);
#4756=ORIENTED_EDGE('',*,*,#6715,.T.);
#4757=ORIENTED_EDGE('',*,*,#5618,.F.);
#4758=ORIENTED_EDGE('',*,*,#6719,.F.);
#4759=ORIENTED_EDGE('',*,*,#6720,.T.);
#4760=ORIENTED_EDGE('',*,*,#6717,.T.);
#4761=ORIENTED_EDGE('',*,*,#5617,.F.);
#4762=ORIENTED_EDGE('',*,*,#6721,.F.);
#4763=ORIENTED_EDGE('',*,*,#6722,.T.);
#4764=ORIENTED_EDGE('',*,*,#6719,.T.);
#4765=ORIENTED_EDGE('',*,*,#5616,.F.);
#4766=ORIENTED_EDGE('',*,*,#6723,.F.);
#4767=ORIENTED_EDGE('',*,*,#6724,.T.);
#4768=ORIENTED_EDGE('',*,*,#6721,.T.);
#4769=ORIENTED_EDGE('',*,*,#5615,.F.);
#4770=ORIENTED_EDGE('',*,*,#6725,.F.);
#4771=ORIENTED_EDGE('',*,*,#6726,.T.);
#4772=ORIENTED_EDGE('',*,*,#6723,.T.);
#4773=ORIENTED_EDGE('',*,*,#5614,.F.);
#4774=ORIENTED_EDGE('',*,*,#6727,.F.);
#4775=ORIENTED_EDGE('',*,*,#6728,.T.);
#4776=ORIENTED_EDGE('',*,*,#6725,.T.);
#4777=ORIENTED_EDGE('',*,*,#5613,.F.);
#4778=ORIENTED_EDGE('',*,*,#6729,.F.);
#4779=ORIENTED_EDGE('',*,*,#6730,.T.);
#4780=ORIENTED_EDGE('',*,*,#6727,.T.);
#4781=ORIENTED_EDGE('',*,*,#5612,.F.);
#4782=ORIENTED_EDGE('',*,*,#6731,.F.);
#4783=ORIENTED_EDGE('',*,*,#6732,.T.);
#4784=ORIENTED_EDGE('',*,*,#6729,.T.);
#4785=ORIENTED_EDGE('',*,*,#5611,.F.);
#4786=ORIENTED_EDGE('',*,*,#6733,.F.);
#4787=ORIENTED_EDGE('',*,*,#6734,.T.);
#4788=ORIENTED_EDGE('',*,*,#6731,.T.);
#4789=ORIENTED_EDGE('',*,*,#5610,.F.);
#4790=ORIENTED_EDGE('',*,*,#6735,.F.);
#4791=ORIENTED_EDGE('',*,*,#6736,.T.);
#4792=ORIENTED_EDGE('',*,*,#6733,.T.);
#4793=ORIENTED_EDGE('',*,*,#5609,.F.);
#4794=ORIENTED_EDGE('',*,*,#6737,.F.);
#4795=ORIENTED_EDGE('',*,*,#6738,.T.);
#4796=ORIENTED_EDGE('',*,*,#6735,.T.);
#4797=ORIENTED_EDGE('',*,*,#5608,.F.);
#4798=ORIENTED_EDGE('',*,*,#6739,.F.);
#4799=ORIENTED_EDGE('',*,*,#6740,.T.);
#4800=ORIENTED_EDGE('',*,*,#6737,.T.);
#4801=ORIENTED_EDGE('',*,*,#5607,.F.);
#4802=ORIENTED_EDGE('',*,*,#6741,.F.);
#4803=ORIENTED_EDGE('',*,*,#6742,.T.);
#4804=ORIENTED_EDGE('',*,*,#6739,.T.);
#4805=ORIENTED_EDGE('',*,*,#5606,.F.);
#4806=ORIENTED_EDGE('',*,*,#6743,.F.);
#4807=ORIENTED_EDGE('',*,*,#6744,.T.);
#4808=ORIENTED_EDGE('',*,*,#6741,.T.);
#4809=ORIENTED_EDGE('',*,*,#5605,.F.);
#4810=ORIENTED_EDGE('',*,*,#6745,.F.);
#4811=ORIENTED_EDGE('',*,*,#6746,.T.);
#4812=ORIENTED_EDGE('',*,*,#6743,.T.);
#4813=ORIENTED_EDGE('',*,*,#5604,.F.);
#4814=ORIENTED_EDGE('',*,*,#6714,.F.);
#4815=ORIENTED_EDGE('',*,*,#6747,.T.);
#4816=ORIENTED_EDGE('',*,*,#6745,.T.);
#4817=ORIENTED_EDGE('',*,*,#6748,.F.);
#4818=ORIENTED_EDGE('',*,*,#6699,.F.);
#4819=ORIENTED_EDGE('',*,*,#6749,.T.);
#4820=ORIENTED_EDGE('',*,*,#6710,.T.);
#4821=ORIENTED_EDGE('',*,*,#6713,.F.);
#4822=ORIENTED_EDGE('',*,*,#6716,.F.);
#4823=ORIENTED_EDGE('',*,*,#6718,.F.);
#4824=ORIENTED_EDGE('',*,*,#6720,.F.);
#4825=ORIENTED_EDGE('',*,*,#6722,.F.);
#4826=ORIENTED_EDGE('',*,*,#6724,.F.);
#4827=ORIENTED_EDGE('',*,*,#6726,.F.);
#4828=ORIENTED_EDGE('',*,*,#6728,.F.);
#4829=ORIENTED_EDGE('',*,*,#6730,.F.);
#4830=ORIENTED_EDGE('',*,*,#6732,.F.);
#4831=ORIENTED_EDGE('',*,*,#6734,.F.);
#4832=ORIENTED_EDGE('',*,*,#6736,.F.);
#4833=ORIENTED_EDGE('',*,*,#6738,.F.);
#4834=ORIENTED_EDGE('',*,*,#6740,.F.);
#4835=ORIENTED_EDGE('',*,*,#6742,.F.);
#4836=ORIENTED_EDGE('',*,*,#6744,.F.);
#4837=ORIENTED_EDGE('',*,*,#6746,.F.);
#4838=ORIENTED_EDGE('',*,*,#6747,.F.);
#4839=ORIENTED_EDGE('',*,*,#6698,.F.);
#4840=ORIENTED_EDGE('',*,*,#6702,.F.);
#4841=ORIENTED_EDGE('',*,*,#6705,.F.);
#4842=ORIENTED_EDGE('',*,*,#6708,.F.);
#4843=ORIENTED_EDGE('',*,*,#6711,.F.);
#4844=ORIENTED_EDGE('',*,*,#6749,.F.);
#4845=ORIENTED_EDGE('',*,*,#6750,.F.);
#4846=ORIENTED_EDGE('',*,*,#6751,.F.);
#4847=ORIENTED_EDGE('',*,*,#6752,.T.);
#4848=ORIENTED_EDGE('',*,*,#6753,.T.);
#4849=ORIENTED_EDGE('',*,*,#6754,.F.);
#4850=ORIENTED_EDGE('',*,*,#6755,.F.);
#4851=ORIENTED_EDGE('',*,*,#6756,.T.);
#4852=ORIENTED_EDGE('',*,*,#6751,.T.);
#4853=ORIENTED_EDGE('',*,*,#6757,.F.);
#4854=ORIENTED_EDGE('',*,*,#6758,.F.);
#4855=ORIENTED_EDGE('',*,*,#6759,.T.);
#4856=ORIENTED_EDGE('',*,*,#6755,.T.);
#4857=ORIENTED_EDGE('',*,*,#6760,.F.);
#4858=ORIENTED_EDGE('',*,*,#6761,.F.);
#4859=ORIENTED_EDGE('',*,*,#6762,.T.);
#4860=ORIENTED_EDGE('',*,*,#6758,.T.);
#4861=ORIENTED_EDGE('',*,*,#6763,.F.);
#4862=ORIENTED_EDGE('',*,*,#6764,.F.);
#4863=ORIENTED_EDGE('',*,*,#6765,.T.);
#4864=ORIENTED_EDGE('',*,*,#6761,.T.);
#4865=ORIENTED_EDGE('',*,*,#6766,.F.);
#4866=ORIENTED_EDGE('',*,*,#6767,.F.);
#4867=ORIENTED_EDGE('',*,*,#6768,.T.);
#4868=ORIENTED_EDGE('',*,*,#6764,.T.);
#4869=ORIENTED_EDGE('',*,*,#6769,.F.);
#4870=ORIENTED_EDGE('',*,*,#6770,.F.);
#4871=ORIENTED_EDGE('',*,*,#6771,.T.);
#4872=ORIENTED_EDGE('',*,*,#6767,.T.);
#4873=ORIENTED_EDGE('',*,*,#6772,.F.);
#4874=ORIENTED_EDGE('',*,*,#6773,.F.);
#4875=ORIENTED_EDGE('',*,*,#6774,.T.);
#4876=ORIENTED_EDGE('',*,*,#6770,.T.);
#4877=ORIENTED_EDGE('',*,*,#6775,.F.);
#4878=ORIENTED_EDGE('',*,*,#6776,.F.);
#4879=ORIENTED_EDGE('',*,*,#6777,.T.);
#4880=ORIENTED_EDGE('',*,*,#6773,.T.);
#4881=ORIENTED_EDGE('',*,*,#6778,.F.);
#4882=ORIENTED_EDGE('',*,*,#6779,.F.);
#4883=ORIENTED_EDGE('',*,*,#6780,.T.);
#4884=ORIENTED_EDGE('',*,*,#6776,.T.);
#4885=ORIENTED_EDGE('',*,*,#6781,.F.);
#4886=ORIENTED_EDGE('',*,*,#6782,.F.);
#4887=ORIENTED_EDGE('',*,*,#6783,.T.);
#4888=ORIENTED_EDGE('',*,*,#6779,.T.);
#4889=ORIENTED_EDGE('',*,*,#5580,.F.);
#4890=ORIENTED_EDGE('',*,*,#6784,.F.);
#4891=ORIENTED_EDGE('',*,*,#6785,.T.);
#4892=ORIENTED_EDGE('',*,*,#6786,.T.);
#4893=ORIENTED_EDGE('',*,*,#5594,.F.);
#4894=ORIENTED_EDGE('',*,*,#6787,.F.);
#4895=ORIENTED_EDGE('',*,*,#6788,.T.);
#4896=ORIENTED_EDGE('',*,*,#6784,.T.);
#4897=ORIENTED_EDGE('',*,*,#5593,.F.);
#4898=ORIENTED_EDGE('',*,*,#6789,.F.);
#4899=ORIENTED_EDGE('',*,*,#6790,.T.);
#4900=ORIENTED_EDGE('',*,*,#6787,.T.);
#4901=ORIENTED_EDGE('',*,*,#5592,.F.);
#4902=ORIENTED_EDGE('',*,*,#6791,.F.);
#4903=ORIENTED_EDGE('',*,*,#6792,.T.);
#4904=ORIENTED_EDGE('',*,*,#6789,.T.);
#4905=ORIENTED_EDGE('',*,*,#5591,.F.);
#4906=ORIENTED_EDGE('',*,*,#6793,.F.);
#4907=ORIENTED_EDGE('',*,*,#6794,.T.);
#4908=ORIENTED_EDGE('',*,*,#6791,.T.);
#4909=ORIENTED_EDGE('',*,*,#5590,.F.);
#4910=ORIENTED_EDGE('',*,*,#6795,.F.);
#4911=ORIENTED_EDGE('',*,*,#6796,.T.);
#4912=ORIENTED_EDGE('',*,*,#6793,.T.);
#4913=ORIENTED_EDGE('',*,*,#5589,.F.);
#4914=ORIENTED_EDGE('',*,*,#6797,.F.);
#4915=ORIENTED_EDGE('',*,*,#6798,.T.);
#4916=ORIENTED_EDGE('',*,*,#6795,.T.);
#4917=ORIENTED_EDGE('',*,*,#5588,.F.);
#4918=ORIENTED_EDGE('',*,*,#6799,.F.);
#4919=ORIENTED_EDGE('',*,*,#6800,.T.);
#4920=ORIENTED_EDGE('',*,*,#6797,.T.);
#4921=ORIENTED_EDGE('',*,*,#5587,.F.);
#4922=ORIENTED_EDGE('',*,*,#6801,.F.);
#4923=ORIENTED_EDGE('',*,*,#6802,.T.);
#4924=ORIENTED_EDGE('',*,*,#6799,.T.);
#4925=ORIENTED_EDGE('',*,*,#5586,.F.);
#4926=ORIENTED_EDGE('',*,*,#6803,.F.);
#4927=ORIENTED_EDGE('',*,*,#6804,.T.);
#4928=ORIENTED_EDGE('',*,*,#6801,.T.);
#4929=ORIENTED_EDGE('',*,*,#5585,.F.);
#4930=ORIENTED_EDGE('',*,*,#6805,.F.);
#4931=ORIENTED_EDGE('',*,*,#6806,.T.);
#4932=ORIENTED_EDGE('',*,*,#6803,.T.);
#4933=ORIENTED_EDGE('',*,*,#5584,.F.);
#4934=ORIENTED_EDGE('',*,*,#6807,.F.);
#4935=ORIENTED_EDGE('',*,*,#6808,.T.);
#4936=ORIENTED_EDGE('',*,*,#6805,.T.);
#4937=ORIENTED_EDGE('',*,*,#5583,.F.);
#4938=ORIENTED_EDGE('',*,*,#6809,.F.);
#4939=ORIENTED_EDGE('',*,*,#6810,.T.);
#4940=ORIENTED_EDGE('',*,*,#6807,.T.);
#4941=ORIENTED_EDGE('',*,*,#5582,.F.);
#4942=ORIENTED_EDGE('',*,*,#6811,.F.);
#4943=ORIENTED_EDGE('',*,*,#6812,.T.);
#4944=ORIENTED_EDGE('',*,*,#6809,.T.);
#4945=ORIENTED_EDGE('',*,*,#5581,.F.);
#4946=ORIENTED_EDGE('',*,*,#6786,.F.);
#4947=ORIENTED_EDGE('',*,*,#6813,.T.);
#4948=ORIENTED_EDGE('',*,*,#6811,.T.);
#4949=ORIENTED_EDGE('',*,*,#6814,.F.);
#4950=ORIENTED_EDGE('',*,*,#6753,.F.);
#4951=ORIENTED_EDGE('',*,*,#6815,.T.);
#4952=ORIENTED_EDGE('',*,*,#6782,.T.);
#4953=ORIENTED_EDGE('',*,*,#6785,.F.);
#4954=ORIENTED_EDGE('',*,*,#6788,.F.);
#4955=ORIENTED_EDGE('',*,*,#6790,.F.);
#4956=ORIENTED_EDGE('',*,*,#6792,.F.);
#4957=ORIENTED_EDGE('',*,*,#6794,.F.);
#4958=ORIENTED_EDGE('',*,*,#6796,.F.);
#4959=ORIENTED_EDGE('',*,*,#6798,.F.);
#4960=ORIENTED_EDGE('',*,*,#6800,.F.);
#4961=ORIENTED_EDGE('',*,*,#6802,.F.);
#4962=ORIENTED_EDGE('',*,*,#6804,.F.);
#4963=ORIENTED_EDGE('',*,*,#6806,.F.);
#4964=ORIENTED_EDGE('',*,*,#6808,.F.);
#4965=ORIENTED_EDGE('',*,*,#6810,.F.);
#4966=ORIENTED_EDGE('',*,*,#6812,.F.);
#4967=ORIENTED_EDGE('',*,*,#6813,.F.);
#4968=ORIENTED_EDGE('',*,*,#6752,.F.);
#4969=ORIENTED_EDGE('',*,*,#6756,.F.);
#4970=ORIENTED_EDGE('',*,*,#6759,.F.);
#4971=ORIENTED_EDGE('',*,*,#6762,.F.);
#4972=ORIENTED_EDGE('',*,*,#6765,.F.);
#4973=ORIENTED_EDGE('',*,*,#6768,.F.);
#4974=ORIENTED_EDGE('',*,*,#6771,.F.);
#4975=ORIENTED_EDGE('',*,*,#6774,.F.);
#4976=ORIENTED_EDGE('',*,*,#6777,.F.);
#4977=ORIENTED_EDGE('',*,*,#6780,.F.);
#4978=ORIENTED_EDGE('',*,*,#6783,.F.);
#4979=ORIENTED_EDGE('',*,*,#6815,.F.);
#4980=ORIENTED_EDGE('',*,*,#6816,.F.);
#4981=ORIENTED_EDGE('',*,*,#6817,.F.);
#4982=ORIENTED_EDGE('',*,*,#6818,.T.);
#4983=ORIENTED_EDGE('',*,*,#6819,.T.);
#4984=ORIENTED_EDGE('',*,*,#6820,.F.);
#4985=ORIENTED_EDGE('',*,*,#6821,.F.);
#4986=ORIENTED_EDGE('',*,*,#6822,.T.);
#4987=ORIENTED_EDGE('',*,*,#6817,.T.);
#4988=ORIENTED_EDGE('',*,*,#6823,.F.);
#4989=ORIENTED_EDGE('',*,*,#6824,.F.);
#4990=ORIENTED_EDGE('',*,*,#6825,.T.);
#4991=ORIENTED_EDGE('',*,*,#6821,.T.);
#4992=ORIENTED_EDGE('',*,*,#6826,.F.);
#4993=ORIENTED_EDGE('',*,*,#6827,.F.);
#4994=ORIENTED_EDGE('',*,*,#6828,.T.);
#4995=ORIENTED_EDGE('',*,*,#6824,.T.);
#4996=ORIENTED_EDGE('',*,*,#6829,.F.);
#4997=ORIENTED_EDGE('',*,*,#6830,.F.);
#4998=ORIENTED_EDGE('',*,*,#6831,.T.);
#4999=ORIENTED_EDGE('',*,*,#6827,.T.);
#5000=ORIENTED_EDGE('',*,*,#6832,.F.);
#5001=ORIENTED_EDGE('',*,*,#6833,.F.);
#5002=ORIENTED_EDGE('',*,*,#6834,.T.);
#5003=ORIENTED_EDGE('',*,*,#6830,.T.);
#5004=ORIENTED_EDGE('',*,*,#6835,.F.);
#5005=ORIENTED_EDGE('',*,*,#6836,.F.);
#5006=ORIENTED_EDGE('',*,*,#6837,.T.);
#5007=ORIENTED_EDGE('',*,*,#6833,.T.);
#5008=ORIENTED_EDGE('',*,*,#6838,.F.);
#5009=ORIENTED_EDGE('',*,*,#6839,.F.);
#5010=ORIENTED_EDGE('',*,*,#6840,.T.);
#5011=ORIENTED_EDGE('',*,*,#6836,.T.);
#5012=ORIENTED_EDGE('',*,*,#6841,.F.);
#5013=ORIENTED_EDGE('',*,*,#6842,.F.);
#5014=ORIENTED_EDGE('',*,*,#6843,.T.);
#5015=ORIENTED_EDGE('',*,*,#6839,.T.);
#5016=ORIENTED_EDGE('',*,*,#6844,.F.);
#5017=ORIENTED_EDGE('',*,*,#6845,.F.);
#5018=ORIENTED_EDGE('',*,*,#6846,.T.);
#5019=ORIENTED_EDGE('',*,*,#6842,.T.);
#5020=ORIENTED_EDGE('',*,*,#6847,.F.);
#5021=ORIENTED_EDGE('',*,*,#6848,.F.);
#5022=ORIENTED_EDGE('',*,*,#6849,.T.);
#5023=ORIENTED_EDGE('',*,*,#6845,.T.);
#5024=ORIENTED_EDGE('',*,*,#5621,.F.);
#5025=ORIENTED_EDGE('',*,*,#6850,.F.);
#5026=ORIENTED_EDGE('',*,*,#6851,.T.);
#5027=ORIENTED_EDGE('',*,*,#6852,.T.);
#5028=ORIENTED_EDGE('',*,*,#5632,.F.);
#5029=ORIENTED_EDGE('',*,*,#6853,.F.);
#5030=ORIENTED_EDGE('',*,*,#6854,.T.);
#5031=ORIENTED_EDGE('',*,*,#6850,.T.);
#5032=ORIENTED_EDGE('',*,*,#5631,.F.);
#5033=ORIENTED_EDGE('',*,*,#6855,.F.);
#5034=ORIENTED_EDGE('',*,*,#6856,.T.);
#5035=ORIENTED_EDGE('',*,*,#6853,.T.);
#5036=ORIENTED_EDGE('',*,*,#5630,.F.);
#5037=ORIENTED_EDGE('',*,*,#6857,.F.);
#5038=ORIENTED_EDGE('',*,*,#6858,.T.);
#5039=ORIENTED_EDGE('',*,*,#6855,.T.);
#5040=ORIENTED_EDGE('',*,*,#5629,.F.);
#5041=ORIENTED_EDGE('',*,*,#6859,.F.);
#5042=ORIENTED_EDGE('',*,*,#6860,.T.);
#5043=ORIENTED_EDGE('',*,*,#6857,.T.);
#5044=ORIENTED_EDGE('',*,*,#5628,.F.);
#5045=ORIENTED_EDGE('',*,*,#6861,.F.);
#5046=ORIENTED_EDGE('',*,*,#6862,.T.);
#5047=ORIENTED_EDGE('',*,*,#6859,.T.);
#5048=ORIENTED_EDGE('',*,*,#5627,.F.);
#5049=ORIENTED_EDGE('',*,*,#6863,.F.);
#5050=ORIENTED_EDGE('',*,*,#6864,.T.);
#5051=ORIENTED_EDGE('',*,*,#6861,.T.);
#5052=ORIENTED_EDGE('',*,*,#5626,.F.);
#5053=ORIENTED_EDGE('',*,*,#6865,.F.);
#5054=ORIENTED_EDGE('',*,*,#6866,.T.);
#5055=ORIENTED_EDGE('',*,*,#6863,.T.);
#5056=ORIENTED_EDGE('',*,*,#5625,.F.);
#5057=ORIENTED_EDGE('',*,*,#6867,.F.);
#5058=ORIENTED_EDGE('',*,*,#6868,.T.);
#5059=ORIENTED_EDGE('',*,*,#6865,.T.);
#5060=ORIENTED_EDGE('',*,*,#5624,.F.);
#5061=ORIENTED_EDGE('',*,*,#6869,.F.);
#5062=ORIENTED_EDGE('',*,*,#6870,.T.);
#5063=ORIENTED_EDGE('',*,*,#6867,.T.);
#5064=ORIENTED_EDGE('',*,*,#5623,.F.);
#5065=ORIENTED_EDGE('',*,*,#6871,.F.);
#5066=ORIENTED_EDGE('',*,*,#6872,.T.);
#5067=ORIENTED_EDGE('',*,*,#6869,.T.);
#5068=ORIENTED_EDGE('',*,*,#5622,.F.);
#5069=ORIENTED_EDGE('',*,*,#6852,.F.);
#5070=ORIENTED_EDGE('',*,*,#6873,.T.);
#5071=ORIENTED_EDGE('',*,*,#6871,.T.);
#5072=ORIENTED_EDGE('',*,*,#6874,.F.);
#5073=ORIENTED_EDGE('',*,*,#6819,.F.);
#5074=ORIENTED_EDGE('',*,*,#6875,.T.);
#5075=ORIENTED_EDGE('',*,*,#6848,.T.);
#5076=ORIENTED_EDGE('',*,*,#6851,.F.);
#5077=ORIENTED_EDGE('',*,*,#6854,.F.);
#5078=ORIENTED_EDGE('',*,*,#6856,.F.);
#5079=ORIENTED_EDGE('',*,*,#6858,.F.);
#5080=ORIENTED_EDGE('',*,*,#6860,.F.);
#5081=ORIENTED_EDGE('',*,*,#6862,.F.);
#5082=ORIENTED_EDGE('',*,*,#6864,.F.);
#5083=ORIENTED_EDGE('',*,*,#6866,.F.);
#5084=ORIENTED_EDGE('',*,*,#6868,.F.);
#5085=ORIENTED_EDGE('',*,*,#6870,.F.);
#5086=ORIENTED_EDGE('',*,*,#6872,.F.);
#5087=ORIENTED_EDGE('',*,*,#6873,.F.);
#5088=ORIENTED_EDGE('',*,*,#6818,.F.);
#5089=ORIENTED_EDGE('',*,*,#6822,.F.);
#5090=ORIENTED_EDGE('',*,*,#6825,.F.);
#5091=ORIENTED_EDGE('',*,*,#6828,.F.);
#5092=ORIENTED_EDGE('',*,*,#6831,.F.);
#5093=ORIENTED_EDGE('',*,*,#6834,.F.);
#5094=ORIENTED_EDGE('',*,*,#6837,.F.);
#5095=ORIENTED_EDGE('',*,*,#6840,.F.);
#5096=ORIENTED_EDGE('',*,*,#6843,.F.);
#5097=ORIENTED_EDGE('',*,*,#6846,.F.);
#5098=ORIENTED_EDGE('',*,*,#6849,.F.);
#5099=ORIENTED_EDGE('',*,*,#6875,.F.);
#5100=ORIENTED_EDGE('',*,*,#5560,.F.);
#5101=ORIENTED_EDGE('',*,*,#6876,.F.);
#5102=ORIENTED_EDGE('',*,*,#6877,.T.);
#5103=ORIENTED_EDGE('',*,*,#6878,.T.);
#5104=ORIENTED_EDGE('',*,*,#5579,.F.);
#5105=ORIENTED_EDGE('',*,*,#6879,.F.);
#5106=ORIENTED_EDGE('',*,*,#6880,.T.);
#5107=ORIENTED_EDGE('',*,*,#6876,.T.);
#5108=ORIENTED_EDGE('',*,*,#5578,.F.);
#5109=ORIENTED_EDGE('',*,*,#6881,.F.);
#5110=ORIENTED_EDGE('',*,*,#6882,.T.);
#5111=ORIENTED_EDGE('',*,*,#6879,.T.);
#5112=ORIENTED_EDGE('',*,*,#5577,.F.);
#5113=ORIENTED_EDGE('',*,*,#6883,.F.);
#5114=ORIENTED_EDGE('',*,*,#6884,.T.);
#5115=ORIENTED_EDGE('',*,*,#6881,.T.);
#5116=ORIENTED_EDGE('',*,*,#5576,.F.);
#5117=ORIENTED_EDGE('',*,*,#6885,.F.);
#5118=ORIENTED_EDGE('',*,*,#6886,.T.);
#5119=ORIENTED_EDGE('',*,*,#6883,.T.);
#5120=ORIENTED_EDGE('',*,*,#5575,.F.);
#5121=ORIENTED_EDGE('',*,*,#6887,.F.);
#5122=ORIENTED_EDGE('',*,*,#6888,.T.);
#5123=ORIENTED_EDGE('',*,*,#6885,.T.);
#5124=ORIENTED_EDGE('',*,*,#5574,.F.);
#5125=ORIENTED_EDGE('',*,*,#6889,.F.);
#5126=ORIENTED_EDGE('',*,*,#6890,.T.);
#5127=ORIENTED_EDGE('',*,*,#6887,.T.);
#5128=ORIENTED_EDGE('',*,*,#5573,.F.);
#5129=ORIENTED_EDGE('',*,*,#6891,.F.);
#5130=ORIENTED_EDGE('',*,*,#6892,.T.);
#5131=ORIENTED_EDGE('',*,*,#6889,.T.);
#5132=ORIENTED_EDGE('',*,*,#5572,.F.);
#5133=ORIENTED_EDGE('',*,*,#6893,.F.);
#5134=ORIENTED_EDGE('',*,*,#6894,.T.);
#5135=ORIENTED_EDGE('',*,*,#6891,.T.);
#5136=ORIENTED_EDGE('',*,*,#5571,.F.);
#5137=ORIENTED_EDGE('',*,*,#6895,.F.);
#5138=ORIENTED_EDGE('',*,*,#6896,.T.);
#5139=ORIENTED_EDGE('',*,*,#6893,.T.);
#5140=ORIENTED_EDGE('',*,*,#5570,.F.);
#5141=ORIENTED_EDGE('',*,*,#6897,.F.);
#5142=ORIENTED_EDGE('',*,*,#6898,.T.);
#5143=ORIENTED_EDGE('',*,*,#6895,.T.);
#5144=ORIENTED_EDGE('',*,*,#5569,.F.);
#5145=ORIENTED_EDGE('',*,*,#6899,.F.);
#5146=ORIENTED_EDGE('',*,*,#6900,.T.);
#5147=ORIENTED_EDGE('',*,*,#6897,.T.);
#5148=ORIENTED_EDGE('',*,*,#5568,.F.);
#5149=ORIENTED_EDGE('',*,*,#6901,.F.);
#5150=ORIENTED_EDGE('',*,*,#6902,.T.);
#5151=ORIENTED_EDGE('',*,*,#6899,.T.);
#5152=ORIENTED_EDGE('',*,*,#5567,.F.);
#5153=ORIENTED_EDGE('',*,*,#6903,.F.);
#5154=ORIENTED_EDGE('',*,*,#6904,.T.);
#5155=ORIENTED_EDGE('',*,*,#6901,.T.);
#5156=ORIENTED_EDGE('',*,*,#5566,.F.);
#5157=ORIENTED_EDGE('',*,*,#6905,.F.);
#5158=ORIENTED_EDGE('',*,*,#6906,.T.);
#5159=ORIENTED_EDGE('',*,*,#6903,.T.);
#5160=ORIENTED_EDGE('',*,*,#5565,.F.);
#5161=ORIENTED_EDGE('',*,*,#6907,.F.);
#5162=ORIENTED_EDGE('',*,*,#6908,.T.);
#5163=ORIENTED_EDGE('',*,*,#6905,.T.);
#5164=ORIENTED_EDGE('',*,*,#5564,.F.);
#5165=ORIENTED_EDGE('',*,*,#6909,.F.);
#5166=ORIENTED_EDGE('',*,*,#6910,.T.);
#5167=ORIENTED_EDGE('',*,*,#6907,.T.);
#5168=ORIENTED_EDGE('',*,*,#5563,.F.);
#5169=ORIENTED_EDGE('',*,*,#6911,.F.);
#5170=ORIENTED_EDGE('',*,*,#6912,.T.);
#5171=ORIENTED_EDGE('',*,*,#6909,.T.);
#5172=ORIENTED_EDGE('',*,*,#5562,.F.);
#5173=ORIENTED_EDGE('',*,*,#6913,.F.);
#5174=ORIENTED_EDGE('',*,*,#6914,.T.);
#5175=ORIENTED_EDGE('',*,*,#6911,.T.);
#5176=ORIENTED_EDGE('',*,*,#5561,.F.);
#5177=ORIENTED_EDGE('',*,*,#6878,.F.);
#5178=ORIENTED_EDGE('',*,*,#6915,.T.);
#5179=ORIENTED_EDGE('',*,*,#6913,.T.);
#5180=ORIENTED_EDGE('',*,*,#6877,.F.);
#5181=ORIENTED_EDGE('',*,*,#6880,.F.);
#5182=ORIENTED_EDGE('',*,*,#6882,.F.);
#5183=ORIENTED_EDGE('',*,*,#6884,.F.);
#5184=ORIENTED_EDGE('',*,*,#6886,.F.);
#5185=ORIENTED_EDGE('',*,*,#6888,.F.);
#5186=ORIENTED_EDGE('',*,*,#6890,.F.);
#5187=ORIENTED_EDGE('',*,*,#6892,.F.);
#5188=ORIENTED_EDGE('',*,*,#6894,.F.);
#5189=ORIENTED_EDGE('',*,*,#6896,.F.);
#5190=ORIENTED_EDGE('',*,*,#6898,.F.);
#5191=ORIENTED_EDGE('',*,*,#6900,.F.);
#5192=ORIENTED_EDGE('',*,*,#6902,.F.);
#5193=ORIENTED_EDGE('',*,*,#6904,.F.);
#5194=ORIENTED_EDGE('',*,*,#6906,.F.);
#5195=ORIENTED_EDGE('',*,*,#6908,.F.);
#5196=ORIENTED_EDGE('',*,*,#6910,.F.);
#5197=ORIENTED_EDGE('',*,*,#6912,.F.);
#5198=ORIENTED_EDGE('',*,*,#6914,.F.);
#5199=ORIENTED_EDGE('',*,*,#6915,.F.);
#5200=ORIENTED_EDGE('',*,*,#6696,.T.);
#5201=ORIENTED_EDGE('',*,*,#6748,.T.);
#5202=ORIENTED_EDGE('',*,*,#6709,.T.);
#5203=ORIENTED_EDGE('',*,*,#6706,.T.);
#5204=ORIENTED_EDGE('',*,*,#6703,.T.);
#5205=ORIENTED_EDGE('',*,*,#6700,.T.);
#5206=ORIENTED_EDGE('',*,*,#6750,.T.);
#5207=ORIENTED_EDGE('',*,*,#6814,.T.);
#5208=ORIENTED_EDGE('',*,*,#6781,.T.);
#5209=ORIENTED_EDGE('',*,*,#6778,.T.);
#5210=ORIENTED_EDGE('',*,*,#6775,.T.);
#5211=ORIENTED_EDGE('',*,*,#6772,.T.);
#5212=ORIENTED_EDGE('',*,*,#6769,.T.);
#5213=ORIENTED_EDGE('',*,*,#6766,.T.);
#5214=ORIENTED_EDGE('',*,*,#6763,.T.);
#5215=ORIENTED_EDGE('',*,*,#6760,.T.);
#5216=ORIENTED_EDGE('',*,*,#6757,.T.);
#5217=ORIENTED_EDGE('',*,*,#6754,.T.);
#5218=ORIENTED_EDGE('',*,*,#6816,.T.);
#5219=ORIENTED_EDGE('',*,*,#6874,.T.);
#5220=ORIENTED_EDGE('',*,*,#6847,.T.);
#5221=ORIENTED_EDGE('',*,*,#6844,.T.);
#5222=ORIENTED_EDGE('',*,*,#6841,.T.);
#5223=ORIENTED_EDGE('',*,*,#6838,.T.);
#5224=ORIENTED_EDGE('',*,*,#6835,.T.);
#5225=ORIENTED_EDGE('',*,*,#6832,.T.);
#5226=ORIENTED_EDGE('',*,*,#6829,.T.);
#5227=ORIENTED_EDGE('',*,*,#6826,.T.);
#5228=ORIENTED_EDGE('',*,*,#6823,.T.);
#5229=ORIENTED_EDGE('',*,*,#6820,.T.);
#5230=ORIENTED_EDGE('',*,*,#5713,.F.);
#5231=ORIENTED_EDGE('',*,*,#6916,.F.);
#5232=ORIENTED_EDGE('',*,*,#6917,.T.);
#5233=ORIENTED_EDGE('',*,*,#6918,.T.);
#5234=ORIENTED_EDGE('',*,*,#5725,.F.);
#5235=ORIENTED_EDGE('',*,*,#6919,.F.);
#5236=ORIENTED_EDGE('',*,*,#6920,.T.);
#5237=ORIENTED_EDGE('',*,*,#6916,.T.);
#5238=ORIENTED_EDGE('',*,*,#5724,.F.);
#5239=ORIENTED_EDGE('',*,*,#6921,.F.);
#5240=ORIENTED_EDGE('',*,*,#6922,.T.);
#5241=ORIENTED_EDGE('',*,*,#6919,.T.);
#5242=ORIENTED_EDGE('',*,*,#5723,.F.);
#5243=ORIENTED_EDGE('',*,*,#6923,.F.);
#5244=ORIENTED_EDGE('',*,*,#6924,.T.);
#5245=ORIENTED_EDGE('',*,*,#6921,.T.);
#5246=ORIENTED_EDGE('',*,*,#5722,.F.);
#5247=ORIENTED_EDGE('',*,*,#6925,.F.);
#5248=ORIENTED_EDGE('',*,*,#6926,.T.);
#5249=ORIENTED_EDGE('',*,*,#6923,.T.);
#5250=ORIENTED_EDGE('',*,*,#5721,.F.);
#5251=ORIENTED_EDGE('',*,*,#6927,.F.);
#5252=ORIENTED_EDGE('',*,*,#6928,.T.);
#5253=ORIENTED_EDGE('',*,*,#6925,.T.);
#5254=ORIENTED_EDGE('',*,*,#5720,.F.);
#5255=ORIENTED_EDGE('',*,*,#6929,.F.);
#5256=ORIENTED_EDGE('',*,*,#6930,.T.);
#5257=ORIENTED_EDGE('',*,*,#6927,.T.);
#5258=ORIENTED_EDGE('',*,*,#5719,.F.);
#5259=ORIENTED_EDGE('',*,*,#6931,.F.);
#5260=ORIENTED_EDGE('',*,*,#6932,.T.);
#5261=ORIENTED_EDGE('',*,*,#6929,.T.);
#5262=ORIENTED_EDGE('',*,*,#5718,.F.);
#5263=ORIENTED_EDGE('',*,*,#6933,.F.);
#5264=ORIENTED_EDGE('',*,*,#6934,.T.);
#5265=ORIENTED_EDGE('',*,*,#6931,.T.);
#5266=ORIENTED_EDGE('',*,*,#5717,.F.);
#5267=ORIENTED_EDGE('',*,*,#6935,.F.);
#5268=ORIENTED_EDGE('',*,*,#6936,.T.);
#5269=ORIENTED_EDGE('',*,*,#6933,.T.);
#5270=ORIENTED_EDGE('',*,*,#5716,.F.);
#5271=ORIENTED_EDGE('',*,*,#6937,.F.);
#5272=ORIENTED_EDGE('',*,*,#6938,.T.);
#5273=ORIENTED_EDGE('',*,*,#6935,.T.);
#5274=ORIENTED_EDGE('',*,*,#5715,.F.);
#5275=ORIENTED_EDGE('',*,*,#6939,.F.);
#5276=ORIENTED_EDGE('',*,*,#6940,.T.);
#5277=ORIENTED_EDGE('',*,*,#6937,.T.);
#5278=ORIENTED_EDGE('',*,*,#5714,.F.);
#5279=ORIENTED_EDGE('',*,*,#6918,.F.);
#5280=ORIENTED_EDGE('',*,*,#6941,.T.);
#5281=ORIENTED_EDGE('',*,*,#6939,.T.);
#5282=ORIENTED_EDGE('',*,*,#6917,.F.);
#5283=ORIENTED_EDGE('',*,*,#6920,.F.);
#5284=ORIENTED_EDGE('',*,*,#6922,.F.);
#5285=ORIENTED_EDGE('',*,*,#6924,.F.);
#5286=ORIENTED_EDGE('',*,*,#6926,.F.);
#5287=ORIENTED_EDGE('',*,*,#6928,.F.);
#5288=ORIENTED_EDGE('',*,*,#6930,.F.);
#5289=ORIENTED_EDGE('',*,*,#6932,.F.);
#5290=ORIENTED_EDGE('',*,*,#6934,.F.);
#5291=ORIENTED_EDGE('',*,*,#6936,.F.);
#5292=ORIENTED_EDGE('',*,*,#6938,.F.);
#5293=ORIENTED_EDGE('',*,*,#6940,.F.);
#5294=ORIENTED_EDGE('',*,*,#6941,.F.);
#5295=ORIENTED_EDGE('',*,*,#5734,.F.);
#5296=ORIENTED_EDGE('',*,*,#6942,.F.);
#5297=ORIENTED_EDGE('',*,*,#6943,.T.);
#5298=ORIENTED_EDGE('',*,*,#6944,.T.);
#5299=ORIENTED_EDGE('',*,*,#5743,.F.);
#5300=ORIENTED_EDGE('',*,*,#6945,.F.);
#5301=ORIENTED_EDGE('',*,*,#6946,.T.);
#5302=ORIENTED_EDGE('',*,*,#6942,.T.);
#5303=ORIENTED_EDGE('',*,*,#5742,.F.);
#5304=ORIENTED_EDGE('',*,*,#6947,.F.);
#5305=ORIENTED_EDGE('',*,*,#6948,.T.);
#5306=ORIENTED_EDGE('',*,*,#6945,.T.);
#5307=ORIENTED_EDGE('',*,*,#5741,.F.);
#5308=ORIENTED_EDGE('',*,*,#6949,.F.);
#5309=ORIENTED_EDGE('',*,*,#6950,.T.);
#5310=ORIENTED_EDGE('',*,*,#6947,.T.);
#5311=ORIENTED_EDGE('',*,*,#5740,.F.);
#5312=ORIENTED_EDGE('',*,*,#6951,.F.);
#5313=ORIENTED_EDGE('',*,*,#6952,.T.);
#5314=ORIENTED_EDGE('',*,*,#6949,.T.);
#5315=ORIENTED_EDGE('',*,*,#5739,.F.);
#5316=ORIENTED_EDGE('',*,*,#6953,.F.);
#5317=ORIENTED_EDGE('',*,*,#6954,.T.);
#5318=ORIENTED_EDGE('',*,*,#6951,.T.);
#5319=ORIENTED_EDGE('',*,*,#5738,.F.);
#5320=ORIENTED_EDGE('',*,*,#6955,.F.);
#5321=ORIENTED_EDGE('',*,*,#6956,.T.);
#5322=ORIENTED_EDGE('',*,*,#6953,.T.);
#5323=ORIENTED_EDGE('',*,*,#5737,.F.);
#5324=ORIENTED_EDGE('',*,*,#6957,.F.);
#5325=ORIENTED_EDGE('',*,*,#6958,.T.);
#5326=ORIENTED_EDGE('',*,*,#6955,.T.);
#5327=ORIENTED_EDGE('',*,*,#5736,.F.);
#5328=ORIENTED_EDGE('',*,*,#6959,.F.);
#5329=ORIENTED_EDGE('',*,*,#6960,.T.);
#5330=ORIENTED_EDGE('',*,*,#6957,.T.);
#5331=ORIENTED_EDGE('',*,*,#5735,.F.);
#5332=ORIENTED_EDGE('',*,*,#6944,.F.);
#5333=ORIENTED_EDGE('',*,*,#6961,.T.);
#5334=ORIENTED_EDGE('',*,*,#6959,.T.);
#5335=ORIENTED_EDGE('',*,*,#6943,.F.);
#5336=ORIENTED_EDGE('',*,*,#6946,.F.);
#5337=ORIENTED_EDGE('',*,*,#6948,.F.);
#5338=ORIENTED_EDGE('',*,*,#6950,.F.);
#5339=ORIENTED_EDGE('',*,*,#6952,.F.);
#5340=ORIENTED_EDGE('',*,*,#6954,.F.);
#5341=ORIENTED_EDGE('',*,*,#6956,.F.);
#5342=ORIENTED_EDGE('',*,*,#6958,.F.);
#5343=ORIENTED_EDGE('',*,*,#6960,.F.);
#5344=ORIENTED_EDGE('',*,*,#6961,.F.);
#5345=ORIENTED_EDGE('',*,*,#6962,.F.);
#5346=ORIENTED_EDGE('',*,*,#6963,.F.);
#5347=ORIENTED_EDGE('',*,*,#6964,.T.);
#5348=ORIENTED_EDGE('',*,*,#6965,.T.);
#5349=ORIENTED_EDGE('',*,*,#6966,.F.);
#5350=ORIENTED_EDGE('',*,*,#6967,.F.);
#5351=ORIENTED_EDGE('',*,*,#6968,.T.);
#5352=ORIENTED_EDGE('',*,*,#6963,.T.);
#5353=ORIENTED_EDGE('',*,*,#6969,.F.);
#5354=ORIENTED_EDGE('',*,*,#6970,.F.);
#5355=ORIENTED_EDGE('',*,*,#6971,.T.);
#5356=ORIENTED_EDGE('',*,*,#6967,.T.);
#5357=ORIENTED_EDGE('',*,*,#6972,.F.);
#5358=ORIENTED_EDGE('',*,*,#6973,.F.);
#5359=ORIENTED_EDGE('',*,*,#6974,.T.);
#5360=ORIENTED_EDGE('',*,*,#6970,.T.);
#5361=ORIENTED_EDGE('',*,*,#6975,.F.);
#5362=ORIENTED_EDGE('',*,*,#6976,.F.);
#5363=ORIENTED_EDGE('',*,*,#6977,.T.);
#5364=ORIENTED_EDGE('',*,*,#6973,.T.);
#5365=ORIENTED_EDGE('',*,*,#6978,.F.);
#5366=ORIENTED_EDGE('',*,*,#6979,.F.);
#5367=ORIENTED_EDGE('',*,*,#6980,.T.);
#5368=ORIENTED_EDGE('',*,*,#6976,.T.);
#5369=ORIENTED_EDGE('',*,*,#6981,.F.);
#5370=ORIENTED_EDGE('',*,*,#6982,.F.);
#5371=ORIENTED_EDGE('',*,*,#6983,.T.);
#5372=ORIENTED_EDGE('',*,*,#6979,.T.);
#5373=ORIENTED_EDGE('',*,*,#6984,.F.);
#5374=ORIENTED_EDGE('',*,*,#6985,.F.);
#5375=ORIENTED_EDGE('',*,*,#6986,.T.);
#5376=ORIENTED_EDGE('',*,*,#6982,.T.);
#5377=ORIENTED_EDGE('',*,*,#6987,.F.);
#5378=ORIENTED_EDGE('',*,*,#6988,.F.);
#5379=ORIENTED_EDGE('',*,*,#6989,.T.);
#5380=ORIENTED_EDGE('',*,*,#6985,.T.);
#5381=ORIENTED_EDGE('',*,*,#6990,.F.);
#5382=ORIENTED_EDGE('',*,*,#6991,.F.);
#5383=ORIENTED_EDGE('',*,*,#6992,.T.);
#5384=ORIENTED_EDGE('',*,*,#6988,.T.);
#5385=ORIENTED_EDGE('',*,*,#6993,.F.);
#5386=ORIENTED_EDGE('',*,*,#6994,.F.);
#5387=ORIENTED_EDGE('',*,*,#6995,.T.);
#5388=ORIENTED_EDGE('',*,*,#6991,.T.);
#5389=ORIENTED_EDGE('',*,*,#5698,.F.);
#5390=ORIENTED_EDGE('',*,*,#6996,.F.);
#5391=ORIENTED_EDGE('',*,*,#6997,.T.);
#5392=ORIENTED_EDGE('',*,*,#6998,.T.);
#5393=ORIENTED_EDGE('',*,*,#5712,.F.);
#5394=ORIENTED_EDGE('',*,*,#6999,.F.);
#5395=ORIENTED_EDGE('',*,*,#7000,.T.);
#5396=ORIENTED_EDGE('',*,*,#6996,.T.);
#5397=ORIENTED_EDGE('',*,*,#5711,.F.);
#5398=ORIENTED_EDGE('',*,*,#7001,.F.);
#5399=ORIENTED_EDGE('',*,*,#7002,.T.);
#5400=ORIENTED_EDGE('',*,*,#6999,.T.);
#5401=ORIENTED_EDGE('',*,*,#5710,.F.);
#5402=ORIENTED_EDGE('',*,*,#7003,.F.);
#5403=ORIENTED_EDGE('',*,*,#7004,.T.);
#5404=ORIENTED_EDGE('',*,*,#7001,.T.);
#5405=ORIENTED_EDGE('',*,*,#5709,.F.);
#5406=ORIENTED_EDGE('',*,*,#7005,.F.);
#5407=ORIENTED_EDGE('',*,*,#7006,.T.);
#5408=ORIENTED_EDGE('',*,*,#7003,.T.);
#5409=ORIENTED_EDGE('',*,*,#5708,.F.);
#5410=ORIENTED_EDGE('',*,*,#7007,.F.);
#5411=ORIENTED_EDGE('',*,*,#7008,.T.);
#5412=ORIENTED_EDGE('',*,*,#7005,.T.);
#5413=ORIENTED_EDGE('',*,*,#5707,.F.);
#5414=ORIENTED_EDGE('',*,*,#7009,.F.);
#5415=ORIENTED_EDGE('',*,*,#7010,.T.);
#5416=ORIENTED_EDGE('',*,*,#7007,.T.);
#5417=ORIENTED_EDGE('',*,*,#5706,.F.);
#5418=ORIENTED_EDGE('',*,*,#7011,.F.);
#5419=ORIENTED_EDGE('',*,*,#7012,.T.);
#5420=ORIENTED_EDGE('',*,*,#7009,.T.);
#5421=ORIENTED_EDGE('',*,*,#5705,.F.);
#5422=ORIENTED_EDGE('',*,*,#7013,.F.);
#5423=ORIENTED_EDGE('',*,*,#7014,.T.);
#5424=ORIENTED_EDGE('',*,*,#7011,.T.);
#5425=ORIENTED_EDGE('',*,*,#5704,.F.);
#5426=ORIENTED_EDGE('',*,*,#7015,.F.);
#5427=ORIENTED_EDGE('',*,*,#7016,.T.);
#5428=ORIENTED_EDGE('',*,*,#7013,.T.);
#5429=ORIENTED_EDGE('',*,*,#5703,.F.);
#5430=ORIENTED_EDGE('',*,*,#7017,.F.);
#5431=ORIENTED_EDGE('',*,*,#7018,.T.);
#5432=ORIENTED_EDGE('',*,*,#7015,.T.);
#5433=ORIENTED_EDGE('',*,*,#5702,.F.);
#5434=ORIENTED_EDGE('',*,*,#7019,.F.);
#5435=ORIENTED_EDGE('',*,*,#7020,.T.);
#5436=ORIENTED_EDGE('',*,*,#7017,.T.);
#5437=ORIENTED_EDGE('',*,*,#5701,.F.);
#5438=ORIENTED_EDGE('',*,*,#7021,.F.);
#5439=ORIENTED_EDGE('',*,*,#7022,.T.);
#5440=ORIENTED_EDGE('',*,*,#7019,.T.);
#5441=ORIENTED_EDGE('',*,*,#5700,.F.);
#5442=ORIENTED_EDGE('',*,*,#7023,.F.);
#5443=ORIENTED_EDGE('',*,*,#7024,.T.);
#5444=ORIENTED_EDGE('',*,*,#7021,.T.);
#5445=ORIENTED_EDGE('',*,*,#5699,.F.);
#5446=ORIENTED_EDGE('',*,*,#6998,.F.);
#5447=ORIENTED_EDGE('',*,*,#7025,.T.);
#5448=ORIENTED_EDGE('',*,*,#7023,.T.);
#5449=ORIENTED_EDGE('',*,*,#7026,.F.);
#5450=ORIENTED_EDGE('',*,*,#6965,.F.);
#5451=ORIENTED_EDGE('',*,*,#7027,.T.);
#5452=ORIENTED_EDGE('',*,*,#6994,.T.);
#5453=ORIENTED_EDGE('',*,*,#6997,.F.);
#5454=ORIENTED_EDGE('',*,*,#7000,.F.);
#5455=ORIENTED_EDGE('',*,*,#7002,.F.);
#5456=ORIENTED_EDGE('',*,*,#7004,.F.);
#5457=ORIENTED_EDGE('',*,*,#7006,.F.);
#5458=ORIENTED_EDGE('',*,*,#7008,.F.);
#5459=ORIENTED_EDGE('',*,*,#7010,.F.);
#5460=ORIENTED_EDGE('',*,*,#7012,.F.);
#5461=ORIENTED_EDGE('',*,*,#7014,.F.);
#5462=ORIENTED_EDGE('',*,*,#7016,.F.);
#5463=ORIENTED_EDGE('',*,*,#7018,.F.);
#5464=ORIENTED_EDGE('',*,*,#7020,.F.);
#5465=ORIENTED_EDGE('',*,*,#7022,.F.);
#5466=ORIENTED_EDGE('',*,*,#7024,.F.);
#5467=ORIENTED_EDGE('',*,*,#7025,.F.);
#5468=ORIENTED_EDGE('',*,*,#6964,.F.);
#5469=ORIENTED_EDGE('',*,*,#6968,.F.);
#5470=ORIENTED_EDGE('',*,*,#6971,.F.);
#5471=ORIENTED_EDGE('',*,*,#6974,.F.);
#5472=ORIENTED_EDGE('',*,*,#6977,.F.);
#5473=ORIENTED_EDGE('',*,*,#6980,.F.);
#5474=ORIENTED_EDGE('',*,*,#6983,.F.);
#5475=ORIENTED_EDGE('',*,*,#6986,.F.);
#5476=ORIENTED_EDGE('',*,*,#6989,.F.);
#5477=ORIENTED_EDGE('',*,*,#6992,.F.);
#5478=ORIENTED_EDGE('',*,*,#6995,.F.);
#5479=ORIENTED_EDGE('',*,*,#7027,.F.);
#5480=ORIENTED_EDGE('',*,*,#6962,.T.);
#5481=ORIENTED_EDGE('',*,*,#7026,.T.);
#5482=ORIENTED_EDGE('',*,*,#6993,.T.);
#5483=ORIENTED_EDGE('',*,*,#6990,.T.);
#5484=ORIENTED_EDGE('',*,*,#6987,.T.);
#5485=ORIENTED_EDGE('',*,*,#6984,.T.);
#5486=ORIENTED_EDGE('',*,*,#6981,.T.);
#5487=ORIENTED_EDGE('',*,*,#6978,.T.);
#5488=ORIENTED_EDGE('',*,*,#6975,.T.);
#5489=ORIENTED_EDGE('',*,*,#6972,.T.);
#5490=ORIENTED_EDGE('',*,*,#6969,.T.);
#5491=ORIENTED_EDGE('',*,*,#6966,.T.);
#5492=ORIENTED_EDGE('',*,*,#5748,.F.);
#5493=ORIENTED_EDGE('',*,*,#7028,.F.);
#5494=ORIENTED_EDGE('',*,*,#7029,.T.);
#5495=ORIENTED_EDGE('',*,*,#7030,.T.);
#5496=ORIENTED_EDGE('',*,*,#5747,.T.);
#5497=ORIENTED_EDGE('',*,*,#6017,.F.);
#5498=ORIENTED_EDGE('',*,*,#7031,.F.);
#5499=ORIENTED_EDGE('',*,*,#7028,.T.);
#5500=ORIENTED_EDGE('',*,*,#5634,.F.);
#5501=ORIENTED_EDGE('',*,*,#7032,.F.);
#5502=ORIENTED_EDGE('',*,*,#7033,.T.);
#5503=ORIENTED_EDGE('',*,*,#6032,.T.);
#5504=ORIENTED_EDGE('',*,*,#5633,.F.);
#5505=ORIENTED_EDGE('',*,*,#7034,.F.);
#5506=ORIENTED_EDGE('',*,*,#7035,.T.);
#5507=ORIENTED_EDGE('',*,*,#7032,.T.);
#5508=ORIENTED_EDGE('',*,*,#5637,.F.);
#5509=ORIENTED_EDGE('',*,*,#7036,.F.);
#5510=ORIENTED_EDGE('',*,*,#7037,.T.);
#5511=ORIENTED_EDGE('',*,*,#7034,.T.);
#5512=ORIENTED_EDGE('',*,*,#5636,.T.);
#5513=ORIENTED_EDGE('',*,*,#6031,.F.);
#5514=ORIENTED_EDGE('',*,*,#7038,.F.);
#5515=ORIENTED_EDGE('',*,*,#7036,.T.);
#5516=ORIENTED_EDGE('',*,*,#5689,.F.);
#5517=ORIENTED_EDGE('',*,*,#7039,.F.);
#5518=ORIENTED_EDGE('',*,*,#7040,.T.);
#5519=ORIENTED_EDGE('',*,*,#6029,.T.);
#5520=ORIENTED_EDGE('',*,*,#5688,.T.);
#5521=ORIENTED_EDGE('',*,*,#7041,.F.);
#5522=ORIENTED_EDGE('',*,*,#7042,.F.);
#5523=ORIENTED_EDGE('',*,*,#7039,.T.);
#5524=ORIENTED_EDGE('',*,*,#5697,.T.);
#5525=ORIENTED_EDGE('',*,*,#7043,.F.);
#5526=ORIENTED_EDGE('',*,*,#7044,.F.);
#5527=ORIENTED_EDGE('',*,*,#7041,.T.);
#5528=ORIENTED_EDGE('',*,*,#5696,.F.);
#5529=ORIENTED_EDGE('',*,*,#7045,.F.);
#5530=ORIENTED_EDGE('',*,*,#7046,.T.);
#5531=ORIENTED_EDGE('',*,*,#7043,.T.);
#5532=ORIENTED_EDGE('',*,*,#5695,.T.);
#5533=ORIENTED_EDGE('',*,*,#6020,.F.);
#5534=ORIENTED_EDGE('',*,*,#7047,.F.);
#5535=ORIENTED_EDGE('',*,*,#7045,.T.);
#5536=ORIENTED_EDGE('',*,*,#5745,.F.);
#5537=ORIENTED_EDGE('',*,*,#7048,.F.);
#5538=ORIENTED_EDGE('',*,*,#7049,.T.);
#5539=ORIENTED_EDGE('',*,*,#6018,.T.);
#5540=ORIENTED_EDGE('',*,*,#5744,.T.);
#5541=ORIENTED_EDGE('',*,*,#7030,.F.);
#5542=ORIENTED_EDGE('',*,*,#7050,.F.);
#5543=ORIENTED_EDGE('',*,*,#7048,.T.);
#5544=ORIENTED_EDGE('',*,*,#7029,.F.);
#5545=ORIENTED_EDGE('',*,*,#7031,.T.);
#5546=ORIENTED_EDGE('',*,*,#6016,.T.);
#5547=ORIENTED_EDGE('',*,*,#7033,.F.);
#5548=ORIENTED_EDGE('',*,*,#7035,.F.);
#5549=ORIENTED_EDGE('',*,*,#7037,.F.);
#5550=ORIENTED_EDGE('',*,*,#7038,.T.);
#5551=ORIENTED_EDGE('',*,*,#6030,.T.);
#5552=ORIENTED_EDGE('',*,*,#7040,.F.);
#5553=ORIENTED_EDGE('',*,*,#7042,.T.);
#5554=ORIENTED_EDGE('',*,*,#7044,.T.);
#5555=ORIENTED_EDGE('',*,*,#7046,.F.);
#5556=ORIENTED_EDGE('',*,*,#7047,.T.);
#5557=ORIENTED_EDGE('',*,*,#6019,.T.);
#5558=ORIENTED_EDGE('',*,*,#7049,.F.);
#5559=ORIENTED_EDGE('',*,*,#7050,.T.);
#5560=EDGE_CURVE('',#7051,#7052,#8055,.F.);
#5561=EDGE_CURVE('',#7052,#7053,#8056,.F.);
#5562=EDGE_CURVE('',#7053,#7054,#8057,.F.);
#5563=EDGE_CURVE('',#7054,#7055,#2544,.T.);
#5564=EDGE_CURVE('',#7055,#7056,#8058,.F.);
#5565=EDGE_CURVE('',#7056,#7057,#162,.T.);
#5566=EDGE_CURVE('',#7057,#7058,#8059,.T.);
#5567=EDGE_CURVE('',#7058,#7059,#8060,.T.);
#5568=EDGE_CURVE('',#7059,#7060,#8061,.T.);
#5569=EDGE_CURVE('',#7060,#7061,#2545,.T.);
#5570=EDGE_CURVE('',#7061,#7062,#2546,.T.);
#5571=EDGE_CURVE('',#7062,#7063,#8062,.T.);
#5572=EDGE_CURVE('',#7063,#7064,#8063,.T.);
#5573=EDGE_CURVE('',#7064,#7065,#8064,.T.);
#5574=EDGE_CURVE('',#7065,#7066,#163,.T.);
#5575=EDGE_CURVE('',#7066,#7067,#8065,.F.);
#5576=EDGE_CURVE('',#7067,#7068,#2547,.T.);
#5577=EDGE_CURVE('',#7068,#7069,#8066,.F.);
#5578=EDGE_CURVE('',#7069,#7070,#8067,.F.);
#5579=EDGE_CURVE('',#7070,#7051,#8068,.F.);
#5580=EDGE_CURVE('',#7071,#7072,#8069,.F.);
#5581=EDGE_CURVE('',#7072,#7073,#8070,.F.);
#5582=EDGE_CURVE('',#7073,#7074,#8071,.F.);
#5583=EDGE_CURVE('',#7074,#7075,#8072,.F.);
#5584=EDGE_CURVE('',#7075,#7076,#8073,.F.);
#5585=EDGE_CURVE('',#7076,#7077,#164,.T.);
#5586=EDGE_CURVE('',#7077,#7078,#165,.T.);
#5587=EDGE_CURVE('',#7078,#7079,#166,.T.);
#5588=EDGE_CURVE('',#7079,#7080,#167,.T.);
#5589=EDGE_CURVE('',#7080,#7081,#168,.T.);
#5590=EDGE_CURVE('',#7081,#7082,#8074,.F.);
#5591=EDGE_CURVE('',#7082,#7083,#8075,.F.);
#5592=EDGE_CURVE('',#7083,#7084,#8076,.F.);
#5593=EDGE_CURVE('',#7084,#7085,#8077,.F.);
#5594=EDGE_CURVE('',#7085,#7071,#8078,.F.);
#5595=EDGE_CURVE('',#7086,#7087,#169,.T.);
#5596=EDGE_CURVE('',#7088,#7086,#2548,.T.);
#5597=EDGE_CURVE('',#7089,#7088,#170,.T.);
#5598=EDGE_CURVE('',#7090,#7089,#2549,.T.);
#5599=EDGE_CURVE('',#7091,#7090,#171,.T.);
#5600=EDGE_CURVE('',#7092,#7091,#2550,.T.);
#5601=EDGE_CURVE('',#7093,#7092,#172,.T.);
#5602=EDGE_CURVE('',#7087,#7093,#2551,.T.);
#5603=EDGE_CURVE('',#7094,#7095,#8079,.F.);
#5604=EDGE_CURVE('',#7095,#7096,#173,.T.);
#5605=EDGE_CURVE('',#7096,#7097,#2552,.T.);
#5606=EDGE_CURVE('',#7097,#7098,#8080,.T.);
#5607=EDGE_CURVE('',#7098,#7099,#8081,.T.);
#5608=EDGE_CURVE('',#7099,#7100,#8082,.T.);
#5609=EDGE_CURVE('',#7100,#7101,#174,.T.);
#5610=EDGE_CURVE('',#7101,#7102,#8083,.F.);
#5611=EDGE_CURVE('',#7102,#7103,#2553,.T.);
#5612=EDGE_CURVE('',#7103,#7104,#8084,.F.);
#5613=EDGE_CURVE('',#7104,#7105,#8085,.F.);
#5614=EDGE_CURVE('',#7105,#7106,#8086,.F.);
#5615=EDGE_CURVE('',#7106,#7107,#8087,.F.);
#5616=EDGE_CURVE('',#7107,#7108,#8088,.F.);
#5617=EDGE_CURVE('',#7108,#7109,#8089,.F.);
#5618=EDGE_CURVE('',#7109,#7110,#8090,.F.);
#5619=EDGE_CURVE('',#7110,#7111,#8091,.F.);
#5620=EDGE_CURVE('',#7111,#7094,#8092,.F.);
#5621=EDGE_CURVE('',#7112,#7113,#8093,.F.);
#5622=EDGE_CURVE('',#7113,#7114,#8094,.F.);
#5623=EDGE_CURVE('',#7114,#7115,#8095,.F.);
#5624=EDGE_CURVE('',#7115,#7116,#8096,.F.);
#5625=EDGE_CURVE('',#7116,#7117,#8097,.F.);
#5626=EDGE_CURVE('',#7117,#7118,#8098,.F.);
#5627=EDGE_CURVE('',#7118,#7119,#8099,.F.);
#5628=EDGE_CURVE('',#7119,#7120,#8100,.F.);
#5629=EDGE_CURVE('',#7120,#7121,#8101,.F.);
#5630=EDGE_CURVE('',#7121,#7122,#8102,.F.);
#5631=EDGE_CURVE('',#7122,#7123,#8103,.F.);
#5632=EDGE_CURVE('',#7123,#7112,#8104,.F.);
#5633=EDGE_CURVE('',#7124,#7125,#175,.T.);
#5634=EDGE_CURVE('',#7125,#7126,#176,.T.);
#5635=EDGE_CURVE('',#7126,#7127,#177,.T.);
#5636=EDGE_CURVE('',#7128,#7127,#178,.T.);
#5637=EDGE_CURVE('',#7128,#7124,#8105,.T.);
#5638=EDGE_CURVE('',#7129,#7130,#179,.T.);
#5639=EDGE_CURVE('',#7130,#7131,#180,.T.);
#5640=EDGE_CURVE('',#7131,#7132,#181,.T.);
#5641=EDGE_CURVE('',#7132,#7133,#182,.T.);
#5642=EDGE_CURVE('',#7133,#7134,#183,.T.);
#5643=EDGE_CURVE('',#7134,#7135,#184,.T.);
#5644=EDGE_CURVE('',#7135,#7136,#185,.T.);
#5645=EDGE_CURVE('',#7136,#7137,#186,.T.);
#5646=EDGE_CURVE('',#7137,#7138,#187,.T.);
#5647=EDGE_CURVE('',#7138,#7139,#188,.T.);
#5648=EDGE_CURVE('',#7139,#7140,#189,.T.);
#5649=EDGE_CURVE('',#7140,#7141,#190,.T.);
#5650=EDGE_CURVE('',#7141,#7142,#191,.T.);
#5651=EDGE_CURVE('',#7142,#7143,#192,.T.);
#5652=EDGE_CURVE('',#7143,#7144,#193,.T.);
#5653=EDGE_CURVE('',#7144,#7145,#194,.T.);
#5654=EDGE_CURVE('',#7145,#7146,#195,.T.);
#5655=EDGE_CURVE('',#7146,#7147,#196,.T.);
#5656=EDGE_CURVE('',#7147,#7148,#197,.T.);
#5657=EDGE_CURVE('',#7148,#7149,#198,.T.);
#5658=EDGE_CURVE('',#7149,#7150,#199,.T.);
#5659=EDGE_CURVE('',#7150,#7151,#200,.T.);
#5660=EDGE_CURVE('',#7151,#7152,#201,.T.);
#5661=EDGE_CURVE('',#7152,#7153,#202,.T.);
#5662=EDGE_CURVE('',#7153,#7154,#203,.T.);
#5663=EDGE_CURVE('',#7154,#7155,#204,.T.);
#5664=EDGE_CURVE('',#7155,#7156,#205,.T.);
#5665=EDGE_CURVE('',#7156,#7157,#206,.T.);
#5666=EDGE_CURVE('',#7157,#7158,#207,.T.);
#5667=EDGE_CURVE('',#7158,#7159,#208,.T.);
#5668=EDGE_CURVE('',#7159,#7160,#209,.T.);
#5669=EDGE_CURVE('',#7160,#7161,#210,.T.);
#5670=EDGE_CURVE('',#7161,#7162,#211,.T.);
#5671=EDGE_CURVE('',#7162,#7163,#212,.T.);
#5672=EDGE_CURVE('',#7163,#7164,#213,.T.);
#5673=EDGE_CURVE('',#7164,#7165,#214,.T.);
#5674=EDGE_CURVE('',#7165,#7166,#215,.T.);
#5675=EDGE_CURVE('',#7166,#7167,#216,.T.);
#5676=EDGE_CURVE('',#7167,#7168,#217,.T.);
#5677=EDGE_CURVE('',#7168,#7169,#218,.T.);
#5678=EDGE_CURVE('',#7169,#7170,#219,.T.);
#5679=EDGE_CURVE('',#7170,#7171,#220,.T.);
#5680=EDGE_CURVE('',#7171,#7172,#221,.T.);
#5681=EDGE_CURVE('',#7172,#7173,#222,.T.);
#5682=EDGE_CURVE('',#7173,#7174,#223,.T.);
#5683=EDGE_CURVE('',#7174,#7175,#224,.T.);
#5684=EDGE_CURVE('',#7175,#7176,#225,.T.);
#5685=EDGE_CURVE('',#7176,#7177,#226,.T.);
#5686=EDGE_CURVE('',#7177,#7178,#227,.T.);
#5687=EDGE_CURVE('',#7178,#7129,#228,.T.);
#5688=EDGE_CURVE('',#7179,#7180,#8106,.T.);
#5689=EDGE_CURVE('',#7179,#7181,#229,.T.);
#5690=EDGE_CURVE('',#7181,#7182,#230,.T.);
#5691=EDGE_CURVE('',#7182,#7183,#231,.T.);
#5692=EDGE_CURVE('',#7184,#7183,#232,.T.);
#5693=EDGE_CURVE('',#7185,#7184,#233,.T.);
#5694=EDGE_CURVE('',#7185,#7186,#234,.T.);
#5695=EDGE_CURVE('',#7187,#7186,#235,.T.);
#5696=EDGE_CURVE('',#7187,#7188,#8107,.T.);
#5697=EDGE_CURVE('',#7180,#7188,#236,.T.);
#5698=EDGE_CURVE('',#7189,#7190,#8108,.F.);
#5699=EDGE_CURVE('',#7190,#7191,#8109,.F.);
#5700=EDGE_CURVE('',#7191,#7192,#8110,.F.);
#5701=EDGE_CURVE('',#7192,#7193,#8111,.F.);
#5702=EDGE_CURVE('',#7193,#7194,#8112,.F.);
#5703=EDGE_CURVE('',#7194,#7195,#8113,.F.);
#5704=EDGE_CURVE('',#7195,#7196,#8114,.F.);
#5705=EDGE_CURVE('',#7196,#7197,#8115,.F.);
#5706=EDGE_CURVE('',#7197,#7198,#8116,.F.);
#5707=EDGE_CURVE('',#7198,#7199,#8117,.F.);
#5708=EDGE_CURVE('',#7199,#7200,#237,.T.);
#5709=EDGE_CURVE('',#7200,#7201,#238,.T.);
#5710=EDGE_CURVE('',#7201,#7202,#239,.T.);
#5711=EDGE_CURVE('',#7202,#7203,#240,.T.);
#5712=EDGE_CURVE('',#7203,#7189,#241,.T.);
#5713=EDGE_CURVE('',#7204,#7205,#242,.T.);
#5714=EDGE_CURVE('',#7205,#7206,#243,.T.);
#5715=EDGE_CURVE('',#7206,#7207,#244,.T.);
#5716=EDGE_CURVE('',#7207,#7208,#245,.T.);
#5717=EDGE_CURVE('',#7208,#7209,#246,.T.);
#5718=EDGE_CURVE('',#7209,#7210,#247,.T.);
#5719=EDGE_CURVE('',#7210,#7211,#248,.T.);
#5720=EDGE_CURVE('',#7211,#7212,#249,.T.);
#5721=EDGE_CURVE('',#7212,#7213,#250,.T.);
#5722=EDGE_CURVE('',#7213,#7214,#251,.T.);
#5723=EDGE_CURVE('',#7214,#7215,#252,.T.);
#5724=EDGE_CURVE('',#7215,#7216,#253,.T.);
#5725=EDGE_CURVE('',#7216,#7204,#254,.T.);
#5726=EDGE_CURVE('',#7217,#7218,#2554,.T.);
#5727=EDGE_CURVE('',#7219,#7217,#255,.T.);
#5728=EDGE_CURVE('',#7220,#7219,#2555,.T.);
#5729=EDGE_CURVE('',#7221,#7220,#256,.T.);
#5730=EDGE_CURVE('',#7222,#7221,#2556,.T.);
#5731=EDGE_CURVE('',#7223,#7222,#257,.T.);
#5732=EDGE_CURVE('',#7224,#7223,#2557,.T.);
#5733=EDGE_CURVE('',#7224,#7218,#258,.T.);
#5734=EDGE_CURVE('',#7225,#7226,#8118,.F.);
#5735=EDGE_CURVE('',#7226,#7227,#8119,.F.);
#5736=EDGE_CURVE('',#7227,#7228,#259,.T.);
#5737=EDGE_CURVE('',#7228,#7229,#260,.T.);
#5738=EDGE_CURVE('',#7229,#7230,#2558,.T.);
#5739=EDGE_CURVE('',#7230,#7231,#261,.T.);
#5740=EDGE_CURVE('',#7231,#7232,#262,.T.);
#5741=EDGE_CURVE('',#7232,#7233,#263,.T.);
#5742=EDGE_CURVE('',#7233,#7234,#264,.T.);
#5743=EDGE_CURVE('',#7234,#7225,#265,.T.);
#5744=EDGE_CURVE('',#7235,#7236,#8120,.T.);
#5745=EDGE_CURVE('',#7235,#7237,#266,.T.);
#5746=EDGE_CURVE('',#7237,#7238,#267,.T.);
#5747=EDGE_CURVE('',#7239,#7238,#268,.T.);
#5748=EDGE_CURVE('',#7239,#7236,#269,.T.);
#5749=EDGE_CURVE('',#7240,#7241,#270,.T.);
#5750=EDGE_CURVE('',#7241,#7242,#271,.T.);
#5751=EDGE_CURVE('',#7243,#7242,#272,.T.);
#5752=EDGE_CURVE('',#7240,#7243,#273,.T.);
#5753=EDGE_CURVE('',#7244,#7245,#274,.T.);
#5754=EDGE_CURVE('',#7246,#7244,#275,.T.);
#5755=EDGE_CURVE('',#7247,#7246,#276,.T.);
#5756=EDGE_CURVE('',#7248,#7247,#277,.T.);
#5757=EDGE_CURVE('',#7249,#7248,#278,.T.);
#5758=EDGE_CURVE('',#7250,#7249,#279,.T.);
#5759=EDGE_CURVE('',#7251,#7250,#280,.T.);
#5760=EDGE_CURVE('',#7252,#7251,#281,.T.);
#5761=EDGE_CURVE('',#7253,#7252,#282,.T.);
#5762=EDGE_CURVE('',#7254,#7253,#283,.T.);
#5763=EDGE_CURVE('',#7255,#7254,#284,.T.);
#5764=EDGE_CURVE('',#7256,#7255,#285,.T.);
#5765=EDGE_CURVE('',#7257,#7256,#286,.T.);
#5766=EDGE_CURVE('',#7258,#7257,#287,.T.);
#5767=EDGE_CURVE('',#7259,#7258,#288,.T.);
#5768=EDGE_CURVE('',#7260,#7259,#289,.T.);
#5769=EDGE_CURVE('',#7261,#7260,#290,.T.);
#5770=EDGE_CURVE('',#7262,#7261,#291,.T.);
#5771=EDGE_CURVE('',#7263,#7262,#292,.T.);
#5772=EDGE_CURVE('',#7264,#7263,#293,.T.);
#5773=EDGE_CURVE('',#7265,#7264,#294,.T.);
#5774=EDGE_CURVE('',#7266,#7265,#295,.T.);
#5775=EDGE_CURVE('',#7267,#7266,#296,.T.);
#5776=EDGE_CURVE('',#7268,#7267,#297,.T.);
#5777=EDGE_CURVE('',#7269,#7268,#298,.T.);
#5778=EDGE_CURVE('',#7270,#7269,#299,.T.);
#5779=EDGE_CURVE('',#7271,#7270,#300,.T.);
#5780=EDGE_CURVE('',#7272,#7271,#301,.T.);
#5781=EDGE_CURVE('',#7273,#7272,#302,.T.);
#5782=EDGE_CURVE('',#7274,#7273,#303,.T.);
#5783=EDGE_CURVE('',#7275,#7274,#304,.T.);
#5784=EDGE_CURVE('',#7276,#7275,#305,.T.);
#5785=EDGE_CURVE('',#7277,#7276,#306,.T.);
#5786=EDGE_CURVE('',#7278,#7277,#307,.T.);
#5787=EDGE_CURVE('',#7279,#7278,#308,.T.);
#5788=EDGE_CURVE('',#7280,#7279,#309,.T.);
#5789=EDGE_CURVE('',#7281,#7280,#310,.T.);
#5790=EDGE_CURVE('',#7282,#7281,#311,.T.);
#5791=EDGE_CURVE('',#7283,#7282,#312,.T.);
#5792=EDGE_CURVE('',#7284,#7283,#313,.T.);
#5793=EDGE_CURVE('',#7285,#7284,#314,.T.);
#5794=EDGE_CURVE('',#7286,#7285,#315,.T.);
#5795=EDGE_CURVE('',#7287,#7286,#316,.T.);
#5796=EDGE_CURVE('',#7288,#7287,#317,.T.);
#5797=EDGE_CURVE('',#7289,#7288,#318,.T.);
#5798=EDGE_CURVE('',#7290,#7289,#319,.T.);
#5799=EDGE_CURVE('',#7291,#7290,#320,.T.);
#5800=EDGE_CURVE('',#7292,#7291,#321,.T.);
#5801=EDGE_CURVE('',#7293,#7292,#322,.T.);
#5802=EDGE_CURVE('',#7245,#7293,#323,.T.);
#5803=EDGE_CURVE('',#7294,#7295,#324,.T.);
#5804=EDGE_CURVE('',#7296,#7294,#325,.T.);
#5805=EDGE_CURVE('',#7297,#7296,#326,.T.);
#5806=EDGE_CURVE('',#7298,#7297,#327,.T.);
#5807=EDGE_CURVE('',#7299,#7298,#328,.T.);
#5808=EDGE_CURVE('',#7300,#7299,#329,.T.);
#5809=EDGE_CURVE('',#7301,#7300,#330,.T.);
#5810=EDGE_CURVE('',#7302,#7301,#331,.T.);
#5811=EDGE_CURVE('',#7303,#7302,#332,.T.);
#5812=EDGE_CURVE('',#7304,#7303,#333,.T.);
#5813=EDGE_CURVE('',#7305,#7304,#334,.T.);
#5814=EDGE_CURVE('',#7306,#7305,#335,.T.);
#5815=EDGE_CURVE('',#7307,#7306,#336,.T.);
#5816=EDGE_CURVE('',#7308,#7307,#337,.T.);
#5817=EDGE_CURVE('',#7309,#7308,#338,.T.);
#5818=EDGE_CURVE('',#7310,#7309,#339,.T.);
#5819=EDGE_CURVE('',#7311,#7310,#340,.T.);
#5820=EDGE_CURVE('',#7312,#7311,#341,.T.);
#5821=EDGE_CURVE('',#7313,#7312,#342,.T.);
#5822=EDGE_CURVE('',#7314,#7313,#343,.T.);
#5823=EDGE_CURVE('',#7315,#7314,#344,.T.);
#5824=EDGE_CURVE('',#7316,#7315,#345,.T.);
#5825=EDGE_CURVE('',#7317,#7316,#346,.T.);
#5826=EDGE_CURVE('',#7318,#7317,#347,.T.);
#5827=EDGE_CURVE('',#7319,#7318,#348,.T.);
#5828=EDGE_CURVE('',#7320,#7319,#349,.T.);
#5829=EDGE_CURVE('',#7321,#7320,#350,.T.);
#5830=EDGE_CURVE('',#7322,#7321,#351,.T.);
#5831=EDGE_CURVE('',#7323,#7322,#352,.T.);
#5832=EDGE_CURVE('',#7324,#7323,#353,.T.);
#5833=EDGE_CURVE('',#7325,#7324,#354,.T.);
#5834=EDGE_CURVE('',#7326,#7325,#355,.T.);
#5835=EDGE_CURVE('',#7327,#7326,#356,.T.);
#5836=EDGE_CURVE('',#7328,#7327,#357,.T.);
#5837=EDGE_CURVE('',#7329,#7328,#358,.T.);
#5838=EDGE_CURVE('',#7330,#7329,#359,.T.);
#5839=EDGE_CURVE('',#7331,#7330,#360,.T.);
#5840=EDGE_CURVE('',#7332,#7331,#361,.T.);
#5841=EDGE_CURVE('',#7333,#7332,#362,.T.);
#5842=EDGE_CURVE('',#7334,#7333,#363,.T.);
#5843=EDGE_CURVE('',#7335,#7334,#364,.T.);
#5844=EDGE_CURVE('',#7336,#7335,#365,.T.);
#5845=EDGE_CURVE('',#7337,#7336,#366,.T.);
#5846=EDGE_CURVE('',#7338,#7337,#367,.T.);
#5847=EDGE_CURVE('',#7339,#7338,#368,.T.);
#5848=EDGE_CURVE('',#7340,#7339,#369,.T.);
#5849=EDGE_CURVE('',#7341,#7340,#370,.T.);
#5850=EDGE_CURVE('',#7342,#7341,#371,.T.);
#5851=EDGE_CURVE('',#7343,#7342,#372,.T.);
#5852=EDGE_CURVE('',#7295,#7343,#373,.T.);
#5853=EDGE_CURVE('',#7344,#7345,#374,.T.);
#5854=EDGE_CURVE('',#7345,#7346,#375,.T.);
#5855=EDGE_CURVE('',#7346,#7347,#376,.T.);
#5856=EDGE_CURVE('',#7347,#7348,#377,.T.);
#5857=EDGE_CURVE('',#7348,#7349,#378,.T.);
#5858=EDGE_CURVE('',#7349,#7350,#379,.T.);
#5859=EDGE_CURVE('',#7350,#7351,#380,.T.);
#5860=EDGE_CURVE('',#7351,#7352,#381,.T.);
#5861=EDGE_CURVE('',#7352,#7353,#382,.T.);
#5862=EDGE_CURVE('',#7353,#7354,#383,.T.);
#5863=EDGE_CURVE('',#7354,#7355,#384,.T.);
#5864=EDGE_CURVE('',#7355,#7356,#385,.T.);
#5865=EDGE_CURVE('',#7356,#7357,#386,.T.);
#5866=EDGE_CURVE('',#7357,#7358,#387,.T.);
#5867=EDGE_CURVE('',#7358,#7359,#388,.T.);
#5868=EDGE_CURVE('',#7359,#7360,#389,.T.);
#5869=EDGE_CURVE('',#7360,#7361,#390,.T.);
#5870=EDGE_CURVE('',#7361,#7362,#391,.T.);
#5871=EDGE_CURVE('',#7362,#7363,#392,.T.);
#5872=EDGE_CURVE('',#7363,#7364,#393,.T.);
#5873=EDGE_CURVE('',#7364,#7365,#394,.T.);
#5874=EDGE_CURVE('',#7365,#7366,#395,.T.);
#5875=EDGE_CURVE('',#7366,#7367,#396,.T.);
#5876=EDGE_CURVE('',#7367,#7368,#397,.T.);
#5877=EDGE_CURVE('',#7368,#7369,#398,.T.);
#5878=EDGE_CURVE('',#7369,#7370,#399,.T.);
#5879=EDGE_CURVE('',#7370,#7371,#400,.T.);
#5880=EDGE_CURVE('',#7371,#7372,#401,.T.);
#5881=EDGE_CURVE('',#7372,#7373,#402,.T.);
#5882=EDGE_CURVE('',#7373,#7374,#403,.T.);
#5883=EDGE_CURVE('',#7374,#7375,#404,.T.);
#5884=EDGE_CURVE('',#7375,#7376,#405,.T.);
#5885=EDGE_CURVE('',#7376,#7377,#406,.T.);
#5886=EDGE_CURVE('',#7377,#7378,#407,.T.);
#5887=EDGE_CURVE('',#7378,#7379,#408,.T.);
#5888=EDGE_CURVE('',#7379,#7380,#409,.T.);
#5889=EDGE_CURVE('',#7380,#7381,#410,.T.);
#5890=EDGE_CURVE('',#7381,#7382,#411,.T.);
#5891=EDGE_CURVE('',#7382,#7383,#412,.T.);
#5892=EDGE_CURVE('',#7383,#7384,#413,.T.);
#5893=EDGE_CURVE('',#7384,#7385,#414,.T.);
#5894=EDGE_CURVE('',#7385,#7386,#415,.T.);
#5895=EDGE_CURVE('',#7386,#7387,#416,.T.);
#5896=EDGE_CURVE('',#7387,#7388,#417,.T.);
#5897=EDGE_CURVE('',#7388,#7389,#418,.T.);
#5898=EDGE_CURVE('',#7389,#7390,#419,.T.);
#5899=EDGE_CURVE('',#7390,#7391,#420,.T.);
#5900=EDGE_CURVE('',#7391,#7392,#421,.T.);
#5901=EDGE_CURVE('',#7392,#7393,#422,.T.);
#5902=EDGE_CURVE('',#7393,#7344,#423,.T.);
#5903=EDGE_CURVE('',#7394,#7395,#2559,.T.);
#5904=EDGE_CURVE('',#7395,#7396,#424,.T.);
#5905=EDGE_CURVE('',#7396,#7397,#2560,.T.);
#5906=EDGE_CURVE('',#7398,#7397,#425,.T.);
#5907=EDGE_CURVE('',#7398,#7399,#2561,.T.);
#5908=EDGE_CURVE('',#7399,#7400,#426,.T.);
#5909=EDGE_CURVE('',#7400,#7401,#2562,.T.);
#5910=EDGE_CURVE('',#7401,#7394,#427,.T.);
#5911=EDGE_CURVE('',#7402,#7403,#428,.T.);
#5912=EDGE_CURVE('',#7402,#7404,#8121,.T.);
#5913=EDGE_CURVE('',#7404,#7405,#429,.T.);
#5914=EDGE_CURVE('',#7405,#7406,#430,.T.);
#5915=EDGE_CURVE('',#7407,#7406,#431,.T.);
#5916=EDGE_CURVE('',#7408,#7407,#432,.T.);
#5917=EDGE_CURVE('',#7408,#7409,#433,.T.);
#5918=EDGE_CURVE('',#7409,#7410,#434,.T.);
#5919=EDGE_CURVE('',#7411,#7410,#435,.T.);
#5920=EDGE_CURVE('',#7411,#7412,#436,.T.);
#5921=EDGE_CURVE('',#7403,#7412,#437,.T.);
#5922=EDGE_CURVE('',#7413,#7414,#438,.T.);
#5923=EDGE_CURVE('',#7414,#7415,#439,.T.);
#5924=EDGE_CURVE('',#7415,#7416,#440,.T.);
#5925=EDGE_CURVE('',#7413,#7416,#441,.T.);
#5926=EDGE_CURVE('',#7417,#7418,#442,.T.);
#5927=EDGE_CURVE('',#7418,#7419,#443,.T.);
#5928=EDGE_CURVE('',#7419,#7420,#444,.T.);
#5929=EDGE_CURVE('',#7421,#7420,#445,.T.);
#5930=EDGE_CURVE('',#7421,#7240,#446,.T.);
#5931=EDGE_CURVE('',#7243,#7422,#447,.T.);
#5932=EDGE_CURVE('',#7417,#7422,#448,.T.);
#5933=EDGE_CURVE('',#7423,#7424,#449,.T.);
#5934=EDGE_CURVE('',#7423,#7425,#450,.T.);
#5935=EDGE_CURVE('',#7425,#7426,#451,.T.);
#5936=EDGE_CURVE('',#7427,#7426,#452,.T.);
#5937=EDGE_CURVE('',#7428,#7427,#453,.T.);
#5938=EDGE_CURVE('',#7428,#7424,#454,.T.);
#5939=EDGE_CURVE('',#7425,#7429,#455,.T.);
#5940=EDGE_CURVE('',#7429,#7430,#456,.T.);
#5941=EDGE_CURVE('',#7430,#7431,#457,.T.);
#5942=EDGE_CURVE('',#7432,#7431,#458,.T.);
#5943=EDGE_CURVE('',#7432,#7433,#459,.T.);
#5944=EDGE_CURVE('',#7433,#7434,#460,.T.);
#5945=EDGE_CURVE('',#7426,#7434,#461,.T.);
#5946=EDGE_CURVE('',#7427,#7435,#462,.T.);
#5947=EDGE_CURVE('',#7435,#7436,#463,.T.);
#5948=EDGE_CURVE('',#7436,#7408,#464,.T.);
#5949=EDGE_CURVE('',#7407,#7185,#465,.T.);
#5950=EDGE_CURVE('',#7184,#7428,#466,.T.);
#5951=EDGE_CURVE('',#7418,#7437,#467,.T.);
#5952=EDGE_CURVE('',#7417,#7438,#468,.T.);
#5953=EDGE_CURVE('',#7438,#7409,#469,.T.);
#5954=EDGE_CURVE('',#7436,#7439,#470,.T.);
#5955=EDGE_CURVE('',#7439,#7440,#8122,.T.);
#5956=EDGE_CURVE('',#7440,#7441,#471,.T.);
#5957=EDGE_CURVE('',#7441,#7442,#8123,.T.);
#5958=EDGE_CURVE('',#7442,#7443,#472,.T.);
#5959=EDGE_CURVE('',#7444,#7443,#473,.T.);
#5960=EDGE_CURVE('',#7445,#7444,#474,.T.);
#5961=EDGE_CURVE('',#7446,#7445,#475,.T.);
#5962=EDGE_CURVE('',#7447,#7446,#8124,.T.);
#5963=EDGE_CURVE('',#7448,#7447,#8125,.T.);
#5964=EDGE_CURVE('',#7448,#7449,#476,.T.);
#5965=EDGE_CURVE('',#7450,#7449,#8126,.T.);
#5966=EDGE_CURVE('',#7450,#7437,#8127,.T.);
#5967=EDGE_CURVE('',#7451,#7451,#8128,.F.);
#5968=EDGE_CURVE('',#7452,#7452,#8129,.F.);
#5969=EDGE_CURVE('',#7453,#7453,#8130,.F.);
#5970=EDGE_CURVE('',#7454,#7454,#8131,.F.);
#5971=EDGE_CURVE('',#7455,#7413,#477,.T.);
#5972=EDGE_CURVE('',#7456,#7455,#478,.T.);
#5973=EDGE_CURVE('',#7414,#7456,#479,.T.);
#5974=EDGE_CURVE('',#7457,#7458,#480,.T.);
#5975=EDGE_CURVE('',#7459,#7458,#481,.T.);
#5976=EDGE_CURVE('',#7460,#7459,#482,.T.);
#5977=EDGE_CURVE('',#7460,#7461,#8132,.T.);
#5978=EDGE_CURVE('',#7462,#7461,#483,.T.);
#5979=EDGE_CURVE('',#7462,#7457,#8133,.T.);
#5980=EDGE_CURVE('',#7415,#7463,#484,.T.);
#5981=EDGE_CURVE('',#7463,#7464,#485,.T.);
#5982=EDGE_CURVE('',#7464,#7416,#486,.T.);
#5983=EDGE_CURVE('',#7465,#7465,#8134,.T.);
#5984=EDGE_CURVE('',#7466,#7466,#8135,.T.);
#5985=EDGE_CURVE('',#7467,#7467,#8136,.T.);
#5986=EDGE_CURVE('',#7468,#7468,#8137,.T.);
#5987=EDGE_CURVE('',#7469,#7470,#8138,.T.);
#5988=EDGE_CURVE('',#7470,#7435,#487,.T.);
#5989=EDGE_CURVE('',#7420,#7434,#488,.T.);
#5990=EDGE_CURVE('',#7419,#7471,#489,.T.);
#5991=EDGE_CURVE('',#7472,#7471,#8139,.T.);
#5992=EDGE_CURVE('',#7472,#7473,#8140,.T.);
#5993=EDGE_CURVE('',#7474,#7473,#490,.T.);
#5994=EDGE_CURVE('',#7474,#7475,#8141,.T.);
#5995=EDGE_CURVE('',#7475,#7476,#8142,.T.);
#5996=EDGE_CURVE('',#7476,#7477,#491,.T.);
#5997=EDGE_CURVE('',#7477,#7478,#492,.T.);
#5998=EDGE_CURVE('',#7479,#7478,#493,.T.);
#5999=EDGE_CURVE('',#7479,#7480,#494,.T.);
#6000=EDGE_CURVE('',#7480,#7481,#8143,.T.);
#6001=EDGE_CURVE('',#7481,#7469,#495,.T.);
#6002=EDGE_CURVE('',#7482,#7483,#496,.T.);
#6003=EDGE_CURVE('',#7484,#7482,#8144,.T.);
#6004=EDGE_CURVE('',#7484,#7485,#497,.T.);
#6005=EDGE_CURVE('',#7486,#7485,#8145,.T.);
#6006=EDGE_CURVE('',#7486,#7487,#498,.T.);
#6007=EDGE_CURVE('',#7487,#7483,#499,.T.);
#6008=EDGE_CURVE('',#7488,#7433,#500,.T.);
#6009=EDGE_CURVE('',#7488,#7489,#501,.T.);
#6010=EDGE_CURVE('',#7421,#7489,#502,.T.);
#6011=EDGE_CURVE('',#7489,#7431,#8146,.T.);
#6012=EDGE_CURVE('',#7430,#7424,#8147,.T.);
#6013=EDGE_CURVE('',#7183,#7241,#503,.T.);
#6014=EDGE_CURVE('',#7490,#7490,#8148,.T.);
#6015=EDGE_CURVE('',#7491,#7491,#8149,.T.);
#6016=EDGE_CURVE('',#7492,#7493,#504,.T.);
#6017=EDGE_CURVE('',#7492,#7238,#505,.T.);
#6018=EDGE_CURVE('',#7494,#7237,#506,.T.);
#6019=EDGE_CURVE('',#7495,#7494,#507,.T.);
#6020=EDGE_CURVE('',#7495,#7186,#508,.T.);
#6021=EDGE_CURVE('',#7406,#7496,#509,.T.);
#6022=EDGE_CURVE('',#7496,#7497,#510,.T.);
#6023=EDGE_CURVE('',#7403,#7497,#511,.T.);
#6024=EDGE_CURVE('',#7412,#7498,#8150,.T.);
#6025=EDGE_CURVE('',#7498,#7499,#512,.T.);
#6026=EDGE_CURVE('',#7499,#7500,#8151,.T.);
#6027=EDGE_CURVE('',#7422,#7500,#513,.T.);
#6028=EDGE_CURVE('',#7182,#7242,#514,.T.);
#6029=EDGE_CURVE('',#7501,#7181,#515,.T.);
#6030=EDGE_CURVE('',#7502,#7501,#516,.T.);
#6031=EDGE_CURVE('',#7502,#7127,#517,.T.);
#6032=EDGE_CURVE('',#7493,#7126,#518,.T.);
#6033=EDGE_CURVE('',#7503,#7503,#8152,.T.);
#6034=EDGE_CURVE('',#7504,#7504,#8153,.T.);
#6035=EDGE_CURVE('',#7505,#7500,#519,.T.);
#6036=EDGE_CURVE('',#7505,#7506,#520,.T.);
#6037=EDGE_CURVE('',#7438,#7506,#521,.T.);
#6038=EDGE_CURVE('',#7444,#7478,#522,.T.);
#6039=EDGE_CURVE('',#7479,#7443,#523,.T.);
#6040=EDGE_CURVE('',#7507,#7507,#8154,.T.);
#6041=EDGE_CURVE('',#7508,#7508,#8155,.T.);
#6042=EDGE_CURVE('',#7509,#7509,#8156,.T.);
#6043=EDGE_CURVE('',#7510,#7506,#524,.T.);
#6044=EDGE_CURVE('',#7510,#7499,#525,.T.);
#6045=EDGE_CURVE('',#7511,#7498,#526,.T.);
#6046=EDGE_CURVE('',#7410,#7511,#527,.T.);
#6047=EDGE_CURVE('',#7470,#7439,#528,.T.);
#6048=EDGE_CURVE('',#7469,#7440,#529,.T.);
#6049=EDGE_CURVE('',#7481,#7441,#530,.T.);
#6050=EDGE_CURVE('',#7480,#7442,#531,.T.);
#6051=EDGE_CURVE('',#7512,#7512,#8157,.T.);
#6052=EDGE_CURVE('',#7513,#7513,#8158,.T.);
#6053=EDGE_CURVE('',#7514,#7514,#8159,.T.);
#6054=EDGE_CURVE('',#7515,#7515,#8160,.T.);
#6055=EDGE_CURVE('',#7516,#7516,#8161,.T.);
#6056=EDGE_CURVE('',#7517,#7517,#8162,.T.);
#6057=EDGE_CURVE('',#7518,#7518,#8163,.T.);
#6058=EDGE_CURVE('',#7519,#7519,#8164,.T.);
#6059=EDGE_CURVE('',#7411,#7511,#8165,.T.);
#6060=EDGE_CURVE('',#7520,#7520,#8166,.T.);
#6061=EDGE_CURVE('',#7510,#7505,#8167,.T.);
#6062=EDGE_CURVE('',#7521,#7521,#8168,.T.);
#6063=EDGE_CURVE('',#7488,#7432,#8169,.T.);
#6064=EDGE_CURVE('',#7522,#7522,#8170,.T.);
#6065=EDGE_CURVE('',#7429,#7423,#8171,.T.);
#6066=EDGE_CURVE('',#7523,#7523,#8172,.T.);
#6067=EDGE_CURVE('',#7458,#7483,#532,.T.);
#6068=EDGE_CURVE('',#7457,#7482,#533,.T.);
#6069=EDGE_CURVE('',#7462,#7484,#534,.T.);
#6070=EDGE_CURVE('',#7461,#7485,#535,.T.);
#6071=EDGE_CURVE('',#7460,#7486,#536,.T.);
#6072=EDGE_CURVE('',#7459,#7487,#537,.T.);
#6073=EDGE_CURVE('',#7446,#7476,#538,.T.);
#6074=EDGE_CURVE('',#7445,#7477,#539,.T.);
#6075=EDGE_CURVE('',#7456,#7463,#540,.T.);
#6076=EDGE_CURVE('',#7455,#7464,#541,.T.);
#6077=EDGE_CURVE('',#7437,#7471,#542,.T.);
#6078=EDGE_CURVE('',#7450,#7472,#543,.T.);
#6079=EDGE_CURVE('',#7449,#7473,#544,.T.);
#6080=EDGE_CURVE('',#7448,#7474,#545,.T.);
#6081=EDGE_CURVE('',#7447,#7475,#546,.T.);
#6082=EDGE_CURVE('',#7395,#7219,#547,.T.);
#6083=EDGE_CURVE('',#7396,#7217,#548,.T.);
#6084=EDGE_CURVE('',#7397,#7218,#549,.T.);
#6085=EDGE_CURVE('',#7398,#7224,#550,.T.);
#6086=EDGE_CURVE('',#7399,#7223,#551,.T.);
#6087=EDGE_CURVE('',#7400,#7222,#552,.T.);
#6088=EDGE_CURVE('',#7401,#7221,#553,.T.);
#6089=EDGE_CURVE('',#7394,#7220,#554,.T.);
#6090=EDGE_CURVE('',#7524,#7086,#555,.T.);
#6091=EDGE_CURVE('',#7525,#7524,#2563,.T.);
#6092=EDGE_CURVE('',#7525,#7088,#556,.T.);
#6093=EDGE_CURVE('',#7526,#7087,#557,.T.);
#6094=EDGE_CURVE('',#7524,#7526,#558,.T.);
#6095=EDGE_CURVE('',#7527,#7093,#559,.T.);
#6096=EDGE_CURVE('',#7526,#7527,#2564,.T.);
#6097=EDGE_CURVE('',#7528,#7092,#560,.T.);
#6098=EDGE_CURVE('',#7527,#7528,#561,.T.);
#6099=EDGE_CURVE('',#7529,#7091,#562,.T.);
#6100=EDGE_CURVE('',#7528,#7529,#2565,.T.);
#6101=EDGE_CURVE('',#7530,#7090,#563,.T.);
#6102=EDGE_CURVE('',#7529,#7530,#564,.T.);
#6103=EDGE_CURVE('',#7531,#7089,#565,.T.);
#6104=EDGE_CURVE('',#7530,#7531,#2566,.T.);
#6105=EDGE_CURVE('',#7531,#7525,#566,.T.);
#6106=EDGE_CURVE('',#7402,#7532,#567,.T.);
#6107=EDGE_CURVE('',#7532,#7533,#8173,.T.);
#6108=EDGE_CURVE('',#7404,#7533,#568,.T.);
#6109=EDGE_CURVE('',#7533,#7534,#569,.T.);
#6110=EDGE_CURVE('',#7405,#7534,#570,.T.);
#6111=EDGE_CURVE('',#7532,#7497,#571,.T.);
#6112=EDGE_CURVE('',#7534,#7496,#572,.T.);
#6113=EDGE_CURVE('',#7535,#7244,#573,.T.);
#6114=EDGE_CURVE('',#7536,#7535,#574,.T.);
#6115=EDGE_CURVE('',#7536,#7246,#575,.T.);
#6116=EDGE_CURVE('',#7537,#7245,#576,.T.);
#6117=EDGE_CURVE('',#7535,#7537,#577,.T.);
#6118=EDGE_CURVE('',#7538,#7293,#578,.T.);
#6119=EDGE_CURVE('',#7537,#7538,#579,.T.);
#6120=EDGE_CURVE('',#7539,#7292,#580,.T.);
#6121=EDGE_CURVE('',#7538,#7539,#581,.T.);
#6122=EDGE_CURVE('',#7540,#7291,#582,.T.);
#6123=EDGE_CURVE('',#7539,#7540,#583,.T.);
#6124=EDGE_CURVE('',#7541,#7290,#584,.T.);
#6125=EDGE_CURVE('',#7540,#7541,#585,.T.);
#6126=EDGE_CURVE('',#7542,#7289,#586,.T.);
#6127=EDGE_CURVE('',#7541,#7542,#587,.T.);
#6128=EDGE_CURVE('',#7543,#7288,#588,.T.);
#6129=EDGE_CURVE('',#7542,#7543,#589,.T.);
#6130=EDGE_CURVE('',#7544,#7287,#590,.T.);
#6131=EDGE_CURVE('',#7543,#7544,#591,.T.);
#6132=EDGE_CURVE('',#7545,#7286,#592,.T.);
#6133=EDGE_CURVE('',#7544,#7545,#593,.T.);
#6134=EDGE_CURVE('',#7546,#7285,#594,.T.);
#6135=EDGE_CURVE('',#7545,#7546,#595,.T.);
#6136=EDGE_CURVE('',#7547,#7284,#596,.T.);
#6137=EDGE_CURVE('',#7546,#7547,#597,.T.);
#6138=EDGE_CURVE('',#7548,#7283,#598,.T.);
#6139=EDGE_CURVE('',#7547,#7548,#599,.T.);
#6140=EDGE_CURVE('',#7549,#7282,#600,.T.);
#6141=EDGE_CURVE('',#7548,#7549,#601,.T.);
#6142=EDGE_CURVE('',#7550,#7281,#602,.T.);
#6143=EDGE_CURVE('',#7549,#7550,#603,.T.);
#6144=EDGE_CURVE('',#7551,#7280,#604,.T.);
#6145=EDGE_CURVE('',#7550,#7551,#605,.T.);
#6146=EDGE_CURVE('',#7552,#7279,#606,.T.);
#6147=EDGE_CURVE('',#7551,#7552,#607,.T.);
#6148=EDGE_CURVE('',#7553,#7278,#608,.T.);
#6149=EDGE_CURVE('',#7552,#7553,#609,.T.);
#6150=EDGE_CURVE('',#7554,#7277,#610,.T.);
#6151=EDGE_CURVE('',#7553,#7554,#611,.T.);
#6152=EDGE_CURVE('',#7555,#7276,#612,.T.);
#6153=EDGE_CURVE('',#7554,#7555,#613,.T.);
#6154=EDGE_CURVE('',#7556,#7275,#614,.T.);
#6155=EDGE_CURVE('',#7555,#7556,#615,.T.);
#6156=EDGE_CURVE('',#7557,#7274,#616,.T.);
#6157=EDGE_CURVE('',#7556,#7557,#617,.T.);
#6158=EDGE_CURVE('',#7558,#7273,#618,.T.);
#6159=EDGE_CURVE('',#7557,#7558,#619,.T.);
#6160=EDGE_CURVE('',#7559,#7272,#620,.T.);
#6161=EDGE_CURVE('',#7558,#7559,#621,.T.);
#6162=EDGE_CURVE('',#7560,#7271,#622,.T.);
#6163=EDGE_CURVE('',#7559,#7560,#623,.T.);
#6164=EDGE_CURVE('',#7561,#7270,#624,.T.);
#6165=EDGE_CURVE('',#7560,#7561,#625,.T.);
#6166=EDGE_CURVE('',#7562,#7269,#626,.T.);
#6167=EDGE_CURVE('',#7561,#7562,#627,.T.);
#6168=EDGE_CURVE('',#7563,#7268,#628,.T.);
#6169=EDGE_CURVE('',#7562,#7563,#629,.T.);
#6170=EDGE_CURVE('',#7564,#7267,#630,.T.);
#6171=EDGE_CURVE('',#7563,#7564,#631,.T.);
#6172=EDGE_CURVE('',#7565,#7266,#632,.T.);
#6173=EDGE_CURVE('',#7564,#7565,#633,.T.);
#6174=EDGE_CURVE('',#7566,#7265,#634,.T.);
#6175=EDGE_CURVE('',#7565,#7566,#635,.T.);
#6176=EDGE_CURVE('',#7567,#7264,#636,.T.);
#6177=EDGE_CURVE('',#7566,#7567,#637,.T.);
#6178=EDGE_CURVE('',#7568,#7263,#638,.T.);
#6179=EDGE_CURVE('',#7567,#7568,#639,.T.);
#6180=EDGE_CURVE('',#7569,#7262,#640,.T.);
#6181=EDGE_CURVE('',#7568,#7569,#641,.T.);
#6182=EDGE_CURVE('',#7570,#7261,#642,.T.);
#6183=EDGE_CURVE('',#7569,#7570,#643,.T.);
#6184=EDGE_CURVE('',#7571,#7260,#644,.T.);
#6185=EDGE_CURVE('',#7570,#7571,#645,.T.);
#6186=EDGE_CURVE('',#7572,#7259,#646,.T.);
#6187=EDGE_CURVE('',#7571,#7572,#647,.T.);
#6188=EDGE_CURVE('',#7573,#7258,#648,.T.);
#6189=EDGE_CURVE('',#7572,#7573,#649,.T.);
#6190=EDGE_CURVE('',#7574,#7257,#650,.T.);
#6191=EDGE_CURVE('',#7573,#7574,#651,.T.);
#6192=EDGE_CURVE('',#7575,#7256,#652,.T.);
#6193=EDGE_CURVE('',#7574,#7575,#653,.T.);
#6194=EDGE_CURVE('',#7576,#7255,#654,.T.);
#6195=EDGE_CURVE('',#7575,#7576,#655,.T.);
#6196=EDGE_CURVE('',#7577,#7254,#656,.T.);
#6197=EDGE_CURVE('',#7576,#7577,#657,.T.);
#6198=EDGE_CURVE('',#7578,#7253,#658,.T.);
#6199=EDGE_CURVE('',#7577,#7578,#659,.T.);
#6200=EDGE_CURVE('',#7579,#7252,#660,.T.);
#6201=EDGE_CURVE('',#7578,#7579,#661,.T.);
#6202=EDGE_CURVE('',#7580,#7251,#662,.T.);
#6203=EDGE_CURVE('',#7579,#7580,#663,.T.);
#6204=EDGE_CURVE('',#7581,#7250,#664,.T.);
#6205=EDGE_CURVE('',#7580,#7581,#665,.T.);
#6206=EDGE_CURVE('',#7582,#7249,#666,.T.);
#6207=EDGE_CURVE('',#7581,#7582,#667,.T.);
#6208=EDGE_CURVE('',#7583,#7248,#668,.T.);
#6209=EDGE_CURVE('',#7582,#7583,#669,.T.);
#6210=EDGE_CURVE('',#7584,#7247,#670,.T.);
#6211=EDGE_CURVE('',#7583,#7584,#671,.T.);
#6212=EDGE_CURVE('',#7584,#7536,#672,.T.);
#6213=EDGE_CURVE('',#7585,#7294,#673,.T.);
#6214=EDGE_CURVE('',#7586,#7585,#674,.T.);
#6215=EDGE_CURVE('',#7586,#7296,#675,.T.);
#6216=EDGE_CURVE('',#7587,#7295,#676,.T.);
#6217=EDGE_CURVE('',#7585,#7587,#677,.T.);
#6218=EDGE_CURVE('',#7588,#7343,#678,.T.);
#6219=EDGE_CURVE('',#7587,#7588,#679,.T.);
#6220=EDGE_CURVE('',#7589,#7342,#680,.T.);
#6221=EDGE_CURVE('',#7588,#7589,#681,.T.);
#6222=EDGE_CURVE('',#7590,#7341,#682,.T.);
#6223=EDGE_CURVE('',#7589,#7590,#683,.T.);
#6224=EDGE_CURVE('',#7591,#7340,#684,.T.);
#6225=EDGE_CURVE('',#7590,#7591,#685,.T.);
#6226=EDGE_CURVE('',#7592,#7339,#686,.T.);
#6227=EDGE_CURVE('',#7591,#7592,#687,.T.);
#6228=EDGE_CURVE('',#7593,#7338,#688,.T.);
#6229=EDGE_CURVE('',#7592,#7593,#689,.T.);
#6230=EDGE_CURVE('',#7594,#7337,#690,.T.);
#6231=EDGE_CURVE('',#7593,#7594,#691,.T.);
#6232=EDGE_CURVE('',#7595,#7336,#692,.T.);
#6233=EDGE_CURVE('',#7594,#7595,#693,.T.);
#6234=EDGE_CURVE('',#7596,#7335,#694,.T.);
#6235=EDGE_CURVE('',#7595,#7596,#695,.T.);
#6236=EDGE_CURVE('',#7597,#7334,#696,.T.);
#6237=EDGE_CURVE('',#7596,#7597,#697,.T.);
#6238=EDGE_CURVE('',#7598,#7333,#698,.T.);
#6239=EDGE_CURVE('',#7597,#7598,#699,.T.);
#6240=EDGE_CURVE('',#7599,#7332,#700,.T.);
#6241=EDGE_CURVE('',#7598,#7599,#701,.T.);
#6242=EDGE_CURVE('',#7600,#7331,#702,.T.);
#6243=EDGE_CURVE('',#7599,#7600,#703,.T.);
#6244=EDGE_CURVE('',#7601,#7330,#704,.T.);
#6245=EDGE_CURVE('',#7600,#7601,#705,.T.);
#6246=EDGE_CURVE('',#7602,#7329,#706,.T.);
#6247=EDGE_CURVE('',#7601,#7602,#707,.T.);
#6248=EDGE_CURVE('',#7603,#7328,#708,.T.);
#6249=EDGE_CURVE('',#7602,#7603,#709,.T.);
#6250=EDGE_CURVE('',#7604,#7327,#710,.T.);
#6251=EDGE_CURVE('',#7603,#7604,#711,.T.);
#6252=EDGE_CURVE('',#7605,#7326,#712,.T.);
#6253=EDGE_CURVE('',#7604,#7605,#713,.T.);
#6254=EDGE_CURVE('',#7606,#7325,#714,.T.);
#6255=EDGE_CURVE('',#7605,#7606,#715,.T.);
#6256=EDGE_CURVE('',#7607,#7324,#716,.T.);
#6257=EDGE_CURVE('',#7606,#7607,#717,.T.);
#6258=EDGE_CURVE('',#7608,#7323,#718,.T.);
#6259=EDGE_CURVE('',#7607,#7608,#719,.T.);
#6260=EDGE_CURVE('',#7609,#7322,#720,.T.);
#6261=EDGE_CURVE('',#7608,#7609,#721,.T.);
#6262=EDGE_CURVE('',#7610,#7321,#722,.T.);
#6263=EDGE_CURVE('',#7609,#7610,#723,.T.);
#6264=EDGE_CURVE('',#7611,#7320,#724,.T.);
#6265=EDGE_CURVE('',#7610,#7611,#725,.T.);
#6266=EDGE_CURVE('',#7612,#7319,#726,.T.);
#6267=EDGE_CURVE('',#7611,#7612,#727,.T.);
#6268=EDGE_CURVE('',#7613,#7318,#728,.T.);
#6269=EDGE_CURVE('',#7612,#7613,#729,.T.);
#6270=EDGE_CURVE('',#7614,#7317,#730,.T.);
#6271=EDGE_CURVE('',#7613,#7614,#731,.T.);
#6272=EDGE_CURVE('',#7615,#7316,#732,.T.);
#6273=EDGE_CURVE('',#7614,#7615,#733,.T.);
#6274=EDGE_CURVE('',#7616,#7315,#734,.T.);
#6275=EDGE_CURVE('',#7615,#7616,#735,.T.);
#6276=EDGE_CURVE('',#7617,#7314,#736,.T.);
#6277=EDGE_CURVE('',#7616,#7617,#737,.T.);
#6278=EDGE_CURVE('',#7618,#7313,#738,.T.);
#6279=EDGE_CURVE('',#7617,#7618,#739,.T.);
#6280=EDGE_CURVE('',#7619,#7312,#740,.T.);
#6281=EDGE_CURVE('',#7618,#7619,#741,.T.);
#6282=EDGE_CURVE('',#7620,#7311,#742,.T.);
#6283=EDGE_CURVE('',#7619,#7620,#743,.T.);
#6284=EDGE_CURVE('',#7621,#7310,#744,.T.);
#6285=EDGE_CURVE('',#7620,#7621,#745,.T.);
#6286=EDGE_CURVE('',#7622,#7309,#746,.T.);
#6287=EDGE_CURVE('',#7621,#7622,#747,.T.);
#6288=EDGE_CURVE('',#7623,#7308,#748,.T.);
#6289=EDGE_CURVE('',#7622,#7623,#749,.T.);
#6290=EDGE_CURVE('',#7624,#7307,#750,.T.);
#6291=EDGE_CURVE('',#7623,#7624,#751,.T.);
#6292=EDGE_CURVE('',#7625,#7306,#752,.T.);
#6293=EDGE_CURVE('',#7624,#7625,#753,.T.);
#6294=EDGE_CURVE('',#7626,#7305,#754,.T.);
#6295=EDGE_CURVE('',#7625,#7626,#755,.T.);
#6296=EDGE_CURVE('',#7627,#7304,#756,.T.);
#6297=EDGE_CURVE('',#7626,#7627,#757,.T.);
#6298=EDGE_CURVE('',#7628,#7303,#758,.T.);
#6299=EDGE_CURVE('',#7627,#7628,#759,.T.);
#6300=EDGE_CURVE('',#7629,#7302,#760,.T.);
#6301=EDGE_CURVE('',#7628,#7629,#761,.T.);
#6302=EDGE_CURVE('',#7630,#7301,#762,.T.);
#6303=EDGE_CURVE('',#7629,#7630,#763,.T.);
#6304=EDGE_CURVE('',#7631,#7300,#764,.T.);
#6305=EDGE_CURVE('',#7630,#7631,#765,.T.);
#6306=EDGE_CURVE('',#7632,#7299,#766,.T.);
#6307=EDGE_CURVE('',#7631,#7632,#767,.T.);
#6308=EDGE_CURVE('',#7633,#7298,#768,.T.);
#6309=EDGE_CURVE('',#7632,#7633,#769,.T.);
#6310=EDGE_CURVE('',#7634,#7297,#770,.T.);
#6311=EDGE_CURVE('',#7633,#7634,#771,.T.);
#6312=EDGE_CURVE('',#7634,#7586,#772,.T.);
#6313=EDGE_CURVE('',#7635,#7636,#773,.T.);
#6314=EDGE_CURVE('',#7637,#7635,#774,.T.);
#6315=EDGE_CURVE('',#7637,#7638,#775,.T.);
#6316=EDGE_CURVE('',#7638,#7636,#776,.T.);
#6317=EDGE_CURVE('',#7639,#7635,#777,.T.);
#6318=EDGE_CURVE('',#7640,#7639,#778,.T.);
#6319=EDGE_CURVE('',#7640,#7637,#779,.T.);
#6320=EDGE_CURVE('',#7641,#7639,#780,.T.);
#6321=EDGE_CURVE('',#7642,#7641,#781,.T.);
#6322=EDGE_CURVE('',#7642,#7640,#782,.T.);
#6323=EDGE_CURVE('',#7643,#7641,#783,.T.);
#6324=EDGE_CURVE('',#7644,#7643,#784,.T.);
#6325=EDGE_CURVE('',#7644,#7642,#785,.T.);
#6326=EDGE_CURVE('',#7645,#7643,#786,.T.);
#6327=EDGE_CURVE('',#7646,#7645,#787,.T.);
#6328=EDGE_CURVE('',#7646,#7644,#788,.T.);
#6329=EDGE_CURVE('',#7647,#7645,#789,.T.);
#6330=EDGE_CURVE('',#7648,#7647,#790,.T.);
#6331=EDGE_CURVE('',#7648,#7646,#791,.T.);
#6332=EDGE_CURVE('',#7649,#7647,#792,.T.);
#6333=EDGE_CURVE('',#7650,#7649,#793,.T.);
#6334=EDGE_CURVE('',#7650,#7648,#794,.T.);
#6335=EDGE_CURVE('',#7651,#7649,#795,.T.);
#6336=EDGE_CURVE('',#7652,#7651,#796,.T.);
#6337=EDGE_CURVE('',#7652,#7650,#797,.T.);
#6338=EDGE_CURVE('',#7653,#7651,#798,.T.);
#6339=EDGE_CURVE('',#7654,#7653,#799,.T.);
#6340=EDGE_CURVE('',#7654,#7652,#800,.T.);
#6341=EDGE_CURVE('',#7655,#7653,#801,.T.);
#6342=EDGE_CURVE('',#7656,#7655,#802,.T.);
#6343=EDGE_CURVE('',#7656,#7654,#803,.T.);
#6344=EDGE_CURVE('',#7657,#7655,#804,.T.);
#6345=EDGE_CURVE('',#7658,#7657,#805,.T.);
#6346=EDGE_CURVE('',#7658,#7656,#806,.T.);
#6347=EDGE_CURVE('',#7659,#7657,#807,.T.);
#6348=EDGE_CURVE('',#7660,#7659,#808,.T.);
#6349=EDGE_CURVE('',#7660,#7658,#809,.T.);
#6350=EDGE_CURVE('',#7661,#7659,#810,.T.);
#6351=EDGE_CURVE('',#7662,#7661,#811,.T.);
#6352=EDGE_CURVE('',#7662,#7660,#812,.T.);
#6353=EDGE_CURVE('',#7663,#7661,#813,.T.);
#6354=EDGE_CURVE('',#7664,#7663,#814,.T.);
#6355=EDGE_CURVE('',#7664,#7662,#815,.T.);
#6356=EDGE_CURVE('',#7665,#7663,#816,.T.);
#6357=EDGE_CURVE('',#7666,#7665,#817,.T.);
#6358=EDGE_CURVE('',#7666,#7664,#818,.T.);
#6359=EDGE_CURVE('',#7667,#7665,#819,.T.);
#6360=EDGE_CURVE('',#7668,#7667,#820,.T.);
#6361=EDGE_CURVE('',#7668,#7666,#821,.T.);
#6362=EDGE_CURVE('',#7669,#7667,#822,.T.);
#6363=EDGE_CURVE('',#7670,#7669,#823,.T.);
#6364=EDGE_CURVE('',#7670,#7668,#824,.T.);
#6365=EDGE_CURVE('',#7671,#7669,#825,.T.);
#6366=EDGE_CURVE('',#7672,#7671,#826,.T.);
#6367=EDGE_CURVE('',#7672,#7670,#827,.T.);
#6368=EDGE_CURVE('',#7673,#7671,#828,.T.);
#6369=EDGE_CURVE('',#7674,#7673,#829,.T.);
#6370=EDGE_CURVE('',#7674,#7672,#830,.T.);
#6371=EDGE_CURVE('',#7675,#7673,#831,.T.);
#6372=EDGE_CURVE('',#7676,#7675,#832,.T.);
#6373=EDGE_CURVE('',#7676,#7674,#833,.T.);
#6374=EDGE_CURVE('',#7677,#7675,#834,.T.);
#6375=EDGE_CURVE('',#7678,#7677,#835,.T.);
#6376=EDGE_CURVE('',#7678,#7676,#836,.T.);
#6377=EDGE_CURVE('',#7679,#7677,#837,.T.);
#6378=EDGE_CURVE('',#7680,#7679,#838,.T.);
#6379=EDGE_CURVE('',#7680,#7678,#839,.T.);
#6380=EDGE_CURVE('',#7681,#7679,#840,.T.);
#6381=EDGE_CURVE('',#7682,#7681,#841,.T.);
#6382=EDGE_CURVE('',#7682,#7680,#842,.T.);
#6383=EDGE_CURVE('',#7683,#7681,#843,.T.);
#6384=EDGE_CURVE('',#7684,#7683,#844,.T.);
#6385=EDGE_CURVE('',#7684,#7682,#845,.T.);
#6386=EDGE_CURVE('',#7685,#7683,#846,.T.);
#6387=EDGE_CURVE('',#7686,#7685,#847,.T.);
#6388=EDGE_CURVE('',#7686,#7684,#848,.T.);
#6389=EDGE_CURVE('',#7687,#7685,#849,.T.);
#6390=EDGE_CURVE('',#7688,#7687,#850,.T.);
#6391=EDGE_CURVE('',#7688,#7686,#851,.T.);
#6392=EDGE_CURVE('',#7689,#7687,#852,.T.);
#6393=EDGE_CURVE('',#7690,#7689,#853,.T.);
#6394=EDGE_CURVE('',#7690,#7688,#854,.T.);
#6395=EDGE_CURVE('',#7691,#7689,#855,.T.);
#6396=EDGE_CURVE('',#7692,#7691,#856,.T.);
#6397=EDGE_CURVE('',#7692,#7690,#857,.T.);
#6398=EDGE_CURVE('',#7693,#7691,#858,.T.);
#6399=EDGE_CURVE('',#7694,#7693,#859,.T.);
#6400=EDGE_CURVE('',#7694,#7692,#860,.T.);
#6401=EDGE_CURVE('',#7695,#7344,#861,.T.);
#6402=EDGE_CURVE('',#7695,#7696,#862,.T.);
#6403=EDGE_CURVE('',#7696,#7345,#863,.T.);
#6404=EDGE_CURVE('',#7697,#7393,#864,.T.);
#6405=EDGE_CURVE('',#7697,#7695,#865,.T.);
#6406=EDGE_CURVE('',#7698,#7392,#866,.T.);
#6407=EDGE_CURVE('',#7698,#7697,#867,.T.);
#6408=EDGE_CURVE('',#7699,#7391,#868,.T.);
#6409=EDGE_CURVE('',#7699,#7698,#869,.T.);
#6410=EDGE_CURVE('',#7700,#7390,#870,.T.);
#6411=EDGE_CURVE('',#7700,#7699,#871,.T.);
#6412=EDGE_CURVE('',#7701,#7389,#872,.T.);
#6413=EDGE_CURVE('',#7701,#7700,#873,.T.);
#6414=EDGE_CURVE('',#7702,#7388,#874,.T.);
#6415=EDGE_CURVE('',#7702,#7701,#875,.T.);
#6416=EDGE_CURVE('',#7703,#7387,#876,.T.);
#6417=EDGE_CURVE('',#7703,#7702,#877,.T.);
#6418=EDGE_CURVE('',#7704,#7386,#878,.T.);
#6419=EDGE_CURVE('',#7704,#7703,#879,.T.);
#6420=EDGE_CURVE('',#7705,#7385,#880,.T.);
#6421=EDGE_CURVE('',#7705,#7704,#881,.T.);
#6422=EDGE_CURVE('',#7706,#7384,#882,.T.);
#6423=EDGE_CURVE('',#7706,#7705,#883,.T.);
#6424=EDGE_CURVE('',#7707,#7383,#884,.T.);
#6425=EDGE_CURVE('',#7707,#7706,#885,.T.);
#6426=EDGE_CURVE('',#7708,#7382,#886,.T.);
#6427=EDGE_CURVE('',#7708,#7707,#887,.T.);
#6428=EDGE_CURVE('',#7709,#7381,#888,.T.);
#6429=EDGE_CURVE('',#7709,#7708,#889,.T.);
#6430=EDGE_CURVE('',#7710,#7380,#890,.T.);
#6431=EDGE_CURVE('',#7710,#7709,#891,.T.);
#6432=EDGE_CURVE('',#7711,#7379,#892,.T.);
#6433=EDGE_CURVE('',#7711,#7710,#893,.T.);
#6434=EDGE_CURVE('',#7712,#7378,#894,.T.);
#6435=EDGE_CURVE('',#7712,#7711,#895,.T.);
#6436=EDGE_CURVE('',#7713,#7377,#896,.T.);
#6437=EDGE_CURVE('',#7713,#7712,#897,.T.);
#6438=EDGE_CURVE('',#7714,#7376,#898,.T.);
#6439=EDGE_CURVE('',#7714,#7713,#899,.T.);
#6440=EDGE_CURVE('',#7715,#7375,#900,.T.);
#6441=EDGE_CURVE('',#7715,#7714,#901,.T.);
#6442=EDGE_CURVE('',#7716,#7374,#902,.T.);
#6443=EDGE_CURVE('',#7716,#7715,#903,.T.);
#6444=EDGE_CURVE('',#7717,#7373,#904,.T.);
#6445=EDGE_CURVE('',#7717,#7716,#905,.T.);
#6446=EDGE_CURVE('',#7718,#7372,#906,.T.);
#6447=EDGE_CURVE('',#7718,#7717,#907,.T.);
#6448=EDGE_CURVE('',#7719,#7371,#908,.T.);
#6449=EDGE_CURVE('',#7719,#7718,#909,.T.);
#6450=EDGE_CURVE('',#7720,#7370,#910,.T.);
#6451=EDGE_CURVE('',#7720,#7719,#911,.T.);
#6452=EDGE_CURVE('',#7721,#7369,#912,.T.);
#6453=EDGE_CURVE('',#7721,#7720,#913,.T.);
#6454=EDGE_CURVE('',#7722,#7368,#914,.T.);
#6455=EDGE_CURVE('',#7722,#7721,#915,.T.);
#6456=EDGE_CURVE('',#7723,#7367,#916,.T.);
#6457=EDGE_CURVE('',#7723,#7722,#917,.T.);
#6458=EDGE_CURVE('',#7724,#7366,#918,.T.);
#6459=EDGE_CURVE('',#7724,#7723,#919,.T.);
#6460=EDGE_CURVE('',#7725,#7365,#920,.T.);
#6461=EDGE_CURVE('',#7725,#7724,#921,.T.);
#6462=EDGE_CURVE('',#7726,#7364,#922,.T.);
#6463=EDGE_CURVE('',#7726,#7725,#923,.T.);
#6464=EDGE_CURVE('',#7727,#7363,#924,.T.);
#6465=EDGE_CURVE('',#7727,#7726,#925,.T.);
#6466=EDGE_CURVE('',#7728,#7362,#926,.T.);
#6467=EDGE_CURVE('',#7728,#7727,#927,.T.);
#6468=EDGE_CURVE('',#7729,#7361,#928,.T.);
#6469=EDGE_CURVE('',#7729,#7728,#929,.T.);
#6470=EDGE_CURVE('',#7730,#7360,#930,.T.);
#6471=EDGE_CURVE('',#7730,#7729,#931,.T.);
#6472=EDGE_CURVE('',#7731,#7359,#932,.T.);
#6473=EDGE_CURVE('',#7731,#7730,#933,.T.);
#6474=EDGE_CURVE('',#7732,#7358,#934,.T.);
#6475=EDGE_CURVE('',#7732,#7731,#935,.T.);
#6476=EDGE_CURVE('',#7733,#7357,#936,.T.);
#6477=EDGE_CURVE('',#7733,#7732,#937,.T.);
#6478=EDGE_CURVE('',#7734,#7356,#938,.T.);
#6479=EDGE_CURVE('',#7734,#7733,#939,.T.);
#6480=EDGE_CURVE('',#7735,#7355,#940,.T.);
#6481=EDGE_CURVE('',#7735,#7734,#941,.T.);
#6482=EDGE_CURVE('',#7736,#7354,#942,.T.);
#6483=EDGE_CURVE('',#7736,#7735,#943,.T.);
#6484=EDGE_CURVE('',#7737,#7353,#944,.T.);
#6485=EDGE_CURVE('',#7737,#7736,#945,.T.);
#6486=EDGE_CURVE('',#7738,#7352,#946,.T.);
#6487=EDGE_CURVE('',#7738,#7737,#947,.T.);
#6488=EDGE_CURVE('',#7739,#7351,#948,.T.);
#6489=EDGE_CURVE('',#7739,#7738,#949,.T.);
#6490=EDGE_CURVE('',#7740,#7350,#950,.T.);
#6491=EDGE_CURVE('',#7740,#7739,#951,.T.);
#6492=EDGE_CURVE('',#7741,#7349,#952,.T.);
#6493=EDGE_CURVE('',#7741,#7740,#953,.T.);
#6494=EDGE_CURVE('',#7742,#7348,#954,.T.);
#6495=EDGE_CURVE('',#7742,#7741,#955,.T.);
#6496=EDGE_CURVE('',#7743,#7347,#956,.T.);
#6497=EDGE_CURVE('',#7743,#7742,#957,.T.);
#6498=EDGE_CURVE('',#7744,#7346,#958,.T.);
#6499=EDGE_CURVE('',#7744,#7743,#959,.T.);
#6500=EDGE_CURVE('',#7696,#7744,#960,.T.);
#6501=EDGE_CURVE('',#7636,#7693,#961,.T.);
#6502=EDGE_CURVE('',#7638,#7694,#962,.T.);
#6503=EDGE_CURVE('',#7745,#7746,#963,.T.);
#6504=EDGE_CURVE('',#7747,#7745,#964,.T.);
#6505=EDGE_CURVE('',#7747,#7748,#965,.T.);
#6506=EDGE_CURVE('',#7748,#7746,#966,.T.);
#6507=EDGE_CURVE('',#7749,#7745,#967,.T.);
#6508=EDGE_CURVE('',#7750,#7749,#968,.T.);
#6509=EDGE_CURVE('',#7750,#7747,#969,.T.);
#6510=EDGE_CURVE('',#7751,#7749,#970,.T.);
#6511=EDGE_CURVE('',#7752,#7751,#971,.T.);
#6512=EDGE_CURVE('',#7752,#7750,#972,.T.);
#6513=EDGE_CURVE('',#7753,#7751,#973,.T.);
#6514=EDGE_CURVE('',#7754,#7753,#974,.T.);
#6515=EDGE_CURVE('',#7754,#7752,#975,.T.);
#6516=EDGE_CURVE('',#7755,#7753,#976,.T.);
#6517=EDGE_CURVE('',#7756,#7755,#977,.T.);
#6518=EDGE_CURVE('',#7756,#7754,#978,.T.);
#6519=EDGE_CURVE('',#7757,#7755,#979,.T.);
#6520=EDGE_CURVE('',#7758,#7757,#980,.T.);
#6521=EDGE_CURVE('',#7758,#7756,#981,.T.);
#6522=EDGE_CURVE('',#7759,#7757,#982,.T.);
#6523=EDGE_CURVE('',#7760,#7759,#983,.T.);
#6524=EDGE_CURVE('',#7760,#7758,#984,.T.);
#6525=EDGE_CURVE('',#7761,#7759,#985,.T.);
#6526=EDGE_CURVE('',#7762,#7761,#986,.T.);
#6527=EDGE_CURVE('',#7762,#7760,#987,.T.);
#6528=EDGE_CURVE('',#7763,#7761,#988,.T.);
#6529=EDGE_CURVE('',#7764,#7763,#989,.T.);
#6530=EDGE_CURVE('',#7764,#7762,#990,.T.);
#6531=EDGE_CURVE('',#7765,#7763,#991,.T.);
#6532=EDGE_CURVE('',#7766,#7765,#992,.T.);
#6533=EDGE_CURVE('',#7766,#7764,#993,.T.);
#6534=EDGE_CURVE('',#7767,#7765,#994,.T.);
#6535=EDGE_CURVE('',#7768,#7767,#995,.T.);
#6536=EDGE_CURVE('',#7768,#7766,#996,.T.);
#6537=EDGE_CURVE('',#7769,#7767,#997,.T.);
#6538=EDGE_CURVE('',#7770,#7769,#998,.T.);
#6539=EDGE_CURVE('',#7770,#7768,#999,.T.);
#6540=EDGE_CURVE('',#7771,#7769,#1000,.T.);
#6541=EDGE_CURVE('',#7772,#7771,#1001,.T.);
#6542=EDGE_CURVE('',#7772,#7770,#1002,.T.);
#6543=EDGE_CURVE('',#7773,#7771,#1003,.T.);
#6544=EDGE_CURVE('',#7774,#7773,#1004,.T.);
#6545=EDGE_CURVE('',#7774,#7772,#1005,.T.);
#6546=EDGE_CURVE('',#7775,#7773,#1006,.T.);
#6547=EDGE_CURVE('',#7776,#7775,#1007,.T.);
#6548=EDGE_CURVE('',#7776,#7774,#1008,.T.);
#6549=EDGE_CURVE('',#7777,#7775,#1009,.T.);
#6550=EDGE_CURVE('',#7778,#7777,#1010,.T.);
#6551=EDGE_CURVE('',#7778,#7776,#1011,.T.);
#6552=EDGE_CURVE('',#7779,#7777,#1012,.T.);
#6553=EDGE_CURVE('',#7780,#7779,#1013,.T.);
#6554=EDGE_CURVE('',#7780,#7778,#1014,.T.);
#6555=EDGE_CURVE('',#7781,#7779,#1015,.T.);
#6556=EDGE_CURVE('',#7782,#7781,#1016,.T.);
#6557=EDGE_CURVE('',#7782,#7780,#1017,.T.);
#6558=EDGE_CURVE('',#7783,#7781,#1018,.T.);
#6559=EDGE_CURVE('',#7784,#7783,#1019,.T.);
#6560=EDGE_CURVE('',#7784,#7782,#1020,.T.);
#6561=EDGE_CURVE('',#7785,#7783,#1021,.T.);
#6562=EDGE_CURVE('',#7786,#7785,#1022,.T.);
#6563=EDGE_CURVE('',#7786,#7784,#1023,.T.);
#6564=EDGE_CURVE('',#7787,#7785,#1024,.T.);
#6565=EDGE_CURVE('',#7788,#7787,#1025,.T.);
#6566=EDGE_CURVE('',#7788,#7786,#1026,.T.);
#6567=EDGE_CURVE('',#7789,#7787,#1027,.T.);
#6568=EDGE_CURVE('',#7790,#7789,#1028,.T.);
#6569=EDGE_CURVE('',#7790,#7788,#1029,.T.);
#6570=EDGE_CURVE('',#7791,#7789,#1030,.T.);
#6571=EDGE_CURVE('',#7792,#7791,#1031,.T.);
#6572=EDGE_CURVE('',#7792,#7790,#1032,.T.);
#6573=EDGE_CURVE('',#7793,#7791,#1033,.T.);
#6574=EDGE_CURVE('',#7794,#7793,#1034,.T.);
#6575=EDGE_CURVE('',#7794,#7792,#1035,.T.);
#6576=EDGE_CURVE('',#7795,#7793,#1036,.T.);
#6577=EDGE_CURVE('',#7796,#7795,#1037,.T.);
#6578=EDGE_CURVE('',#7796,#7794,#1038,.T.);
#6579=EDGE_CURVE('',#7797,#7795,#1039,.T.);
#6580=EDGE_CURVE('',#7798,#7797,#1040,.T.);
#6581=EDGE_CURVE('',#7798,#7796,#1041,.T.);
#6582=EDGE_CURVE('',#7799,#7797,#1042,.T.);
#6583=EDGE_CURVE('',#7800,#7799,#1043,.T.);
#6584=EDGE_CURVE('',#7800,#7798,#1044,.T.);
#6585=EDGE_CURVE('',#7801,#7799,#1045,.T.);
#6586=EDGE_CURVE('',#7802,#7801,#1046,.T.);
#6587=EDGE_CURVE('',#7802,#7800,#1047,.T.);
#6588=EDGE_CURVE('',#7803,#7801,#1048,.T.);
#6589=EDGE_CURVE('',#7804,#7803,#1049,.T.);
#6590=EDGE_CURVE('',#7804,#7802,#1050,.T.);
#6591=EDGE_CURVE('',#7805,#7129,#1051,.T.);
#6592=EDGE_CURVE('',#7805,#7806,#1052,.T.);
#6593=EDGE_CURVE('',#7806,#7130,#1053,.T.);
#6594=EDGE_CURVE('',#7807,#7178,#1054,.T.);
#6595=EDGE_CURVE('',#7807,#7805,#1055,.T.);
#6596=EDGE_CURVE('',#7808,#7177,#1056,.T.);
#6597=EDGE_CURVE('',#7808,#7807,#1057,.T.);
#6598=EDGE_CURVE('',#7809,#7176,#1058,.T.);
#6599=EDGE_CURVE('',#7809,#7808,#1059,.T.);
#6600=EDGE_CURVE('',#7810,#7175,#1060,.T.);
#6601=EDGE_CURVE('',#7810,#7809,#1061,.T.);
#6602=EDGE_CURVE('',#7811,#7174,#1062,.T.);
#6603=EDGE_CURVE('',#7811,#7810,#1063,.T.);
#6604=EDGE_CURVE('',#7812,#7173,#1064,.T.);
#6605=EDGE_CURVE('',#7812,#7811,#1065,.T.);
#6606=EDGE_CURVE('',#7813,#7172,#1066,.T.);
#6607=EDGE_CURVE('',#7813,#7812,#1067,.T.);
#6608=EDGE_CURVE('',#7814,#7171,#1068,.T.);
#6609=EDGE_CURVE('',#7814,#7813,#1069,.T.);
#6610=EDGE_CURVE('',#7815,#7170,#1070,.T.);
#6611=EDGE_CURVE('',#7815,#7814,#1071,.T.);
#6612=EDGE_CURVE('',#7816,#7169,#1072,.T.);
#6613=EDGE_CURVE('',#7816,#7815,#1073,.T.);
#6614=EDGE_CURVE('',#7817,#7168,#1074,.T.);
#6615=EDGE_CURVE('',#7817,#7816,#1075,.T.);
#6616=EDGE_CURVE('',#7818,#7167,#1076,.T.);
#6617=EDGE_CURVE('',#7818,#7817,#1077,.T.);
#6618=EDGE_CURVE('',#7819,#7166,#1078,.T.);
#6619=EDGE_CURVE('',#7819,#7818,#1079,.T.);
#6620=EDGE_CURVE('',#7820,#7165,#1080,.T.);
#6621=EDGE_CURVE('',#7820,#7819,#1081,.T.);
#6622=EDGE_CURVE('',#7821,#7164,#1082,.T.);
#6623=EDGE_CURVE('',#7821,#7820,#1083,.T.);
#6624=EDGE_CURVE('',#7822,#7163,#1084,.T.);
#6625=EDGE_CURVE('',#7822,#7821,#1085,.T.);
#6626=EDGE_CURVE('',#7823,#7162,#1086,.T.);
#6627=EDGE_CURVE('',#7823,#7822,#1087,.T.);
#6628=EDGE_CURVE('',#7824,#7161,#1088,.T.);
#6629=EDGE_CURVE('',#7824,#7823,#1089,.T.);
#6630=EDGE_CURVE('',#7825,#7160,#1090,.T.);
#6631=EDGE_CURVE('',#7825,#7824,#1091,.T.);
#6632=EDGE_CURVE('',#7826,#7159,#1092,.T.);
#6633=EDGE_CURVE('',#7826,#7825,#1093,.T.);
#6634=EDGE_CURVE('',#7827,#7158,#1094,.T.);
#6635=EDGE_CURVE('',#7827,#7826,#1095,.T.);
#6636=EDGE_CURVE('',#7828,#7157,#1096,.T.);
#6637=EDGE_CURVE('',#7828,#7827,#1097,.T.);
#6638=EDGE_CURVE('',#7829,#7156,#1098,.T.);
#6639=EDGE_CURVE('',#7829,#7828,#1099,.T.);
#6640=EDGE_CURVE('',#7830,#7155,#1100,.T.);
#6641=EDGE_CURVE('',#7830,#7829,#1101,.T.);
#6642=EDGE_CURVE('',#7831,#7154,#1102,.T.);
#6643=EDGE_CURVE('',#7831,#7830,#1103,.T.);
#6644=EDGE_CURVE('',#7832,#7153,#1104,.T.);
#6645=EDGE_CURVE('',#7832,#7831,#1105,.T.);
#6646=EDGE_CURVE('',#7833,#7152,#1106,.T.);
#6647=EDGE_CURVE('',#7833,#7832,#1107,.T.);
#6648=EDGE_CURVE('',#7834,#7151,#1108,.T.);
#6649=EDGE_CURVE('',#7834,#7833,#1109,.T.);
#6650=EDGE_CURVE('',#7835,#7150,#1110,.T.);
#6651=EDGE_CURVE('',#7835,#7834,#1111,.T.);
#6652=EDGE_CURVE('',#7836,#7149,#1112,.T.);
#6653=EDGE_CURVE('',#7836,#7835,#1113,.T.);
#6654=EDGE_CURVE('',#7837,#7148,#1114,.T.);
#6655=EDGE_CURVE('',#7837,#7836,#1115,.T.);
#6656=EDGE_CURVE('',#7838,#7147,#1116,.T.);
#6657=EDGE_CURVE('',#7838,#7837,#1117,.T.);
#6658=EDGE_CURVE('',#7839,#7146,#1118,.T.);
#6659=EDGE_CURVE('',#7839,#7838,#1119,.T.);
#6660=EDGE_CURVE('',#7840,#7145,#1120,.T.);
#6661=EDGE_CURVE('',#7840,#7839,#1121,.T.);
#6662=EDGE_CURVE('',#7841,#7144,#1122,.T.);
#6663=EDGE_CURVE('',#7841,#7840,#1123,.T.);
#6664=EDGE_CURVE('',#7842,#7143,#1124,.T.);
#6665=EDGE_CURVE('',#7842,#7841,#1125,.T.);
#6666=EDGE_CURVE('',#7843,#7142,#1126,.T.);
#6667=EDGE_CURVE('',#7843,#7842,#1127,.T.);
#6668=EDGE_CURVE('',#7844,#7141,#1128,.T.);
#6669=EDGE_CURVE('',#7844,#7843,#1129,.T.);
#6670=EDGE_CURVE('',#7845,#7140,#1130,.T.);
#6671=EDGE_CURVE('',#7845,#7844,#1131,.T.);
#6672=EDGE_CURVE('',#7846,#7139,#1132,.T.);
#6673=EDGE_CURVE('',#7846,#7845,#1133,.T.);
#6674=EDGE_CURVE('',#7847,#7138,#1134,.T.);
#6675=EDGE_CURVE('',#7847,#7846,#1135,.T.);
#6676=EDGE_CURVE('',#7848,#7137,#1136,.T.);
#6677=EDGE_CURVE('',#7848,#7847,#1137,.T.);
#6678=EDGE_CURVE('',#7849,#7136,#1138,.T.);
#6679=EDGE_CURVE('',#7849,#7848,#1139,.T.);
#6680=EDGE_CURVE('',#7850,#7135,#1140,.T.);
#6681=EDGE_CURVE('',#7850,#7849,#1141,.T.);
#6682=EDGE_CURVE('',#7851,#7134,#1142,.T.);
#6683=EDGE_CURVE('',#7851,#7850,#1143,.T.);
#6684=EDGE_CURVE('',#7852,#7133,#1144,.T.);
#6685=EDGE_CURVE('',#7852,#7851,#1145,.T.);
#6686=EDGE_CURVE('',#7853,#7132,#1146,.T.);
#6687=EDGE_CURVE('',#7853,#7852,#1147,.T.);
#6688=EDGE_CURVE('',#7854,#7131,#1148,.T.);
#6689=EDGE_CURVE('',#7854,#7853,#1149,.T.);
#6690=EDGE_CURVE('',#7806,#7854,#1150,.T.);
#6691=EDGE_CURVE('',#7746,#7803,#1151,.T.);
#6692=EDGE_CURVE('',#7748,#7804,#1152,.T.);
#6693=EDGE_CURVE('',#7855,#7855,#8174,.T.);
#6694=EDGE_CURVE('',#7856,#7856,#8175,.T.);
#6695=EDGE_CURVE('',#7857,#7857,#8176,.T.);
#6696=EDGE_CURVE('',#7858,#7859,#8177,.T.);
#6697=EDGE_CURVE('',#7860,#7858,#1153,.T.);
#6698=EDGE_CURVE('',#7860,#7861,#8178,.T.);
#6699=EDGE_CURVE('',#7861,#7859,#1154,.T.);
#6700=EDGE_CURVE('',#7862,#7858,#1155,.T.);
#6701=EDGE_CURVE('',#7863,#7862,#1156,.T.);
#6702=EDGE_CURVE('',#7863,#7860,#1157,.T.);
#6703=EDGE_CURVE('',#7864,#7862,#2567,.T.);
#6704=EDGE_CURVE('',#7865,#7864,#1158,.T.);
#6705=EDGE_CURVE('',#7865,#7863,#2568,.T.);
#6706=EDGE_CURVE('',#7866,#7864,#8179,.T.);
#6707=EDGE_CURVE('',#7867,#7866,#1159,.T.);
#6708=EDGE_CURVE('',#7867,#7865,#8180,.T.);
#6709=EDGE_CURVE('',#7868,#7866,#8181,.T.);
#6710=EDGE_CURVE('',#7869,#7868,#1160,.T.);
#6711=EDGE_CURVE('',#7869,#7867,#8182,.T.);
#6712=EDGE_CURVE('',#7870,#7094,#1161,.T.);
#6713=EDGE_CURVE('',#7870,#7871,#8183,.F.);
#6714=EDGE_CURVE('',#7871,#7095,#1162,.T.);
#6715=EDGE_CURVE('',#7872,#7111,#1163,.T.);
#6716=EDGE_CURVE('',#7872,#7870,#8184,.F.);
#6717=EDGE_CURVE('',#7873,#7110,#1164,.T.);
#6718=EDGE_CURVE('',#7873,#7872,#8185,.F.);
#6719=EDGE_CURVE('',#7874,#7109,#1165,.T.);
#6720=EDGE_CURVE('',#7874,#7873,#8186,.F.);
#6721=EDGE_CURVE('',#7875,#7108,#1166,.T.);
#6722=EDGE_CURVE('',#7875,#7874,#8187,.F.);
#6723=EDGE_CURVE('',#7876,#7107,#1167,.T.);
#6724=EDGE_CURVE('',#7876,#7875,#8188,.F.);
#6725=EDGE_CURVE('',#7877,#7106,#1168,.T.);
#6726=EDGE_CURVE('',#7877,#7876,#8189,.F.);
#6727=EDGE_CURVE('',#7878,#7105,#1169,.T.);
#6728=EDGE_CURVE('',#7878,#7877,#8190,.F.);
#6729=EDGE_CURVE('',#7879,#7104,#1170,.T.);
#6730=EDGE_CURVE('',#7879,#7878,#8191,.F.);
#6731=EDGE_CURVE('',#7880,#7103,#1171,.T.);
#6732=EDGE_CURVE('',#7880,#7879,#8192,.F.);
#6733=EDGE_CURVE('',#7881,#7102,#1172,.T.);
#6734=EDGE_CURVE('',#7881,#7880,#2569,.T.);
#6735=EDGE_CURVE('',#7882,#7101,#1173,.T.);
#6736=EDGE_CURVE('',#7882,#7881,#8193,.F.);
#6737=EDGE_CURVE('',#7883,#7100,#1174,.T.);
#6738=EDGE_CURVE('',#7883,#7882,#1175,.T.);
#6739=EDGE_CURVE('',#7884,#7099,#1176,.T.);
#6740=EDGE_CURVE('',#7884,#7883,#8194,.T.);
#6741=EDGE_CURVE('',#7885,#7098,#1177,.T.);
#6742=EDGE_CURVE('',#7885,#7884,#8195,.T.);
#6743=EDGE_CURVE('',#7886,#7097,#1178,.T.);
#6744=EDGE_CURVE('',#7886,#7885,#8196,.T.);
#6745=EDGE_CURVE('',#7887,#7096,#1179,.T.);
#6746=EDGE_CURVE('',#7887,#7886,#2570,.T.);
#6747=EDGE_CURVE('',#7871,#7887,#1180,.T.);
#6748=EDGE_CURVE('',#7859,#7868,#8197,.T.);
#6749=EDGE_CURVE('',#7861,#7869,#8198,.T.);
#6750=EDGE_CURVE('',#7888,#7889,#8199,.T.);
#6751=EDGE_CURVE('',#7890,#7888,#1181,.T.);
#6752=EDGE_CURVE('',#7890,#7891,#8200,.T.);
#6753=EDGE_CURVE('',#7891,#7889,#1182,.T.);
#6754=EDGE_CURVE('',#7892,#7888,#8201,.T.);
#6755=EDGE_CURVE('',#7893,#7892,#1183,.T.);
#6756=EDGE_CURVE('',#7893,#7890,#8202,.T.);
#6757=EDGE_CURVE('',#7894,#7892,#8203,.T.);
#6758=EDGE_CURVE('',#7895,#7894,#1184,.T.);
#6759=EDGE_CURVE('',#7895,#7893,#8204,.T.);
#6760=EDGE_CURVE('',#7896,#7894,#8205,.T.);
#6761=EDGE_CURVE('',#7897,#7896,#1185,.T.);
#6762=EDGE_CURVE('',#7897,#7895,#8206,.T.);
#6763=EDGE_CURVE('',#7898,#7896,#8207,.T.);
#6764=EDGE_CURVE('',#7899,#7898,#1186,.T.);
#6765=EDGE_CURVE('',#7899,#7897,#8208,.T.);
#6766=EDGE_CURVE('',#7900,#7898,#8209,.T.);
#6767=EDGE_CURVE('',#7901,#7900,#1187,.T.);
#6768=EDGE_CURVE('',#7901,#7899,#8210,.T.);
#6769=EDGE_CURVE('',#7902,#7900,#8211,.T.);
#6770=EDGE_CURVE('',#7903,#7902,#1188,.T.);
#6771=EDGE_CURVE('',#7903,#7901,#8212,.T.);
#6772=EDGE_CURVE('',#7904,#7902,#8213,.T.);
#6773=EDGE_CURVE('',#7905,#7904,#1189,.T.);
#6774=EDGE_CURVE('',#7905,#7903,#8214,.T.);
#6775=EDGE_CURVE('',#7906,#7904,#8215,.T.);
#6776=EDGE_CURVE('',#7907,#7906,#1190,.T.);
#6777=EDGE_CURVE('',#7907,#7905,#8216,.T.);
#6778=EDGE_CURVE('',#7908,#7906,#8217,.T.);
#6779=EDGE_CURVE('',#7909,#7908,#1191,.T.);
#6780=EDGE_CURVE('',#7909,#7907,#8218,.T.);
#6781=EDGE_CURVE('',#7910,#7908,#8219,.T.);
#6782=EDGE_CURVE('',#7911,#7910,#1192,.T.);
#6783=EDGE_CURVE('',#7911,#7909,#8220,.T.);
#6784=EDGE_CURVE('',#7912,#7071,#1193,.T.);
#6785=EDGE_CURVE('',#7912,#7913,#8221,.F.);
#6786=EDGE_CURVE('',#7913,#7072,#1194,.T.);
#6787=EDGE_CURVE('',#7914,#7085,#1195,.T.);
#6788=EDGE_CURVE('',#7914,#7912,#8222,.F.);
#6789=EDGE_CURVE('',#7915,#7084,#1196,.T.);
#6790=EDGE_CURVE('',#7915,#7914,#8223,.F.);
#6791=EDGE_CURVE('',#7916,#7083,#1197,.T.);
#6792=EDGE_CURVE('',#7916,#7915,#8224,.F.);
#6793=EDGE_CURVE('',#7917,#7082,#1198,.T.);
#6794=EDGE_CURVE('',#7917,#7916,#8225,.F.);
#6795=EDGE_CURVE('',#7918,#7081,#1199,.T.);
#6796=EDGE_CURVE('',#7918,#7917,#8226,.F.);
#6797=EDGE_CURVE('',#7919,#7080,#1200,.T.);
#6798=EDGE_CURVE('',#7919,#7918,#1201,.T.);
#6799=EDGE_CURVE('',#7920,#7079,#1202,.T.);
#6800=EDGE_CURVE('',#7920,#7919,#1203,.T.);
#6801=EDGE_CURVE('',#7921,#7078,#1204,.T.);
#6802=EDGE_CURVE('',#7921,#7920,#1205,.T.);
#6803=EDGE_CURVE('',#7922,#7077,#1206,.T.);
#6804=EDGE_CURVE('',#7922,#7921,#1207,.T.);
#6805=EDGE_CURVE('',#7923,#7076,#1208,.T.);
#6806=EDGE_CURVE('',#7923,#7922,#1209,.T.);
#6807=EDGE_CURVE('',#7924,#7075,#1210,.T.);
#6808=EDGE_CURVE('',#7924,#7923,#8227,.F.);
#6809=EDGE_CURVE('',#7925,#7074,#1211,.T.);
#6810=EDGE_CURVE('',#7925,#7924,#8228,.F.);
#6811=EDGE_CURVE('',#7926,#7073,#1212,.T.);
#6812=EDGE_CURVE('',#7926,#7925,#8229,.F.);
#6813=EDGE_CURVE('',#7913,#7926,#8230,.F.);
#6814=EDGE_CURVE('',#7889,#7910,#8231,.T.);
#6815=EDGE_CURVE('',#7891,#7911,#8232,.T.);
#6816=EDGE_CURVE('',#7927,#7928,#8233,.T.);
#6817=EDGE_CURVE('',#7929,#7927,#1213,.T.);
#6818=EDGE_CURVE('',#7929,#7930,#8234,.T.);
#6819=EDGE_CURVE('',#7930,#7928,#1214,.T.);
#6820=EDGE_CURVE('',#7931,#7927,#8235,.T.);
#6821=EDGE_CURVE('',#7932,#7931,#1215,.T.);
#6822=EDGE_CURVE('',#7932,#7929,#8236,.T.);
#6823=EDGE_CURVE('',#7933,#7931,#8237,.T.);
#6824=EDGE_CURVE('',#7934,#7933,#1216,.T.);
#6825=EDGE_CURVE('',#7934,#7932,#8238,.T.);
#6826=EDGE_CURVE('',#7935,#7933,#2571,.T.);
#6827=EDGE_CURVE('',#7936,#7935,#1217,.T.);
#6828=EDGE_CURVE('',#7936,#7934,#2572,.T.);
#6829=EDGE_CURVE('',#7937,#7935,#8239,.T.);
#6830=EDGE_CURVE('',#7938,#7937,#1218,.T.);
#6831=EDGE_CURVE('',#7938,#7936,#8240,.T.);
#6832=EDGE_CURVE('',#7939,#7937,#8241,.T.);
#6833=EDGE_CURVE('',#7940,#7939,#1219,.T.);
#6834=EDGE_CURVE('',#7940,#7938,#8242,.T.);
#6835=EDGE_CURVE('',#7941,#7939,#8243,.T.);
#6836=EDGE_CURVE('',#7942,#7941,#1220,.T.);
#6837=EDGE_CURVE('',#7942,#7940,#8244,.T.);
#6838=EDGE_CURVE('',#7943,#7941,#8245,.T.);
#6839=EDGE_CURVE('',#7944,#7943,#1221,.T.);
#6840=EDGE_CURVE('',#7944,#7942,#8246,.T.);
#6841=EDGE_CURVE('',#7945,#7943,#8247,.T.);
#6842=EDGE_CURVE('',#7946,#7945,#1222,.T.);
#6843=EDGE_CURVE('',#7946,#7944,#8248,.T.);
#6844=EDGE_CURVE('',#7947,#7945,#8249,.T.);
#6845=EDGE_CURVE('',#7948,#7947,#1223,.T.);
#6846=EDGE_CURVE('',#7948,#7946,#8250,.T.);
#6847=EDGE_CURVE('',#7949,#7947,#8251,.T.);
#6848=EDGE_CURVE('',#7950,#7949,#1224,.T.);
#6849=EDGE_CURVE('',#7950,#7948,#8252,.T.);
#6850=EDGE_CURVE('',#7951,#7112,#1225,.T.);
#6851=EDGE_CURVE('',#7951,#7952,#8253,.F.);
#6852=EDGE_CURVE('',#7952,#7113,#1226,.T.);
#6853=EDGE_CURVE('',#7953,#7123,#1227,.T.);
#6854=EDGE_CURVE('',#7953,#7951,#8254,.F.);
#6855=EDGE_CURVE('',#7954,#7122,#1228,.T.);
#6856=EDGE_CURVE('',#7954,#7953,#8255,.F.);
#6857=EDGE_CURVE('',#7955,#7121,#1229,.T.);
#6858=EDGE_CURVE('',#7955,#7954,#8256,.F.);
#6859=EDGE_CURVE('',#7956,#7120,#1230,.T.);
#6860=EDGE_CURVE('',#7956,#7955,#8257,.F.);
#6861=EDGE_CURVE('',#7957,#7119,#1231,.T.);
#6862=EDGE_CURVE('',#7957,#7956,#8258,.F.);
#6863=EDGE_CURVE('',#7958,#7118,#1232,.T.);
#6864=EDGE_CURVE('',#7958,#7957,#8259,.F.);
#6865=EDGE_CURVE('',#7959,#7117,#1233,.T.);
#6866=EDGE_CURVE('',#7959,#7958,#8260,.F.);
#6867=EDGE_CURVE('',#7960,#7116,#1234,.T.);
#6868=EDGE_CURVE('',#7960,#7959,#8261,.F.);
#6869=EDGE_CURVE('',#7961,#7115,#1235,.T.);
#6870=EDGE_CURVE('',#7961,#7960,#8262,.F.);
#6871=EDGE_CURVE('',#7962,#7114,#1236,.T.);
#6872=EDGE_CURVE('',#7962,#7961,#8263,.F.);
#6873=EDGE_CURVE('',#7952,#7962,#8264,.F.);
#6874=EDGE_CURVE('',#7928,#7949,#8265,.T.);
#6875=EDGE_CURVE('',#7930,#7950,#8266,.T.);
#6876=EDGE_CURVE('',#7963,#7051,#1237,.T.);
#6877=EDGE_CURVE('',#7963,#7964,#8267,.F.);
#6878=EDGE_CURVE('',#7964,#7052,#1238,.T.);
#6879=EDGE_CURVE('',#7965,#7070,#1239,.T.);
#6880=EDGE_CURVE('',#7965,#7963,#8268,.F.);
#6881=EDGE_CURVE('',#7966,#7069,#1240,.T.);
#6882=EDGE_CURVE('',#7966,#7965,#8269,.F.);
#6883=EDGE_CURVE('',#7967,#7068,#1241,.T.);
#6884=EDGE_CURVE('',#7967,#7966,#8270,.F.);
#6885=EDGE_CURVE('',#7968,#7067,#1242,.T.);
#6886=EDGE_CURVE('',#7968,#7967,#2573,.T.);
#6887=EDGE_CURVE('',#7969,#7066,#1243,.T.);
#6888=EDGE_CURVE('',#7969,#7968,#8271,.F.);
#6889=EDGE_CURVE('',#7970,#7065,#1244,.T.);
#6890=EDGE_CURVE('',#7970,#7969,#1245,.T.);
#6891=EDGE_CURVE('',#7971,#7064,#1246,.T.);
#6892=EDGE_CURVE('',#7971,#7970,#8272,.T.);
#6893=EDGE_CURVE('',#7972,#7063,#1247,.T.);
#6894=EDGE_CURVE('',#7972,#7971,#8273,.T.);
#6895=EDGE_CURVE('',#7973,#7062,#1248,.T.);
#6896=EDGE_CURVE('',#7973,#7972,#8274,.T.);
#6897=EDGE_CURVE('',#7974,#7061,#1249,.T.);
#6898=EDGE_CURVE('',#7974,#7973,#2574,.T.);
#6899=EDGE_CURVE('',#7975,#7060,#1250,.T.);
#6900=EDGE_CURVE('',#7975,#7974,#2575,.T.);
#6901=EDGE_CURVE('',#7976,#7059,#1251,.T.);
#6902=EDGE_CURVE('',#7976,#7975,#8275,.T.);
#6903=EDGE_CURVE('',#7977,#7058,#1252,.T.);
#6904=EDGE_CURVE('',#7977,#7976,#8276,.T.);
#6905=EDGE_CURVE('',#7978,#7057,#1253,.T.);
#6906=EDGE_CURVE('',#7978,#7977,#8277,.T.);
#6907=EDGE_CURVE('',#7979,#7056,#1254,.T.);
#6908=EDGE_CURVE('',#7979,#7978,#1255,.T.);
#6909=EDGE_CURVE('',#7980,#7055,#1256,.T.);
#6910=EDGE_CURVE('',#7980,#7979,#8278,.F.);
#6911=EDGE_CURVE('',#7981,#7054,#1257,.T.);
#6912=EDGE_CURVE('',#7981,#7980,#2576,.T.);
#6913=EDGE_CURVE('',#7982,#7053,#1258,.T.);
#6914=EDGE_CURVE('',#7982,#7981,#8279,.F.);
#6915=EDGE_CURVE('',#7964,#7982,#8280,.F.);
#6916=EDGE_CURVE('',#7983,#7204,#1259,.T.);
#6917=EDGE_CURVE('',#7983,#7984,#1260,.T.);
#6918=EDGE_CURVE('',#7984,#7205,#1261,.T.);
#6919=EDGE_CURVE('',#7985,#7216,#1262,.T.);
#6920=EDGE_CURVE('',#7985,#7983,#1263,.T.);
#6921=EDGE_CURVE('',#7986,#7215,#1264,.T.);
#6922=EDGE_CURVE('',#7986,#7985,#1265,.T.);
#6923=EDGE_CURVE('',#7987,#7214,#1266,.T.);
#6924=EDGE_CURVE('',#7987,#7986,#1267,.T.);
#6925=EDGE_CURVE('',#7988,#7213,#1268,.T.);
#6926=EDGE_CURVE('',#7988,#7987,#1269,.T.);
#6927=EDGE_CURVE('',#7989,#7212,#1270,.T.);
#6928=EDGE_CURVE('',#7989,#7988,#1271,.T.);
#6929=EDGE_CURVE('',#7990,#7211,#1272,.T.);
#6930=EDGE_CURVE('',#7990,#7989,#1273,.T.);
#6931=EDGE_CURVE('',#7991,#7210,#1274,.T.);
#6932=EDGE_CURVE('',#7991,#7990,#1275,.T.);
#6933=EDGE_CURVE('',#7992,#7209,#1276,.T.);
#6934=EDGE_CURVE('',#7992,#7991,#1277,.T.);
#6935=EDGE_CURVE('',#7993,#7208,#1278,.T.);
#6936=EDGE_CURVE('',#7993,#7992,#1279,.T.);
#6937=EDGE_CURVE('',#7994,#7207,#1280,.T.);
#6938=EDGE_CURVE('',#7994,#7993,#1281,.T.);
#6939=EDGE_CURVE('',#7995,#7206,#1282,.T.);
#6940=EDGE_CURVE('',#7995,#7994,#1283,.T.);
#6941=EDGE_CURVE('',#7984,#7995,#1284,.T.);
#6942=EDGE_CURVE('',#7996,#7225,#1285,.T.);
#6943=EDGE_CURVE('',#7996,#7997,#8281,.F.);
#6944=EDGE_CURVE('',#7997,#7226,#1286,.T.);
#6945=EDGE_CURVE('',#7998,#7234,#1287,.T.);
#6946=EDGE_CURVE('',#7998,#7996,#1288,.T.);
#6947=EDGE_CURVE('',#7999,#7233,#1289,.T.);
#6948=EDGE_CURVE('',#7999,#7998,#1290,.T.);
#6949=EDGE_CURVE('',#8000,#7232,#1291,.T.);
#6950=EDGE_CURVE('',#8000,#7999,#1292,.T.);
#6951=EDGE_CURVE('',#8001,#7231,#1293,.T.);
#6952=EDGE_CURVE('',#8001,#8000,#1294,.T.);
#6953=EDGE_CURVE('',#8002,#7230,#1295,.T.);
#6954=EDGE_CURVE('',#8002,#8001,#1296,.T.);
#6955=EDGE_CURVE('',#8003,#7229,#1297,.T.);
#6956=EDGE_CURVE('',#8003,#8002,#2577,.T.);
#6957=EDGE_CURVE('',#8004,#7228,#1298,.T.);
#6958=EDGE_CURVE('',#8004,#8003,#1299,.T.);
#6959=EDGE_CURVE('',#8005,#7227,#1300,.T.);
#6960=EDGE_CURVE('',#8005,#8004,#1301,.T.);
#6961=EDGE_CURVE('',#7997,#8005,#8282,.F.);
#6962=EDGE_CURVE('',#8006,#8007,#8283,.T.);
#6963=EDGE_CURVE('',#8008,#8006,#1302,.T.);
#6964=EDGE_CURVE('',#8008,#8009,#8284,.T.);
#6965=EDGE_CURVE('',#8009,#8007,#1303,.T.);
#6966=EDGE_CURVE('',#8010,#8006,#8285,.T.);
#6967=EDGE_CURVE('',#8011,#8010,#1304,.T.);
#6968=EDGE_CURVE('',#8011,#8008,#8286,.T.);
#6969=EDGE_CURVE('',#8012,#8010,#8287,.T.);
#6970=EDGE_CURVE('',#8013,#8012,#1305,.T.);
#6971=EDGE_CURVE('',#8013,#8011,#8288,.T.);
#6972=EDGE_CURVE('',#8014,#8012,#8289,.T.);
#6973=EDGE_CURVE('',#8015,#8014,#1306,.T.);
#6974=EDGE_CURVE('',#8015,#8013,#8290,.T.);
#6975=EDGE_CURVE('',#8016,#8014,#8291,.T.);
#6976=EDGE_CURVE('',#8017,#8016,#1307,.T.);
#6977=EDGE_CURVE('',#8017,#8015,#8292,.T.);
#6978=EDGE_CURVE('',#8018,#8016,#8293,.T.);
#6979=EDGE_CURVE('',#8019,#8018,#1308,.T.);
#6980=EDGE_CURVE('',#8019,#8017,#8294,.T.);
#6981=EDGE_CURVE('',#8020,#8018,#8295,.T.);
#6982=EDGE_CURVE('',#8021,#8020,#1309,.T.);
#6983=EDGE_CURVE('',#8021,#8019,#8296,.T.);
#6984=EDGE_CURVE('',#8022,#8020,#8297,.T.);
#6985=EDGE_CURVE('',#8023,#8022,#1310,.T.);
#6986=EDGE_CURVE('',#8023,#8021,#8298,.T.);
#6987=EDGE_CURVE('',#8024,#8022,#8299,.T.);
#6988=EDGE_CURVE('',#8025,#8024,#1311,.T.);
#6989=EDGE_CURVE('',#8025,#8023,#8300,.T.);
#6990=EDGE_CURVE('',#8026,#8024,#8301,.T.);
#6991=EDGE_CURVE('',#8027,#8026,#1312,.T.);
#6992=EDGE_CURVE('',#8027,#8025,#8302,.T.);
#6993=EDGE_CURVE('',#8028,#8026,#8303,.T.);
#6994=EDGE_CURVE('',#8029,#8028,#1313,.T.);
#6995=EDGE_CURVE('',#8029,#8027,#8304,.T.);
#6996=EDGE_CURVE('',#8030,#7189,#1314,.T.);
#6997=EDGE_CURVE('',#8030,#8031,#8305,.F.);
#6998=EDGE_CURVE('',#8031,#7190,#1315,.T.);
#6999=EDGE_CURVE('',#8032,#7203,#1316,.T.);
#7000=EDGE_CURVE('',#8032,#8030,#1317,.T.);
#7001=EDGE_CURVE('',#8033,#7202,#1318,.T.);
#7002=EDGE_CURVE('',#8033,#8032,#1319,.T.);
#7003=EDGE_CURVE('',#8034,#7201,#1320,.T.);
#7004=EDGE_CURVE('',#8034,#8033,#1321,.T.);
#7005=EDGE_CURVE('',#8035,#7200,#1322,.T.);
#7006=EDGE_CURVE('',#8035,#8034,#1323,.T.);
#7007=EDGE_CURVE('',#8036,#7199,#1324,.T.);
#7008=EDGE_CURVE('',#8036,#8035,#1325,.T.);
#7009=EDGE_CURVE('',#8037,#7198,#1326,.T.);
#7010=EDGE_CURVE('',#8037,#8036,#8306,.F.);
#7011=EDGE_CURVE('',#8038,#7197,#1327,.T.);
#7012=EDGE_CURVE('',#8038,#8037,#8307,.F.);
#7013=EDGE_CURVE('',#8039,#7196,#1328,.T.);
#7014=EDGE_CURVE('',#8039,#8038,#8308,.F.);
#7015=EDGE_CURVE('',#8040,#7195,#1329,.T.);
#7016=EDGE_CURVE('',#8040,#8039,#8309,.F.);
#7017=EDGE_CURVE('',#8041,#7194,#1330,.T.);
#7018=EDGE_CURVE('',#8041,#8040,#8310,.F.);
#7019=EDGE_CURVE('',#8042,#7193,#1331,.T.);
#7020=EDGE_CURVE('',#8042,#8041,#8311,.F.);
#7021=EDGE_CURVE('',#8043,#7192,#1332,.T.);
#7022=EDGE_CURVE('',#8043,#8042,#8312,.F.);
#7023=EDGE_CURVE('',#8044,#7191,#1333,.T.);
#7024=EDGE_CURVE('',#8044,#8043,#8313,.F.);
#7025=EDGE_CURVE('',#8031,#8044,#8314,.F.);
#7026=EDGE_CURVE('',#8007,#8028,#8315,.T.);
#7027=EDGE_CURVE('',#8009,#8029,#8316,.T.);
#7028=EDGE_CURVE('',#8045,#7239,#1334,.T.);
#7029=EDGE_CURVE('',#8045,#8046,#1335,.T.);
#7030=EDGE_CURVE('',#8046,#7236,#1336,.T.);
#7031=EDGE_CURVE('',#8045,#7492,#1337,.T.);
#7032=EDGE_CURVE('',#8047,#7125,#1338,.T.);
#7033=EDGE_CURVE('',#8047,#7493,#1339,.T.);
#7034=EDGE_CURVE('',#8048,#7124,#1340,.T.);
#7035=EDGE_CURVE('',#8048,#8047,#1341,.T.);
#7036=EDGE_CURVE('',#8049,#7128,#1342,.T.);
#7037=EDGE_CURVE('',#8049,#8048,#8317,.T.);
#7038=EDGE_CURVE('',#8049,#7502,#1343,.T.);
#7039=EDGE_CURVE('',#8050,#7179,#1344,.T.);
#7040=EDGE_CURVE('',#8050,#7501,#1345,.T.);
#7041=EDGE_CURVE('',#8051,#7180,#1346,.T.);
#7042=EDGE_CURVE('',#8050,#8051,#8318,.T.);
#7043=EDGE_CURVE('',#8052,#7188,#1347,.T.);
#7044=EDGE_CURVE('',#8051,#8052,#1348,.T.);
#7045=EDGE_CURVE('',#8053,#7187,#1349,.T.);
#7046=EDGE_CURVE('',#8053,#8052,#8319,.T.);
#7047=EDGE_CURVE('',#8053,#7495,#1350,.T.);
#7048=EDGE_CURVE('',#8054,#7235,#1351,.T.);
#7049=EDGE_CURVE('',#8054,#7494,#1352,.T.);
#7050=EDGE_CURVE('',#8054,#8046,#8320,.T.);
#7051=VERTEX_POINT('',#13949);
#7052=VERTEX_POINT('',#13950);
#7053=VERTEX_POINT('',#13952);
#7054=VERTEX_POINT('',#13954);
#7055=VERTEX_POINT('',#13958);
#7056=VERTEX_POINT('',#13960);
#7057=VERTEX_POINT('',#13962);
#7058=VERTEX_POINT('',#13964);
#7059=VERTEX_POINT('',#13966);
#7060=VERTEX_POINT('',#13968);
#7061=VERTEX_POINT('',#13972);
#7062=VERTEX_POINT('',#13976);
#7063=VERTEX_POINT('',#13978);
#7064=VERTEX_POINT('',#13980);
#7065=VERTEX_POINT('',#13982);
#7066=VERTEX_POINT('',#13984);
#7067=VERTEX_POINT('',#13986);
#7068=VERTEX_POINT('',#13990);
#7069=VERTEX_POINT('',#13992);
#7070=VERTEX_POINT('',#13994);
#7071=VERTEX_POINT('',#13997);
#7072=VERTEX_POINT('',#13998);
#7073=VERTEX_POINT('',#14000);
#7074=VERTEX_POINT('',#14002);
#7075=VERTEX_POINT('',#14004);
#7076=VERTEX_POINT('',#14006);
#7077=VERTEX_POINT('',#14008);
#7078=VERTEX_POINT('',#14010);
#7079=VERTEX_POINT('',#14012);
#7080=VERTEX_POINT('',#14014);
#7081=VERTEX_POINT('',#14016);
#7082=VERTEX_POINT('',#14018);
#7083=VERTEX_POINT('',#14020);
#7084=VERTEX_POINT('',#14022);
#7085=VERTEX_POINT('',#14024);
#7086=VERTEX_POINT('',#14027);
#7087=VERTEX_POINT('',#14028);
#7088=VERTEX_POINT('',#14044);
#7089=VERTEX_POINT('',#14046);
#7090=VERTEX_POINT('',#14062);
#7091=VERTEX_POINT('',#14064);
#7092=VERTEX_POINT('',#14080);
#7093=VERTEX_POINT('',#14082);
#7094=VERTEX_POINT('',#14099);
#7095=VERTEX_POINT('',#14100);
#7096=VERTEX_POINT('',#14102);
#7097=VERTEX_POINT('',#14106);
#7098=VERTEX_POINT('',#14108);
#7099=VERTEX_POINT('',#14110);
#7100=VERTEX_POINT('',#14112);
#7101=VERTEX_POINT('',#14114);
#7102=VERTEX_POINT('',#14116);
#7103=VERTEX_POINT('',#14120);
#7104=VERTEX_POINT('',#14122);
#7105=VERTEX_POINT('',#14124);
#7106=VERTEX_POINT('',#14126);
#7107=VERTEX_POINT('',#14128);
#7108=VERTEX_POINT('',#14130);
#7109=VERTEX_POINT('',#14132);
#7110=VERTEX_POINT('',#14134);
#7111=VERTEX_POINT('',#14136);
#7112=VERTEX_POINT('',#14139);
#7113=VERTEX_POINT('',#14140);
#7114=VERTEX_POINT('',#14142);
#7115=VERTEX_POINT('',#14144);
#7116=VERTEX_POINT('',#14146);
#7117=VERTEX_POINT('',#14148);
#7118=VERTEX_POINT('',#14150);
#7119=VERTEX_POINT('',#14152);
#7120=VERTEX_POINT('',#14154);
#7121=VERTEX_POINT('',#14156);
#7122=VERTEX_POINT('',#14158);
#7123=VERTEX_POINT('',#14160);
#7124=VERTEX_POINT('',#14163);
#7125=VERTEX_POINT('',#14164);
#7126=VERTEX_POINT('',#14166);
#7127=VERTEX_POINT('',#14168);
#7128=VERTEX_POINT('',#14170);
#7129=VERTEX_POINT('',#14174);
#7130=VERTEX_POINT('',#14175);
#7131=VERTEX_POINT('',#14177);
#7132=VERTEX_POINT('',#14179);
#7133=VERTEX_POINT('',#14181);
#7134=VERTEX_POINT('',#14183);
#7135=VERTEX_POINT('',#14185);
#7136=VERTEX_POINT('',#14187);
#7137=VERTEX_POINT('',#14189);
#7138=VERTEX_POINT('',#14191);
#7139=VERTEX_POINT('',#14193);
#7140=VERTEX_POINT('',#14195);
#7141=VERTEX_POINT('',#14197);
#7142=VERTEX_POINT('',#14199);
#7143=VERTEX_POINT('',#14201);
#7144=VERTEX_POINT('',#14203);
#7145=VERTEX_POINT('',#14205);
#7146=VERTEX_POINT('',#14207);
#7147=VERTEX_POINT('',#14209);
#7148=VERTEX_POINT('',#14211);
#7149=VERTEX_POINT('',#14213);
#7150=VERTEX_POINT('',#14215);
#7151=VERTEX_POINT('',#14217);
#7152=VERTEX_POINT('',#14219);
#7153=VERTEX_POINT('',#14221);
#7154=VERTEX_POINT('',#14223);
#7155=VERTEX_POINT('',#14225);
#7156=VERTEX_POINT('',#14227);
#7157=VERTEX_POINT('',#14229);
#7158=VERTEX_POINT('',#14231);
#7159=VERTEX_POINT('',#14233);
#7160=VERTEX_POINT('',#14235);
#7161=VERTEX_POINT('',#14237);
#7162=VERTEX_POINT('',#14239);
#7163=VERTEX_POINT('',#14241);
#7164=VERTEX_POINT('',#14243);
#7165=VERTEX_POINT('',#14245);
#7166=VERTEX_POINT('',#14247);
#7167=VERTEX_POINT('',#14249);
#7168=VERTEX_POINT('',#14251);
#7169=VERTEX_POINT('',#14253);
#7170=VERTEX_POINT('',#14255);
#7171=VERTEX_POINT('',#14257);
#7172=VERTEX_POINT('',#14259);
#7173=VERTEX_POINT('',#14261);
#7174=VERTEX_POINT('',#14263);
#7175=VERTEX_POINT('',#14265);
#7176=VERTEX_POINT('',#14267);
#7177=VERTEX_POINT('',#14269);
#7178=VERTEX_POINT('',#14271);
#7179=VERTEX_POINT('',#14274);
#7180=VERTEX_POINT('',#14275);
#7181=VERTEX_POINT('',#14277);
#7182=VERTEX_POINT('',#14279);
#7183=VERTEX_POINT('',#14281);
#7184=VERTEX_POINT('',#14283);
#7185=VERTEX_POINT('',#14285);
#7186=VERTEX_POINT('',#14287);
#7187=VERTEX_POINT('',#14289);
#7188=VERTEX_POINT('',#14291);
#7189=VERTEX_POINT('',#14295);
#7190=VERTEX_POINT('',#14296);
#7191=VERTEX_POINT('',#14298);
#7192=VERTEX_POINT('',#14300);
#7193=VERTEX_POINT('',#14302);
#7194=VERTEX_POINT('',#14304);
#7195=VERTEX_POINT('',#14306);
#7196=VERTEX_POINT('',#14308);
#7197=VERTEX_POINT('',#14310);
#7198=VERTEX_POINT('',#14312);
#7199=VERTEX_POINT('',#14314);
#7200=VERTEX_POINT('',#14316);
#7201=VERTEX_POINT('',#14318);
#7202=VERTEX_POINT('',#14320);
#7203=VERTEX_POINT('',#14322);
#7204=VERTEX_POINT('',#14325);
#7205=VERTEX_POINT('',#14326);
#7206=VERTEX_POINT('',#14328);
#7207=VERTEX_POINT('',#14330);
#7208=VERTEX_POINT('',#14332);
#7209=VERTEX_POINT('',#14334);
#7210=VERTEX_POINT('',#14336);
#7211=VERTEX_POINT('',#14338);
#7212=VERTEX_POINT('',#14340);
#7213=VERTEX_POINT('',#14342);
#7214=VERTEX_POINT('',#14344);
#7215=VERTEX_POINT('',#14346);
#7216=VERTEX_POINT('',#14348);
#7217=VERTEX_POINT('',#14365);
#7218=VERTEX_POINT('',#14366);
#7219=VERTEX_POINT('',#14368);
#7220=VERTEX_POINT('',#14384);
#7221=VERTEX_POINT('',#14386);
#7222=VERTEX_POINT('',#14402);
#7223=VERTEX_POINT('',#14404);
#7224=VERTEX_POINT('',#14420);
#7225=VERTEX_POINT('',#14423);
#7226=VERTEX_POINT('',#14424);
#7227=VERTEX_POINT('',#14426);
#7228=VERTEX_POINT('',#14428);
#7229=VERTEX_POINT('',#14430);
#7230=VERTEX_POINT('',#14434);
#7231=VERTEX_POINT('',#14436);
#7232=VERTEX_POINT('',#14438);
#7233=VERTEX_POINT('',#14440);
#7234=VERTEX_POINT('',#14442);
#7235=VERTEX_POINT('',#14445);
#7236=VERTEX_POINT('',#14446);
#7237=VERTEX_POINT('',#14448);
#7238=VERTEX_POINT('',#14450);
#7239=VERTEX_POINT('',#14452);
#7240=VERTEX_POINT('',#14456);
#7241=VERTEX_POINT('',#14457);
#7242=VERTEX_POINT('',#14459);
#7243=VERTEX_POINT('',#14461);
#7244=VERTEX_POINT('',#14464);
#7245=VERTEX_POINT('',#14465);
#7246=VERTEX_POINT('',#14467);
#7247=VERTEX_POINT('',#14469);
#7248=VERTEX_POINT('',#14471);
#7249=VERTEX_POINT('',#14473);
#7250=VERTEX_POINT('',#14475);
#7251=VERTEX_POINT('',#14477);
#7252=VERTEX_POINT('',#14479);
#7253=VERTEX_POINT('',#14481);
#7254=VERTEX_POINT('',#14483);
#7255=VERTEX_POINT('',#14485);
#7256=VERTEX_POINT('',#14487);
#7257=VERTEX_POINT('',#14489);
#7258=VERTEX_POINT('',#14491);
#7259=VERTEX_POINT('',#14493);
#7260=VERTEX_POINT('',#14495);
#7261=VERTEX_POINT('',#14497);
#7262=VERTEX_POINT('',#14499);
#7263=VERTEX_POINT('',#14501);
#7264=VERTEX_POINT('',#14503);
#7265=VERTEX_POINT('',#14505);
#7266=VERTEX_POINT('',#14507);
#7267=VERTEX_POINT('',#14509);
#7268=VERTEX_POINT('',#14511);
#7269=VERTEX_POINT('',#14513);
#7270=VERTEX_POINT('',#14515);
#7271=VERTEX_POINT('',#14517);
#7272=VERTEX_POINT('',#14519);
#7273=VERTEX_POINT('',#14521);
#7274=VERTEX_POINT('',#14523);
#7275=VERTEX_POINT('',#14525);
#7276=VERTEX_POINT('',#14527);
#7277=VERTEX_POINT('',#14529);
#7278=VERTEX_POINT('',#14531);
#7279=VERTEX_POINT('',#14533);
#7280=VERTEX_POINT('',#14535);
#7281=VERTEX_POINT('',#14537);
#7282=VERTEX_POINT('',#14539);
#7283=VERTEX_POINT('',#14541);
#7284=VERTEX_POINT('',#14543);
#7285=VERTEX_POINT('',#14545);
#7286=VERTEX_POINT('',#14547);
#7287=VERTEX_POINT('',#14549);
#7288=VERTEX_POINT('',#14551);
#7289=VERTEX_POINT('',#14553);
#7290=VERTEX_POINT('',#14555);
#7291=VERTEX_POINT('',#14557);
#7292=VERTEX_POINT('',#14559);
#7293=VERTEX_POINT('',#14561);
#7294=VERTEX_POINT('',#14564);
#7295=VERTEX_POINT('',#14565);
#7296=VERTEX_POINT('',#14567);
#7297=VERTEX_POINT('',#14569);
#7298=VERTEX_POINT('',#14571);
#7299=VERTEX_POINT('',#14573);
#7300=VERTEX_POINT('',#14575);
#7301=VERTEX_POINT('',#14577);
#7302=VERTEX_POINT('',#14579);
#7303=VERTEX_POINT('',#14581);
#7304=VERTEX_POINT('',#14583);
#7305=VERTEX_POINT('',#14585);
#7306=VERTEX_POINT('',#14587);
#7307=VERTEX_POINT('',#14589);
#7308=VERTEX_POINT('',#14591);
#7309=VERTEX_POINT('',#14593);
#7310=VERTEX_POINT('',#14595);
#7311=VERTEX_POINT('',#14597);
#7312=VERTEX_POINT('',#14599);
#7313=VERTEX_POINT('',#14601);
#7314=VERTEX_POINT('',#14603);
#7315=VERTEX_POINT('',#14605);
#7316=VERTEX_POINT('',#14607);
#7317=VERTEX_POINT('',#14609);
#7318=VERTEX_POINT('',#14611);
#7319=VERTEX_POINT('',#14613);
#7320=VERTEX_POINT('',#14615);
#7321=VERTEX_POINT('',#14617);
#7322=VERTEX_POINT('',#14619);
#7323=VERTEX_POINT('',#14621);
#7324=VERTEX_POINT('',#14623);
#7325=VERTEX_POINT('',#14625);
#7326=VERTEX_POINT('',#14627);
#7327=VERTEX_POINT('',#14629);
#7328=VERTEX_POINT('',#14631);
#7329=VERTEX_POINT('',#14633);
#7330=VERTEX_POINT('',#14635);
#7331=VERTEX_POINT('',#14637);
#7332=VERTEX_POINT('',#14639);
#7333=VERTEX_POINT('',#14641);
#7334=VERTEX_POINT('',#14643);
#7335=VERTEX_POINT('',#14645);
#7336=VERTEX_POINT('',#14647);
#7337=VERTEX_POINT('',#14649);
#7338=VERTEX_POINT('',#14651);
#7339=VERTEX_POINT('',#14653);
#7340=VERTEX_POINT('',#14655);
#7341=VERTEX_POINT('',#14657);
#7342=VERTEX_POINT('',#14659);
#7343=VERTEX_POINT('',#14661);
#7344=VERTEX_POINT('',#14664);
#7345=VERTEX_POINT('',#14665);
#7346=VERTEX_POINT('',#14667);
#7347=VERTEX_POINT('',#14669);
#7348=VERTEX_POINT('',#14671);
#7349=VERTEX_POINT('',#14673);
#7350=VERTEX_POINT('',#14675);
#7351=VERTEX_POINT('',#14677);
#7352=VERTEX_POINT('',#14679);
#7353=VERTEX_POINT('',#14681);
#7354=VERTEX_POINT('',#14683);
#7355=VERTEX_POINT('',#14685);
#7356=VERTEX_POINT('',#14687);
#7357=VERTEX_POINT('',#14689);
#7358=VERTEX_POINT('',#14691);
#7359=VERTEX_POINT('',#14693);
#7360=VERTEX_POINT('',#14695);
#7361=VERTEX_POINT('',#14697);
#7362=VERTEX_POINT('',#14699);
#7363=VERTEX_POINT('',#14701);
#7364=VERTEX_POINT('',#14703);
#7365=VERTEX_POINT('',#14705);
#7366=VERTEX_POINT('',#14707);
#7367=VERTEX_POINT('',#14709);
#7368=VERTEX_POINT('',#14711);
#7369=VERTEX_POINT('',#14713);
#7370=VERTEX_POINT('',#14715);
#7371=VERTEX_POINT('',#14717);
#7372=VERTEX_POINT('',#14719);
#7373=VERTEX_POINT('',#14721);
#7374=VERTEX_POINT('',#14723);
#7375=VERTEX_POINT('',#14725);
#7376=VERTEX_POINT('',#14727);
#7377=VERTEX_POINT('',#14729);
#7378=VERTEX_POINT('',#14731);
#7379=VERTEX_POINT('',#14733);
#7380=VERTEX_POINT('',#14735);
#7381=VERTEX_POINT('',#14737);
#7382=VERTEX_POINT('',#14739);
#7383=VERTEX_POINT('',#14741);
#7384=VERTEX_POINT('',#14743);
#7385=VERTEX_POINT('',#14745);
#7386=VERTEX_POINT('',#14747);
#7387=VERTEX_POINT('',#14749);
#7388=VERTEX_POINT('',#14751);
#7389=VERTEX_POINT('',#14753);
#7390=VERTEX_POINT('',#14755);
#7391=VERTEX_POINT('',#14757);
#7392=VERTEX_POINT('',#14759);
#7393=VERTEX_POINT('',#14761);
#7394=VERTEX_POINT('',#14779);
#7395=VERTEX_POINT('',#14780);
#7396=VERTEX_POINT('',#14782);
#7397=VERTEX_POINT('',#14798);
#7398=VERTEX_POINT('',#14800);
#7399=VERTEX_POINT('',#14816);
#7400=VERTEX_POINT('',#14818);
#7401=VERTEX_POINT('',#14834);
#7402=VERTEX_POINT('',#14837);
#7403=VERTEX_POINT('',#14838);
#7404=VERTEX_POINT('',#14840);
#7405=VERTEX_POINT('',#14842);
#7406=VERTEX_POINT('',#14844);
#7407=VERTEX_POINT('',#14846);
#7408=VERTEX_POINT('',#14848);
#7409=VERTEX_POINT('',#14850);
#7410=VERTEX_POINT('',#14852);
#7411=VERTEX_POINT('',#14854);
#7412=VERTEX_POINT('',#14856);
#7413=VERTEX_POINT('',#14860);
#7414=VERTEX_POINT('',#14861);
#7415=VERTEX_POINT('',#14863);
#7416=VERTEX_POINT('',#14865);
#7417=VERTEX_POINT('',#14869);
#7418=VERTEX_POINT('',#14870);
#7419=VERTEX_POINT('',#14872);
#7420=VERTEX_POINT('',#14874);
#7421=VERTEX_POINT('',#14876);
#7422=VERTEX_POINT('',#14879);
#7423=VERTEX_POINT('',#14883);
#7424=VERTEX_POINT('',#14884);
#7425=VERTEX_POINT('',#14886);
#7426=VERTEX_POINT('',#14888);
#7427=VERTEX_POINT('',#14890);
#7428=VERTEX_POINT('',#14892);
#7429=VERTEX_POINT('',#14896);
#7430=VERTEX_POINT('',#14898);
#7431=VERTEX_POINT('',#14900);
#7432=VERTEX_POINT('',#14902);
#7433=VERTEX_POINT('',#14904);
#7434=VERTEX_POINT('',#14906);
#7435=VERTEX_POINT('',#14910);
#7436=VERTEX_POINT('',#14912);
#7437=VERTEX_POINT('',#14918);
#7438=VERTEX_POINT('',#14920);
#7439=VERTEX_POINT('',#14923);
#7440=VERTEX_POINT('',#14925);
#7441=VERTEX_POINT('',#14927);
#7442=VERTEX_POINT('',#14929);
#7443=VERTEX_POINT('',#14931);
#7444=VERTEX_POINT('',#14933);
#7445=VERTEX_POINT('',#14935);
#7446=VERTEX_POINT('',#14937);
#7447=VERTEX_POINT('',#14939);
#7448=VERTEX_POINT('',#14941);
#7449=VERTEX_POINT('',#14943);
#7450=VERTEX_POINT('',#14945);
#7451=VERTEX_POINT('',#14948);
#7452=VERTEX_POINT('',#14950);
#7453=VERTEX_POINT('',#14952);
#7454=VERTEX_POINT('',#14954);
#7455=VERTEX_POINT('',#14956);
#7456=VERTEX_POINT('',#14958);
#7457=VERTEX_POINT('',#14961);
#7458=VERTEX_POINT('',#14962);
#7459=VERTEX_POINT('',#14964);
#7460=VERTEX_POINT('',#14966);
#7461=VERTEX_POINT('',#14968);
#7462=VERTEX_POINT('',#14970);
#7463=VERTEX_POINT('',#14974);
#7464=VERTEX_POINT('',#14976);
#7465=VERTEX_POINT('',#14979);
#7466=VERTEX_POINT('',#14981);
#7467=VERTEX_POINT('',#14983);
#7468=VERTEX_POINT('',#14985);
#7469=VERTEX_POINT('',#14987);
#7470=VERTEX_POINT('',#14988);
#7471=VERTEX_POINT('',#14992);
#7472=VERTEX_POINT('',#14994);
#7473=VERTEX_POINT('',#14996);
#7474=VERTEX_POINT('',#14998);
#7475=VERTEX_POINT('',#15000);
#7476=VERTEX_POINT('',#15002);
#7477=VERTEX_POINT('',#15004);
#7478=VERTEX_POINT('',#15006);
#7479=VERTEX_POINT('',#15008);
#7480=VERTEX_POINT('',#15010);
#7481=VERTEX_POINT('',#15012);
#7482=VERTEX_POINT('',#15015);
#7483=VERTEX_POINT('',#15016);
#7484=VERTEX_POINT('',#15018);
#7485=VERTEX_POINT('',#15020);
#7486=VERTEX_POINT('',#15022);
#7487=VERTEX_POINT('',#15024);
#7488=VERTEX_POINT('',#15028);
#7489=VERTEX_POINT('',#15030);
#7490=VERTEX_POINT('',#15037);
#7491=VERTEX_POINT('',#15039);
#7492=VERTEX_POINT('',#15042);
#7493=VERTEX_POINT('',#15043);
#7494=VERTEX_POINT('',#15046);
#7495=VERTEX_POINT('',#15048);
#7496=VERTEX_POINT('',#15051);
#7497=VERTEX_POINT('',#15053);
#7498=VERTEX_POINT('',#15056);
#7499=VERTEX_POINT('',#15058);
#7500=VERTEX_POINT('',#15060);
#7501=VERTEX_POINT('',#15064);
#7502=VERTEX_POINT('',#15066);
#7503=VERTEX_POINT('',#15070);
#7504=VERTEX_POINT('',#15072);
#7505=VERTEX_POINT('',#15075);
#7506=VERTEX_POINT('',#15077);
#7507=VERTEX_POINT('',#15084);
#7508=VERTEX_POINT('',#15086);
#7509=VERTEX_POINT('',#15088);
#7510=VERTEX_POINT('',#15091);
#7511=VERTEX_POINT('',#15094);
#7512=VERTEX_POINT('',#15107);
#7513=VERTEX_POINT('',#15110);
#7514=VERTEX_POINT('',#15114);
#7515=VERTEX_POINT('',#15117);
#7516=VERTEX_POINT('',#15121);
#7517=VERTEX_POINT('',#15124);
#7518=VERTEX_POINT('',#15128);
#7519=VERTEX_POINT('',#15131);
#7520=VERTEX_POINT('',#15137);
#7521=VERTEX_POINT('',#15143);
#7522=VERTEX_POINT('',#15149);
#7523=VERTEX_POINT('',#15155);
#7524=VERTEX_POINT('',#15252);
#7525=VERTEX_POINT('',#15268);
#7526=VERTEX_POINT('',#15272);
#7527=VERTEX_POINT('',#15285);
#7528=VERTEX_POINT('',#15303);
#7529=VERTEX_POINT('',#15316);
#7530=VERTEX_POINT('',#15334);
#7531=VERTEX_POINT('',#15347);
#7532=VERTEX_POINT('',#15367);
#7533=VERTEX_POINT('',#15369);
#7534=VERTEX_POINT('',#15373);
#7535=VERTEX_POINT('',#15382);
#7536=VERTEX_POINT('',#15384);
#7537=VERTEX_POINT('',#15388);
#7538=VERTEX_POINT('',#15392);
#7539=VERTEX_POINT('',#15396);
#7540=VERTEX_POINT('',#15400);
#7541=VERTEX_POINT('',#15404);
#7542=VERTEX_POINT('',#15408);
#7543=VERTEX_POINT('',#15412);
#7544=VERTEX_POINT('',#15416);
#7545=VERTEX_POINT('',#15420);
#7546=VERTEX_POINT('',#15424);
#7547=VERTEX_POINT('',#15428);
#7548=VERTEX_POINT('',#15432);
#7549=VERTEX_POINT('',#15436);
#7550=VERTEX_POINT('',#15440);
#7551=VERTEX_POINT('',#15444);
#7552=VERTEX_POINT('',#15448);
#7553=VERTEX_POINT('',#15452);
#7554=VERTEX_POINT('',#15456);
#7555=VERTEX_POINT('',#15460);
#7556=VERTEX_POINT('',#15464);
#7557=VERTEX_POINT('',#15468);
#7558=VERTEX_POINT('',#15472);
#7559=VERTEX_POINT('',#15476);
#7560=VERTEX_POINT('',#15480);
#7561=VERTEX_POINT('',#15484);
#7562=VERTEX_POINT('',#15488);
#7563=VERTEX_POINT('',#15492);
#7564=VERTEX_POINT('',#15496);
#7565=VERTEX_POINT('',#15500);
#7566=VERTEX_POINT('',#15504);
#7567=VERTEX_POINT('',#15508);
#7568=VERTEX_POINT('',#15512);
#7569=VERTEX_POINT('',#15516);
#7570=VERTEX_POINT('',#15520);
#7571=VERTEX_POINT('',#15524);
#7572=VERTEX_POINT('',#15528);
#7573=VERTEX_POINT('',#15532);
#7574=VERTEX_POINT('',#15536);
#7575=VERTEX_POINT('',#15540);
#7576=VERTEX_POINT('',#15544);
#7577=VERTEX_POINT('',#15548);
#7578=VERTEX_POINT('',#15552);
#7579=VERTEX_POINT('',#15556);
#7580=VERTEX_POINT('',#15560);
#7581=VERTEX_POINT('',#15564);
#7582=VERTEX_POINT('',#15568);
#7583=VERTEX_POINT('',#15572);
#7584=VERTEX_POINT('',#15576);
#7585=VERTEX_POINT('',#15583);
#7586=VERTEX_POINT('',#15585);
#7587=VERTEX_POINT('',#15589);
#7588=VERTEX_POINT('',#15593);
#7589=VERTEX_POINT('',#15597);
#7590=VERTEX_POINT('',#15601);
#7591=VERTEX_POINT('',#15605);
#7592=VERTEX_POINT('',#15609);
#7593=VERTEX_POINT('',#15613);
#7594=VERTEX_POINT('',#15617);
#7595=VERTEX_POINT('',#15621);
#7596=VERTEX_POINT('',#15625);
#7597=VERTEX_POINT('',#15629);
#7598=VERTEX_POINT('',#15633);
#7599=VERTEX_POINT('',#15637);
#7600=VERTEX_POINT('',#15641);
#7601=VERTEX_POINT('',#15645);
#7602=VERTEX_POINT('',#15649);
#7603=VERTEX_POINT('',#15653);
#7604=VERTEX_POINT('',#15657);
#7605=VERTEX_POINT('',#15661);
#7606=VERTEX_POINT('',#15665);
#7607=VERTEX_POINT('',#15669);
#7608=VERTEX_POINT('',#15673);
#7609=VERTEX_POINT('',#15677);
#7610=VERTEX_POINT('',#15681);
#7611=VERTEX_POINT('',#15685);
#7612=VERTEX_POINT('',#15689);
#7613=VERTEX_POINT('',#15693);
#7614=VERTEX_POINT('',#15697);
#7615=VERTEX_POINT('',#15701);
#7616=VERTEX_POINT('',#15705);
#7617=VERTEX_POINT('',#15709);
#7618=VERTEX_POINT('',#15713);
#7619=VERTEX_POINT('',#15717);
#7620=VERTEX_POINT('',#15721);
#7621=VERTEX_POINT('',#15725);
#7622=VERTEX_POINT('',#15729);
#7623=VERTEX_POINT('',#15733);
#7624=VERTEX_POINT('',#15737);
#7625=VERTEX_POINT('',#15741);
#7626=VERTEX_POINT('',#15745);
#7627=VERTEX_POINT('',#15749);
#7628=VERTEX_POINT('',#15753);
#7629=VERTEX_POINT('',#15757);
#7630=VERTEX_POINT('',#15761);
#7631=VERTEX_POINT('',#15765);
#7632=VERTEX_POINT('',#15769);
#7633=VERTEX_POINT('',#15773);
#7634=VERTEX_POINT('',#15777);
#7635=VERTEX_POINT('',#15784);
#7636=VERTEX_POINT('',#15785);
#7637=VERTEX_POINT('',#15787);
#7638=VERTEX_POINT('',#15789);
#7639=VERTEX_POINT('',#15793);
#7640=VERTEX_POINT('',#15795);
#7641=VERTEX_POINT('',#15799);
#7642=VERTEX_POINT('',#15801);
#7643=VERTEX_POINT('',#15805);
#7644=VERTEX_POINT('',#15807);
#7645=VERTEX_POINT('',#15811);
#7646=VERTEX_POINT('',#15813);
#7647=VERTEX_POINT('',#15817);
#7648=VERTEX_POINT('',#15819);
#7649=VERTEX_POINT('',#15823);
#7650=VERTEX_POINT('',#15825);
#7651=VERTEX_POINT('',#15829);
#7652=VERTEX_POINT('',#15831);
#7653=VERTEX_POINT('',#15835);
#7654=VERTEX_POINT('',#15837);
#7655=VERTEX_POINT('',#15841);
#7656=VERTEX_POINT('',#15843);
#7657=VERTEX_POINT('',#15847);
#7658=VERTEX_POINT('',#15849);
#7659=VERTEX_POINT('',#15853);
#7660=VERTEX_POINT('',#15855);
#7661=VERTEX_POINT('',#15859);
#7662=VERTEX_POINT('',#15861);
#7663=VERTEX_POINT('',#15865);
#7664=VERTEX_POINT('',#15867);
#7665=VERTEX_POINT('',#15871);
#7666=VERTEX_POINT('',#15873);
#7667=VERTEX_POINT('',#15877);
#7668=VERTEX_POINT('',#15879);
#7669=VERTEX_POINT('',#15883);
#7670=VERTEX_POINT('',#15885);
#7671=VERTEX_POINT('',#15889);
#7672=VERTEX_POINT('',#15891);
#7673=VERTEX_POINT('',#15895);
#7674=VERTEX_POINT('',#15897);
#7675=VERTEX_POINT('',#15901);
#7676=VERTEX_POINT('',#15903);
#7677=VERTEX_POINT('',#15907);
#7678=VERTEX_POINT('',#15909);
#7679=VERTEX_POINT('',#15913);
#7680=VERTEX_POINT('',#15915);
#7681=VERTEX_POINT('',#15919);
#7682=VERTEX_POINT('',#15921);
#7683=VERTEX_POINT('',#15925);
#7684=VERTEX_POINT('',#15927);
#7685=VERTEX_POINT('',#15931);
#7686=VERTEX_POINT('',#15933);
#7687=VERTEX_POINT('',#15937);
#7688=VERTEX_POINT('',#15939);
#7689=VERTEX_POINT('',#15943);
#7690=VERTEX_POINT('',#15945);
#7691=VERTEX_POINT('',#15949);
#7692=VERTEX_POINT('',#15951);
#7693=VERTEX_POINT('',#15955);
#7694=VERTEX_POINT('',#15957);
#7695=VERTEX_POINT('',#15961);
#7696=VERTEX_POINT('',#15963);
#7697=VERTEX_POINT('',#15967);
#7698=VERTEX_POINT('',#15971);
#7699=VERTEX_POINT('',#15975);
#7700=VERTEX_POINT('',#15979);
#7701=VERTEX_POINT('',#15983);
#7702=VERTEX_POINT('',#15987);
#7703=VERTEX_POINT('',#15991);
#7704=VERTEX_POINT('',#15995);
#7705=VERTEX_POINT('',#15999);
#7706=VERTEX_POINT('',#16003);
#7707=VERTEX_POINT('',#16007);
#7708=VERTEX_POINT('',#16011);
#7709=VERTEX_POINT('',#16015);
#7710=VERTEX_POINT('',#16019);
#7711=VERTEX_POINT('',#16023);
#7712=VERTEX_POINT('',#16027);
#7713=VERTEX_POINT('',#16031);
#7714=VERTEX_POINT('',#16035);
#7715=VERTEX_POINT('',#16039);
#7716=VERTEX_POINT('',#16043);
#7717=VERTEX_POINT('',#16047);
#7718=VERTEX_POINT('',#16051);
#7719=VERTEX_POINT('',#16055);
#7720=VERTEX_POINT('',#16059);
#7721=VERTEX_POINT('',#16063);
#7722=VERTEX_POINT('',#16067);
#7723=VERTEX_POINT('',#16071);
#7724=VERTEX_POINT('',#16075);
#7725=VERTEX_POINT('',#16079);
#7726=VERTEX_POINT('',#16083);
#7727=VERTEX_POINT('',#16087);
#7728=VERTEX_POINT('',#16091);
#7729=VERTEX_POINT('',#16095);
#7730=VERTEX_POINT('',#16099);
#7731=VERTEX_POINT('',#16103);
#7732=VERTEX_POINT('',#16107);
#7733=VERTEX_POINT('',#16111);
#7734=VERTEX_POINT('',#16115);
#7735=VERTEX_POINT('',#16119);
#7736=VERTEX_POINT('',#16123);
#7737=VERTEX_POINT('',#16127);
#7738=VERTEX_POINT('',#16131);
#7739=VERTEX_POINT('',#16135);
#7740=VERTEX_POINT('',#16139);
#7741=VERTEX_POINT('',#16143);
#7742=VERTEX_POINT('',#16147);
#7743=VERTEX_POINT('',#16151);
#7744=VERTEX_POINT('',#16155);
#7745=VERTEX_POINT('',#16166);
#7746=VERTEX_POINT('',#16167);
#7747=VERTEX_POINT('',#16169);
#7748=VERTEX_POINT('',#16171);
#7749=VERTEX_POINT('',#16175);
#7750=VERTEX_POINT('',#16177);
#7751=VERTEX_POINT('',#16181);
#7752=VERTEX_POINT('',#16183);
#7753=VERTEX_POINT('',#16187);
#7754=VERTEX_POINT('',#16189);
#7755=VERTEX_POINT('',#16193);
#7756=VERTEX_POINT('',#16195);
#7757=VERTEX_POINT('',#16199);
#7758=VERTEX_POINT('',#16201);
#7759=VERTEX_POINT('',#16205);
#7760=VERTEX_POINT('',#16207);
#7761=VERTEX_POINT('',#16211);
#7762=VERTEX_POINT('',#16213);
#7763=VERTEX_POINT('',#16217);
#7764=VERTEX_POINT('',#16219);
#7765=VERTEX_POINT('',#16223);
#7766=VERTEX_POINT('',#16225);
#7767=VERTEX_POINT('',#16229);
#7768=VERTEX_POINT('',#16231);
#7769=VERTEX_POINT('',#16235);
#7770=VERTEX_POINT('',#16237);
#7771=VERTEX_POINT('',#16241);
#7772=VERTEX_POINT('',#16243);
#7773=VERTEX_POINT('',#16247);
#7774=VERTEX_POINT('',#16249);
#7775=VERTEX_POINT('',#16253);
#7776=VERTEX_POINT('',#16255);
#7777=VERTEX_POINT('',#16259);
#7778=VERTEX_POINT('',#16261);
#7779=VERTEX_POINT('',#16265);
#7780=VERTEX_POINT('',#16267);
#7781=VERTEX_POINT('',#16271);
#7782=VERTEX_POINT('',#16273);
#7783=VERTEX_POINT('',#16277);
#7784=VERTEX_POINT('',#16279);
#7785=VERTEX_POINT('',#16283);
#7786=VERTEX_POINT('',#16285);
#7787=VERTEX_POINT('',#16289);
#7788=VERTEX_POINT('',#16291);
#7789=VERTEX_POINT('',#16295);
#7790=VERTEX_POINT('',#16297);
#7791=VERTEX_POINT('',#16301);
#7792=VERTEX_POINT('',#16303);
#7793=VERTEX_POINT('',#16307);
#7794=VERTEX_POINT('',#16309);
#7795=VERTEX_POINT('',#16313);
#7796=VERTEX_POINT('',#16315);
#7797=VERTEX_POINT('',#16319);
#7798=VERTEX_POINT('',#16321);
#7799=VERTEX_POINT('',#16325);
#7800=VERTEX_POINT('',#16327);
#7801=VERTEX_POINT('',#16331);
#7802=VERTEX_POINT('',#16333);
#7803=VERTEX_POINT('',#16337);
#7804=VERTEX_POINT('',#16339);
#7805=VERTEX_POINT('',#16343);
#7806=VERTEX_POINT('',#16345);
#7807=VERTEX_POINT('',#16349);
#7808=VERTEX_POINT('',#16353);
#7809=VERTEX_POINT('',#16357);
#7810=VERTEX_POINT('',#16361);
#7811=VERTEX_POINT('',#16365);
#7812=VERTEX_POINT('',#16369);
#7813=VERTEX_POINT('',#16373);
#7814=VERTEX_POINT('',#16377);
#7815=VERTEX_POINT('',#16381);
#7816=VERTEX_POINT('',#16385);
#7817=VERTEX_POINT('',#16389);
#7818=VERTEX_POINT('',#16393);
#7819=VERTEX_POINT('',#16397);
#7820=VERTEX_POINT('',#16401);
#7821=VERTEX_POINT('',#16405);
#7822=VERTEX_POINT('',#16409);
#7823=VERTEX_POINT('',#16413);
#7824=VERTEX_POINT('',#16417);
#7825=VERTEX_POINT('',#16421);
#7826=VERTEX_POINT('',#16425);
#7827=VERTEX_POINT('',#16429);
#7828=VERTEX_POINT('',#16433);
#7829=VERTEX_POINT('',#16437);
#7830=VERTEX_POINT('',#16441);
#7831=VERTEX_POINT('',#16445);
#7832=VERTEX_POINT('',#16449);
#7833=VERTEX_POINT('',#16453);
#7834=VERTEX_POINT('',#16457);
#7835=VERTEX_POINT('',#16461);
#7836=VERTEX_POINT('',#16465);
#7837=VERTEX_POINT('',#16469);
#7838=VERTEX_POINT('',#16473);
#7839=VERTEX_POINT('',#16477);
#7840=VERTEX_POINT('',#16481);
#7841=VERTEX_POINT('',#16485);
#7842=VERTEX_POINT('',#16489);
#7843=VERTEX_POINT('',#16493);
#7844=VERTEX_POINT('',#16497);
#7845=VERTEX_POINT('',#16501);
#7846=VERTEX_POINT('',#16505);
#7847=VERTEX_POINT('',#16509);
#7848=VERTEX_POINT('',#16513);
#7849=VERTEX_POINT('',#16517);
#7850=VERTEX_POINT('',#16521);
#7851=VERTEX_POINT('',#16525);
#7852=VERTEX_POINT('',#16529);
#7853=VERTEX_POINT('',#16533);
#7854=VERTEX_POINT('',#16537);
#7855=VERTEX_POINT('',#16548);
#7856=VERTEX_POINT('',#16552);
#7857=VERTEX_POINT('',#16556);
#7858=VERTEX_POINT('',#16560);
#7859=VERTEX_POINT('',#16561);
#7860=VERTEX_POINT('',#16563);
#7861=VERTEX_POINT('',#16565);
#7862=VERTEX_POINT('',#16569);
#7863=VERTEX_POINT('',#16571);
#7864=VERTEX_POINT('',#16584);
#7865=VERTEX_POINT('',#16586);
#7866=VERTEX_POINT('',#16592);
#7867=VERTEX_POINT('',#16594);
#7868=VERTEX_POINT('',#16598);
#7869=VERTEX_POINT('',#16600);
#7870=VERTEX_POINT('',#16604);
#7871=VERTEX_POINT('',#16606);
#7872=VERTEX_POINT('',#16610);
#7873=VERTEX_POINT('',#16614);
#7874=VERTEX_POINT('',#16618);
#7875=VERTEX_POINT('',#16622);
#7876=VERTEX_POINT('',#16626);
#7877=VERTEX_POINT('',#16630);
#7878=VERTEX_POINT('',#16634);
#7879=VERTEX_POINT('',#16638);
#7880=VERTEX_POINT('',#16642);
#7881=VERTEX_POINT('',#16653);
#7882=VERTEX_POINT('',#16659);
#7883=VERTEX_POINT('',#16663);
#7884=VERTEX_POINT('',#16667);
#7885=VERTEX_POINT('',#16671);
#7886=VERTEX_POINT('',#16675);
#7887=VERTEX_POINT('',#16686);
#7888=VERTEX_POINT('',#16698);
#7889=VERTEX_POINT('',#16699);
#7890=VERTEX_POINT('',#16701);
#7891=VERTEX_POINT('',#16703);
#7892=VERTEX_POINT('',#16707);
#7893=VERTEX_POINT('',#16709);
#7894=VERTEX_POINT('',#16713);
#7895=VERTEX_POINT('',#16715);
#7896=VERTEX_POINT('',#16719);
#7897=VERTEX_POINT('',#16721);
#7898=VERTEX_POINT('',#16725);
#7899=VERTEX_POINT('',#16727);
#7900=VERTEX_POINT('',#16731);
#7901=VERTEX_POINT('',#16733);
#7902=VERTEX_POINT('',#16737);
#7903=VERTEX_POINT('',#16739);
#7904=VERTEX_POINT('',#16743);
#7905=VERTEX_POINT('',#16745);
#7906=VERTEX_POINT('',#16749);
#7907=VERTEX_POINT('',#16751);
#7908=VERTEX_POINT('',#16755);
#7909=VERTEX_POINT('',#16757);
#7910=VERTEX_POINT('',#16761);
#7911=VERTEX_POINT('',#16763);
#7912=VERTEX_POINT('',#16767);
#7913=VERTEX_POINT('',#16769);
#7914=VERTEX_POINT('',#16773);
#7915=VERTEX_POINT('',#16777);
#7916=VERTEX_POINT('',#16781);
#7917=VERTEX_POINT('',#16785);
#7918=VERTEX_POINT('',#16789);
#7919=VERTEX_POINT('',#16793);
#7920=VERTEX_POINT('',#16797);
#7921=VERTEX_POINT('',#16801);
#7922=VERTEX_POINT('',#16805);
#7923=VERTEX_POINT('',#16809);
#7924=VERTEX_POINT('',#16813);
#7925=VERTEX_POINT('',#16817);
#7926=VERTEX_POINT('',#16821);
#7927=VERTEX_POINT('',#16831);
#7928=VERTEX_POINT('',#16832);
#7929=VERTEX_POINT('',#16834);
#7930=VERTEX_POINT('',#16836);
#7931=VERTEX_POINT('',#16840);
#7932=VERTEX_POINT('',#16842);
#7933=VERTEX_POINT('',#16846);
#7934=VERTEX_POINT('',#16848);
#7935=VERTEX_POINT('',#16861);
#7936=VERTEX_POINT('',#16863);
#7937=VERTEX_POINT('',#16869);
#7938=VERTEX_POINT('',#16871);
#7939=VERTEX_POINT('',#16875);
#7940=VERTEX_POINT('',#16877);
#7941=VERTEX_POINT('',#16881);
#7942=VERTEX_POINT('',#16883);
#7943=VERTEX_POINT('',#16887);
#7944=VERTEX_POINT('',#16889);
#7945=VERTEX_POINT('',#16893);
#7946=VERTEX_POINT('',#16895);
#7947=VERTEX_POINT('',#16899);
#7948=VERTEX_POINT('',#16901);
#7949=VERTEX_POINT('',#16905);
#7950=VERTEX_POINT('',#16907);
#7951=VERTEX_POINT('',#16911);
#7952=VERTEX_POINT('',#16913);
#7953=VERTEX_POINT('',#16917);
#7954=VERTEX_POINT('',#16921);
#7955=VERTEX_POINT('',#16925);
#7956=VERTEX_POINT('',#16929);
#7957=VERTEX_POINT('',#16933);
#7958=VERTEX_POINT('',#16937);
#7959=VERTEX_POINT('',#16941);
#7960=VERTEX_POINT('',#16945);
#7961=VERTEX_POINT('',#16949);
#7962=VERTEX_POINT('',#16953);
#7963=VERTEX_POINT('',#16963);
#7964=VERTEX_POINT('',#16965);
#7965=VERTEX_POINT('',#16969);
#7966=VERTEX_POINT('',#16973);
#7967=VERTEX_POINT('',#16977);
#7968=VERTEX_POINT('',#16988);
#7969=VERTEX_POINT('',#16994);
#7970=VERTEX_POINT('',#16998);
#7971=VERTEX_POINT('',#17002);
#7972=VERTEX_POINT('',#17006);
#7973=VERTEX_POINT('',#17010);
#7974=VERTEX_POINT('',#17021);
#7975=VERTEX_POINT('',#17034);
#7976=VERTEX_POINT('',#17040);
#7977=VERTEX_POINT('',#17044);
#7978=VERTEX_POINT('',#17048);
#7979=VERTEX_POINT('',#17052);
#7980=VERTEX_POINT('',#17056);
#7981=VERTEX_POINT('',#17067);
#7982=VERTEX_POINT('',#17073);
#7983=VERTEX_POINT('',#17083);
#7984=VERTEX_POINT('',#17085);
#7985=VERTEX_POINT('',#17089);
#7986=VERTEX_POINT('',#17093);
#7987=VERTEX_POINT('',#17097);
#7988=VERTEX_POINT('',#17101);
#7989=VERTEX_POINT('',#17105);
#7990=VERTEX_POINT('',#17109);
#7991=VERTEX_POINT('',#17113);
#7992=VERTEX_POINT('',#17117);
#7993=VERTEX_POINT('',#17121);
#7994=VERTEX_POINT('',#17125);
#7995=VERTEX_POINT('',#17129);
#7996=VERTEX_POINT('',#17136);
#7997=VERTEX_POINT('',#17138);
#7998=VERTEX_POINT('',#17142);
#7999=VERTEX_POINT('',#17146);
#8000=VERTEX_POINT('',#17150);
#8001=VERTEX_POINT('',#17154);
#8002=VERTEX_POINT('',#17158);
#8003=VERTEX_POINT('',#17169);
#8004=VERTEX_POINT('',#17175);
#8005=VERTEX_POINT('',#17179);
#8006=VERTEX_POINT('',#17186);
#8007=VERTEX_POINT('',#17187);
#8008=VERTEX_POINT('',#17189);
#8009=VERTEX_POINT('',#17191);
#8010=VERTEX_POINT('',#17195);
#8011=VERTEX_POINT('',#17197);
#8012=VERTEX_POINT('',#17201);
#8013=VERTEX_POINT('',#17203);
#8014=VERTEX_POINT('',#17207);
#8015=VERTEX_POINT('',#17209);
#8016=VERTEX_POINT('',#17213);
#8017=VERTEX_POINT('',#17215);
#8018=VERTEX_POINT('',#17219);
#8019=VERTEX_POINT('',#17221);
#8020=VERTEX_POINT('',#17225);
#8021=VERTEX_POINT('',#17227);
#8022=VERTEX_POINT('',#17231);
#8023=VERTEX_POINT('',#17233);
#8024=VERTEX_POINT('',#17237);
#8025=VERTEX_POINT('',#17239);
#8026=VERTEX_POINT('',#17243);
#8027=VERTEX_POINT('',#17245);
#8028=VERTEX_POINT('',#17249);
#8029=VERTEX_POINT('',#17251);
#8030=VERTEX_POINT('',#17255);
#8031=VERTEX_POINT('',#17257);
#8032=VERTEX_POINT('',#17261);
#8033=VERTEX_POINT('',#17265);
#8034=VERTEX_POINT('',#17269);
#8035=VERTEX_POINT('',#17273);
#8036=VERTEX_POINT('',#17277);
#8037=VERTEX_POINT('',#17281);
#8038=VERTEX_POINT('',#17285);
#8039=VERTEX_POINT('',#17289);
#8040=VERTEX_POINT('',#17293);
#8041=VERTEX_POINT('',#17297);
#8042=VERTEX_POINT('',#17301);
#8043=VERTEX_POINT('',#17305);
#8044=VERTEX_POINT('',#17309);
#8045=VERTEX_POINT('',#17320);
#8046=VERTEX_POINT('',#17322);
#8047=VERTEX_POINT('',#17328);
#8048=VERTEX_POINT('',#17332);
#8049=VERTEX_POINT('',#17336);
#8050=VERTEX_POINT('',#17342);
#8051=VERTEX_POINT('',#17346);
#8052=VERTEX_POINT('',#17350);
#8053=VERTEX_POINT('',#17354);
#8054=VERTEX_POINT('',#17360);
#8055=CIRCLE('',#10423,0.000850956327097124);
#8056=CIRCLE('',#10424,0.000668139329584678);
#8057=CIRCLE('',#10425,0.00074387312407546);
#8058=CIRCLE('',#10426,0.000631196454512402);
#8059=CIRCLE('',#10427,0.000385225972078517);
#8060=CIRCLE('',#10428,0.000461300575149869);
#8061=CIRCLE('',#10429,0.000440428943452762);
#8062=CIRCLE('',#10430,0.000438582551897439);
#8063=CIRCLE('',#10431,0.000466869818427925);
#8064=CIRCLE('',#10432,0.000388816699556099);
#8065=CIRCLE('',#10433,0.000659951463663401);
#8066=CIRCLE('',#10434,0.000743873124075541);
#8067=CIRCLE('',#10435,0.000665838136613295);
#8068=CIRCLE('',#10436,0.000865752908705812);
#8069=CIRCLE('',#10437,0.000844936507627641);
#8070=CIRCLE('',#10438,0.000673949328415768);
#8071=CIRCLE('',#10439,0.000707462347344239);
#8072=CIRCLE('',#10440,0.000676687674290146);
#8073=CIRCLE('',#10441,0.000584864335180457);
#8074=CIRCLE('',#10442,0.000585478329153193);
#8075=CIRCLE('',#10443,0.000651590659349857);
#8076=CIRCLE('',#10444,0.000686353180706632);
#8077=CIRCLE('',#10445,0.000687068532088859);
#8078=CIRCLE('',#10446,0.000861748207330808);
#8079=CIRCLE('',#10447,0.00148673726279661);
#8080=CIRCLE('',#10448,0.000482484458157385);
#8081=CIRCLE('',#10449,0.000462055979845286);
#8082=CIRCLE('',#10450,0.000396605159317771);
#8083=CIRCLE('',#10451,0.000642185818158259);
#8084=CIRCLE('',#10452,0.000758654165321184);
#8085=CIRCLE('',#10453,0.000677266964962238);
#8086=CIRCLE('',#10454,0.000846339013425526);
#8087=CIRCLE('',#10455,0.000858412954673584);
#8088=CIRCLE('',#10456,0.000652472437070183);
#8089=CIRCLE('',#10457,0.00077905762039512);
#8090=CIRCLE('',#10458,0.000753347756672221);
#8091=CIRCLE('',#10459,0.000643127962124948);
#8092=CIRCLE('',#10460,0.00075585567062397);
#8093=CIRCLE('',#10461,0.00076684701168068);
#8094=CIRCLE('',#10462,0.000681872812865022);
#8095=CIRCLE('',#10463,0.000835668179429854);
#8096=CIRCLE('',#10464,0.000811466026935575);
#8097=CIRCLE('',#10465,0.00068785619506142);
#8098=CIRCLE('',#10466,0.000789849775965956);
#8099=CIRCLE('',#10467,0.000789849775972981);
#8100=CIRCLE('',#10468,0.000690130255190677);
#8101=CIRCLE('',#10469,0.000810013075525958);
#8102=CIRCLE('',#10470,0.000800396603233804);
#8103=CIRCLE('',#10471,0.000710481147316267);
#8104=CIRCLE('',#10472,0.000796645342735031);
#8105=CIRCLE('',#10473,0.003525);
#8106=CIRCLE('',#10475,0.004025);
#8107=CIRCLE('',#10476,0.00402504845978979);
#8108=CIRCLE('',#10478,0.00054413103070833);
#8109=CIRCLE('',#10479,0.000603858449436389);
#8110=CIRCLE('',#10480,0.000642091506178459);
#8111=CIRCLE('',#10481,0.000616749620590235);
#8112=CIRCLE('',#10482,0.000773224704781818);
#8113=CIRCLE('',#10483,0.000788609554898653);
#8114=CIRCLE('',#10484,0.000628755365750439);
#8115=CIRCLE('',#10485,0.000628100727968272);
#8116=CIRCLE('',#10486,0.000597792248002775);
#8117=CIRCLE('',#10487,0.000566136442278371);
#8118=CIRCLE('',#10488,0.000438583866016766);
#8119=CIRCLE('',#10489,0.000532067144391394);
#8120=CIRCLE('',#10490,0.00352504845978979);
#8121=CIRCLE('',#10493,0.003525);
#8122=CIRCLE('',#10500,0.00199999850585);
#8123=CIRCLE('',#10501,0.00199999850585001);
#8124=CIRCLE('',#10502,0.003);
#8125=CIRCLE('',#10503,0.005);
#8126=CIRCLE('',#10504,0.005);
#8127=CIRCLE('',#10505,0.003);
#8128=CIRCLE('',#10506,0.0025);
#8129=CIRCLE('',#10507,0.0025);
#8130=CIRCLE('',#10508,0.0025);
#8131=CIRCLE('',#10509,0.0025);
#8132=CIRCLE('',#10510,0.002);
#8133=CIRCLE('',#10511,0.002);
#8134=CIRCLE('',#10513,0.0015);
#8135=CIRCLE('',#10514,0.0015);
#8136=CIRCLE('',#10515,0.0015);
#8137=CIRCLE('',#10516,0.0015);
#8138=CIRCLE('',#10517,0.00199999850585);
#8139=CIRCLE('',#10518,0.003);
#8140=CIRCLE('',#10519,0.005);
#8141=CIRCLE('',#10520,0.005);
#8142=CIRCLE('',#10521,0.003);
#8143=CIRCLE('',#10522,0.00199999850585001);
#8144=CIRCLE('',#10523,0.002);
#8145=CIRCLE('',#10524,0.002);
#8146=CIRCLE('',#10527,0.004);
#8147=CIRCLE('',#10528,0.004);
#8148=CIRCLE('',#10529,0.0015);
#8149=CIRCLE('',#10530,0.0015);
#8150=CIRCLE('',#10532,0.004);
#8151=CIRCLE('',#10533,0.004);
#8152=CIRCLE('',#10534,0.0015);
#8153=CIRCLE('',#10535,0.0015);
#8154=CIRCLE('',#10539,0.00685218244068606);
#8155=CIRCLE('',#10540,0.00695188050762946);
#8156=CIRCLE('',#10541,0.00703630474700543);
#8157=CIRCLE('',#10549,0.0015);
#8158=CIRCLE('',#10551,0.0025);
#8159=CIRCLE('',#10554,0.0015);
#8160=CIRCLE('',#10556,0.0025);
#8161=CIRCLE('',#10559,0.0015);
#8162=CIRCLE('',#10561,0.0025);
#8163=CIRCLE('',#10564,0.0015);
#8164=CIRCLE('',#10566,0.0025);
#8165=CIRCLE('',#10569,0.004);
#8166=CIRCLE('',#10571,0.0015);
#8167=CIRCLE('',#10574,0.004);
#8168=CIRCLE('',#10576,0.0015);
#8169=CIRCLE('',#10579,0.004);
#8170=CIRCLE('',#10581,0.0015);
#8171=CIRCLE('',#10584,0.004);
#8172=CIRCLE('',#10586,0.0015);
#8173=CIRCLE('',#10614,0.003525);
#8174=CIRCLE('',#10886,0.00703630474700543);
#8175=CIRCLE('',#10889,0.00695188050762946);
#8176=CIRCLE('',#10892,0.00685218244068606);
#8177=CIRCLE('',#10895,0.000460148226483219);
#8178=CIRCLE('',#10896,0.000460148226483219);
#8179=CIRCLE('',#10899,0.00046040014416086);
#8180=CIRCLE('',#10900,0.00046040014416086);
#8181=CIRCLE('',#10902,0.000533169482538439);
#8182=CIRCLE('',#10903,0.000533169482538439);
#8183=CIRCLE('',#10905,0.00148673726279661);
#8184=CIRCLE('',#10907,0.00075585567062397);
#8185=CIRCLE('',#10909,0.000643127962124948);
#8186=CIRCLE('',#10911,0.000753347756672221);
#8187=CIRCLE('',#10913,0.00077905762039512);
#8188=CIRCLE('',#10915,0.000652472437070183);
#8189=CIRCLE('',#10917,0.000858412954673584);
#8190=CIRCLE('',#10919,0.000846339013425526);
#8191=CIRCLE('',#10921,0.000677266964962238);
#8192=CIRCLE('',#10923,0.000758654165321184);
#8193=CIRCLE('',#10925,0.000642185818158259);
#8194=CIRCLE('',#10928,0.000396605159317771);
#8195=CIRCLE('',#10930,0.000462055979845286);
#8196=CIRCLE('',#10932,0.000482484458157385);
#8197=CIRCLE('',#10935,0.000408724355426727);
#8198=CIRCLE('',#10936,0.000408724355426727);
#8199=CIRCLE('',#10939,0.000611638224330304);
#8200=CIRCLE('',#10940,0.000611638224330304);
#8201=CIRCLE('',#10942,0.000619000359572661);
#8202=CIRCLE('',#10943,0.000619000359572661);
#8203=CIRCLE('',#10945,0.000481433092094019);
#8204=CIRCLE('',#10946,0.000481433092094019);
#8205=CIRCLE('',#10948,0.000502821491136524);
#8206=CIRCLE('',#10949,0.000502821491136524);
#8207=CIRCLE('',#10951,0.000495137119391781);
#8208=CIRCLE('',#10952,0.000495137119391781);
#8209=CIRCLE('',#10954,0.000484306567949563);
#8210=CIRCLE('',#10955,0.000484306567949563);
#8211=CIRCLE('',#10957,0.000625047017860367);
#8212=CIRCLE('',#10958,0.000625047017860367);
#8213=CIRCLE('',#10960,0.000611638224330258);
#8214=CIRCLE('',#10961,0.000611638224330258);
#8215=CIRCLE('',#10963,0.000475753999845298);
#8216=CIRCLE('',#10964,0.000475753999845298);
#8217=CIRCLE('',#10966,0.00050393500448709);
#8218=CIRCLE('',#10967,0.00050393500448709);
#8219=CIRCLE('',#10969,0.00050407417254659);
#8220=CIRCLE('',#10970,0.00050407417254659);
#8221=CIRCLE('',#10972,0.000844936507627641);
#8222=CIRCLE('',#10974,0.000861748207330808);
#8223=CIRCLE('',#10976,0.000687068532088859);
#8224=CIRCLE('',#10978,0.000686353180706632);
#8225=CIRCLE('',#10980,0.000651590659349857);
#8226=CIRCLE('',#10982,0.000585478329153193);
#8227=CIRCLE('',#10989,0.000584864335180457);
#8228=CIRCLE('',#10991,0.000676687674290146);
#8229=CIRCLE('',#10993,0.000707462347344239);
#8230=CIRCLE('',#10995,0.000673949328415768);
#8231=CIRCLE('',#10997,0.000481866487600997);
#8232=CIRCLE('',#10998,0.000481866487600997);
#8233=CIRCLE('',#11001,0.000524390894094589);
#8234=CIRCLE('',#11002,0.000524390894094589);
#8235=CIRCLE('',#11004,0.000502904144360844);
#8236=CIRCLE('',#11005,0.000502904144360844);
#8237=CIRCLE('',#11007,0.0004460933106157);
#8238=CIRCLE('',#11008,0.0004460933106157);
#8239=CIRCLE('',#11010,0.000637378518697443);
#8240=CIRCLE('',#11011,0.000637378518697443);
#8241=CIRCLE('',#11013,0.000451078273397765);
#8242=CIRCLE('',#11014,0.000451078273397765);
#8243=CIRCLE('',#11016,0.000517537713737807);
#8244=CIRCLE('',#11017,0.000517537713737807);
#8245=CIRCLE('',#11019,0.000518758684739871);
#8246=CIRCLE('',#11020,0.000518758684739871);
#8247=CIRCLE('',#11022,0.000466007222205692);
#8248=CIRCLE('',#11023,0.000466007222205692);
#8249=CIRCLE('',#11025,0.000616661249038108);
#8250=CIRCLE('',#11026,0.000616661249038108);
#8251=CIRCLE('',#11028,0.000606232925305633);
#8252=CIRCLE('',#11029,0.000606232925305633);
#8253=CIRCLE('',#11031,0.00076684701168068);
#8254=CIRCLE('',#11033,0.000796645342735031);
#8255=CIRCLE('',#11035,0.000710481147316267);
#8256=CIRCLE('',#11037,0.000800396603233804);
#8257=CIRCLE('',#11039,0.000810013075525958);
#8258=CIRCLE('',#11041,0.000690130255190677);
#8259=CIRCLE('',#11043,0.000789849775972981);
#8260=CIRCLE('',#11045,0.000789849775965956);
#8261=CIRCLE('',#11047,0.00068785619506142);
#8262=CIRCLE('',#11049,0.000811466026935575);
#8263=CIRCLE('',#11051,0.000835668179429854);
#8264=CIRCLE('',#11053,0.000681872812865022);
#8265=CIRCLE('',#11055,0.000480897125620982);
#8266=CIRCLE('',#11056,0.000480897125620982);
#8267=CIRCLE('',#11059,0.000850956327097124);
#8268=CIRCLE('',#11061,0.000865752908705812);
#8269=CIRCLE('',#11063,0.000665838136613295);
#8270=CIRCLE('',#11065,0.000743873124075541);
#8271=CIRCLE('',#11067,0.000659951463663401);
#8272=CIRCLE('',#11070,0.000388816699556099);
#8273=CIRCLE('',#11072,0.000466869818427925);
#8274=CIRCLE('',#11074,0.000438582551897439);
#8275=CIRCLE('',#11076,0.000440428943452762);
#8276=CIRCLE('',#11078,0.000461300575149869);
#8277=CIRCLE('',#11080,0.000385225972078517);
#8278=CIRCLE('',#11083,0.000631196454512402);
#8279=CIRCLE('',#11085,0.00074387312407546);
#8280=CIRCLE('',#11087,0.000668139329584678);
#8281=CIRCLE('',#11107,0.000438583866016766);
#8282=CIRCLE('',#11116,0.000532067144391394);
#8283=CIRCLE('',#11119,0.000559727010457853);
#8284=CIRCLE('',#11120,0.000559727010457853);
#8285=CIRCLE('',#11122,0.0005719977672844);
#8286=CIRCLE('',#11123,0.0005719977672844);
#8287=CIRCLE('',#11125,0.000440572702376937);
#8288=CIRCLE('',#11126,0.000440572702376937);
#8289=CIRCLE('',#11128,0.000459393405779683);
#8290=CIRCLE('',#11129,0.000459393405779683);
#8291=CIRCLE('',#11131,0.00045493693134163);
#8292=CIRCLE('',#11132,0.00045493693134163);
#8293=CIRCLE('',#11134,0.000449847063508601);
#8294=CIRCLE('',#11135,0.000449847063508601);
#8295=CIRCLE('',#11137,0.000556469500310695);
#8296=CIRCLE('',#11138,0.000556469500310695);
#8297=CIRCLE('',#11140,0.000551375832806143);
#8298=CIRCLE('',#11141,0.000551375832806143);
#8299=CIRCLE('',#11143,0.00044815152190506);
#8300=CIRCLE('',#11144,0.00044815152190506);
#8301=CIRCLE('',#11146,0.000456063453944245);
#8302=CIRCLE('',#11147,0.000456063453944245);
#8303=CIRCLE('',#11149,0.000467577926015147);
#8304=CIRCLE('',#11150,0.000467577926015147);
#8305=CIRCLE('',#11152,0.00054413103070833);
#8306=CIRCLE('',#11159,0.000566136442278371);
#8307=CIRCLE('',#11161,0.000597792248002775);
#8308=CIRCLE('',#11163,0.000628100727968272);
#8309=CIRCLE('',#11165,0.000628755365750439);
#8310=CIRCLE('',#11167,0.000788609554898653);
#8311=CIRCLE('',#11169,0.000773224704781818);
#8312=CIRCLE('',#11171,0.000616749620590235);
#8313=CIRCLE('',#11173,0.000642091506178459);
#8314=CIRCLE('',#11175,0.000603858449436389);
#8315=CIRCLE('',#11177,0.000432896839560942);
#8316=CIRCLE('',#11178,0.000432896839560942);
#8317=CIRCLE('',#11186,0.003525);
#8318=CIRCLE('',#11190,0.004025);
#8319=CIRCLE('',#11193,0.00402504845978979);
#8320=CIRCLE('',#11197,0.00352504845978979);
#8321=EDGE_LOOP('',(#2578,#2579,#2580,#2581,#2582,#2583,#2584,#2585,#2586,
#2587,#2588,#2589,#2590,#2591,#2592,#2593,#2594,#2595,#2596,#2597));
#8322=EDGE_LOOP('',(#2598,#2599,#2600,#2601,#2602,#2603,#2604,#2605,#2606,
#2607,#2608,#2609,#2610,#2611,#2612));
#8323=EDGE_LOOP('',(#2613,#2614,#2615,#2616,#2617,#2618,#2619,#2620));
#8324=EDGE_LOOP('',(#2621,#2622,#2623,#2624,#2625,#2626,#2627,#2628,#2629,
#2630,#2631,#2632,#2633,#2634,#2635,#2636,#2637,#2638));
#8325=EDGE_LOOP('',(#2639,#2640,#2641,#2642,#2643,#2644,#2645,#2646,#2647,
#2648,#2649,#2650));
#8326=EDGE_LOOP('',(#2651,#2652,#2653,#2654,#2655));
#8327=EDGE_LOOP('',(#2656,#2657,#2658,#2659,#2660,#2661,#2662,#2663,#2664,
#2665,#2666,#2667,#2668,#2669,#2670,#2671,#2672,#2673,#2674,#2675,#2676,
#2677,#2678,#2679,#2680,#2681,#2682,#2683,#2684,#2685,#2686,#2687,#2688,
#2689,#2690,#2691,#2692,#2693,#2694,#2695,#2696,#2697,#2698,#2699,#2700,
#2701,#2702,#2703,#2704,#2705));
#8328=EDGE_LOOP('',(#2706,#2707,#2708,#2709,#2710,#2711,#2712,#2713,#2714,
#2715));
#8329=EDGE_LOOP('',(#2716,#2717,#2718,#2719,#2720,#2721,#2722,#2723,#2724,
#2725,#2726,#2727,#2728,#2729,#2730));
#8330=EDGE_LOOP('',(#2731,#2732,#2733,#2734,#2735,#2736,#2737,#2738,#2739,
#2740,#2741,#2742,#2743));
#8331=EDGE_LOOP('',(#2744,#2745,#2746,#2747,#2748,#2749,#2750,#2751));
#8332=EDGE_LOOP('',(#2752,#2753,#2754,#2755,#2756,#2757,#2758,#2759,#2760,
#2761));
#8333=EDGE_LOOP('',(#2762,#2763,#2764,#2765,#2766));
#8334=EDGE_LOOP('',(#2767,#2768,#2769,#2770));
#8335=EDGE_LOOP('',(#2771,#2772,#2773,#2774,#2775,#2776,#2777,#2778,#2779,
#2780,#2781,#2782,#2783,#2784,#2785,#2786,#2787,#2788,#2789,#2790,#2791,
#2792,#2793,#2794,#2795,#2796,#2797,#2798,#2799,#2800,#2801,#2802,#2803,
#2804,#2805,#2806,#2807,#2808,#2809,#2810,#2811,#2812,#2813,#2814,#2815,
#2816,#2817,#2818,#2819,#2820));
#8336=EDGE_LOOP('',(#2821,#2822,#2823,#2824,#2825,#2826,#2827,#2828,#2829,
#2830,#2831,#2832,#2833,#2834,#2835,#2836,#2837,#2838,#2839,#2840,#2841,
#2842,#2843,#2844,#2845,#2846,#2847,#2848,#2849,#2850,#2851,#2852,#2853,
#2854,#2855,#2856,#2857,#2858,#2859,#2860,#2861,#2862,#2863,#2864,#2865,
#2866,#2867,#2868,#2869,#2870));
#8337=EDGE_LOOP('',(#2871,#2872,#2873,#2874,#2875,#2876,#2877,#2878,#2879,
#2880,#2881,#2882,#2883,#2884,#2885,#2886,#2887,#2888,#2889,#2890,#2891,
#2892,#2893,#2894,#2895,#2896,#2897,#2898,#2899,#2900,#2901,#2902,#2903,
#2904,#2905,#2906,#2907,#2908,#2909,#2910,#2911,#2912,#2913,#2914,#2915,
#2916,#2917,#2918,#2919,#2920));
#8338=EDGE_LOOP('',(#2921,#2922,#2923,#2924,#2925,#2926,#2927,#2928));
#8339=EDGE_LOOP('',(#2929,#2930,#2931,#2932,#2933,#2934,#2935,#2936,#2937,
#2938,#2939));
#8340=EDGE_LOOP('',(#2940,#2941,#2942,#2943));
#8341=EDGE_LOOP('',(#2944,#2945,#2946,#2947,#2948,#2949,#2950,#2951));
#8342=EDGE_LOOP('',(#2952,#2953,#2954,#2955,#2956,#2957));
#8343=EDGE_LOOP('',(#2958,#2959,#2960,#2961,#2962,#2963,#2964,#2965));
#8344=EDGE_LOOP('',(#2966,#2967,#2968,#2969,#2970,#2971,#2972,#2973));
#8345=EDGE_LOOP('',(#2974,#2975,#2976,#2977,#2978,#2979,#2980,#2981,#2982,
#2983,#2984,#2985,#2986,#2987,#2988,#2989,#2990,#2991,#2992));
#8346=EDGE_LOOP('',(#2993));
#8347=EDGE_LOOP('',(#2994));
#8348=EDGE_LOOP('',(#2995));
#8349=EDGE_LOOP('',(#2996));
#8350=EDGE_LOOP('',(#2997,#2998,#2999,#3000));
#8351=EDGE_LOOP('',(#3001,#3002,#3003,#3004,#3005,#3006));
#8352=EDGE_LOOP('',(#3007,#3008,#3009,#3010));
#8353=EDGE_LOOP('',(#3011));
#8354=EDGE_LOOP('',(#3012));
#8355=EDGE_LOOP('',(#3013));
#8356=EDGE_LOOP('',(#3014));
#8357=EDGE_LOOP('',(#3015,#3016,#3017,#3018,#3019,#3020,#3021,#3022,#3023,
#3024,#3025,#3026,#3027,#3028,#3029,#3030,#3031,#3032,#3033));
#8358=EDGE_LOOP('',(#3034,#3035,#3036,#3037,#3038,#3039));
#8359=EDGE_LOOP('',(#3040,#3041,#3042,#3043,#3044,#3045));
#8360=EDGE_LOOP('',(#3046,#3047,#3048,#3049,#3050,#3051,#3052,#3053,#3054,
#3055));
#8361=EDGE_LOOP('',(#3056));
#8362=EDGE_LOOP('',(#3057));
#8363=EDGE_LOOP('',(#3058,#3059,#3060,#3061,#3062,#3063,#3064,#3065,#3066,
#3067,#3068,#3069,#3070,#3071,#3072,#3073,#3074,#3075,#3076,#3077,#3078,
#3079,#3080,#3081,#3082,#3083));
#8364=EDGE_LOOP('',(#3084));
#8365=EDGE_LOOP('',(#3085));
#8366=EDGE_LOOP('',(#3086,#3087,#3088,#3089,#3090,#3091));
#8367=EDGE_LOOP('',(#3092,#3093,#3094,#3095));
#8368=EDGE_LOOP('',(#3096));
#8369=EDGE_LOOP('',(#3097));
#8370=EDGE_LOOP('',(#3098));
#8371=EDGE_LOOP('',(#3099,#3100,#3101,#3102));
#8372=EDGE_LOOP('',(#3103,#3104,#3105,#3106,#3107,#3108,#3109,#3110));
#8373=EDGE_LOOP('',(#3111,#3112,#3113,#3114));
#8374=EDGE_LOOP('',(#3115,#3116,#3117,#3118));
#8375=EDGE_LOOP('',(#3119,#3120,#3121,#3122));
#8376=EDGE_LOOP('',(#3123,#3124,#3125,#3126));
#8377=EDGE_LOOP('',(#3127,#3128,#3129,#3130));
#8378=EDGE_LOOP('',(#3131));
#8379=EDGE_LOOP('',(#3132));
#8380=EDGE_LOOP('',(#3133));
#8381=EDGE_LOOP('',(#3134));
#8382=EDGE_LOOP('',(#3135));
#8383=EDGE_LOOP('',(#3136));
#8384=EDGE_LOOP('',(#3137));
#8385=EDGE_LOOP('',(#3138));
#8386=EDGE_LOOP('',(#3139));
#8387=EDGE_LOOP('',(#3140));
#8388=EDGE_LOOP('',(#3141));
#8389=EDGE_LOOP('',(#3142));
#8390=EDGE_LOOP('',(#3143));
#8391=EDGE_LOOP('',(#3144));
#8392=EDGE_LOOP('',(#3145));
#8393=EDGE_LOOP('',(#3146));
#8394=EDGE_LOOP('',(#3147));
#8395=EDGE_LOOP('',(#3148));
#8396=EDGE_LOOP('',(#3149));
#8397=EDGE_LOOP('',(#3150));
#8398=EDGE_LOOP('',(#3151));
#8399=EDGE_LOOP('',(#3152));
#8400=EDGE_LOOP('',(#3153));
#8401=EDGE_LOOP('',(#3154));
#8402=EDGE_LOOP('',(#3155,#3156,#3157,#3158));
#8403=EDGE_LOOP('',(#3159));
#8404=EDGE_LOOP('',(#3160));
#8405=EDGE_LOOP('',(#3161));
#8406=EDGE_LOOP('',(#3162,#3163,#3164));
#8407=EDGE_LOOP('',(#3165,#3166,#3167,#3168));
#8408=EDGE_LOOP('',(#3169));
#8409=EDGE_LOOP('',(#3170));
#8410=EDGE_LOOP('',(#3171));
#8411=EDGE_LOOP('',(#3172,#3173,#3174));
#8412=EDGE_LOOP('',(#3175,#3176,#3177,#3178));
#8413=EDGE_LOOP('',(#3179));
#8414=EDGE_LOOP('',(#3180));
#8415=EDGE_LOOP('',(#3181));
#8416=EDGE_LOOP('',(#3182,#3183,#3184));
#8417=EDGE_LOOP('',(#3185,#3186,#3187,#3188));
#8418=EDGE_LOOP('',(#3189));
#8419=EDGE_LOOP('',(#3190));
#8420=EDGE_LOOP('',(#3191));
#8421=EDGE_LOOP('',(#3192,#3193,#3194));
#8422=EDGE_LOOP('',(#3195,#3196,#3197,#3198));
#8423=EDGE_LOOP('',(#3199,#3200,#3201,#3202));
#8424=EDGE_LOOP('',(#3203,#3204,#3205,#3206));
#8425=EDGE_LOOP('',(#3207,#3208,#3209,#3210));
#8426=EDGE_LOOP('',(#3211,#3212,#3213,#3214));
#8427=EDGE_LOOP('',(#3215,#3216,#3217,#3218));
#8428=EDGE_LOOP('',(#3219,#3220,#3221,#3222));
#8429=EDGE_LOOP('',(#3223,#3224,#3225,#3226));
#8430=EDGE_LOOP('',(#3227,#3228,#3229,#3230));
#8431=EDGE_LOOP('',(#3231,#3232,#3233,#3234));
#8432=EDGE_LOOP('',(#3235,#3236,#3237,#3238));
#8433=EDGE_LOOP('',(#3239,#3240,#3241,#3242));
#8434=EDGE_LOOP('',(#3243,#3244,#3245,#3246));
#8435=EDGE_LOOP('',(#3247,#3248,#3249,#3250));
#8436=EDGE_LOOP('',(#3251,#3252,#3253,#3254));
#8437=EDGE_LOOP('',(#3255,#3256,#3257,#3258));
#8438=EDGE_LOOP('',(#3259,#3260,#3261,#3262));
#8439=EDGE_LOOP('',(#3263,#3264,#3265,#3266));
#8440=EDGE_LOOP('',(#3267,#3268,#3269,#3270));
#8441=EDGE_LOOP('',(#3271,#3272,#3273,#3274));
#8442=EDGE_LOOP('',(#3275,#3276,#3277,#3278));
#8443=EDGE_LOOP('',(#3279,#3280,#3281,#3282));
#8444=EDGE_LOOP('',(#3283,#3284,#3285,#3286));
#8445=EDGE_LOOP('',(#3287,#3288,#3289,#3290));
#8446=EDGE_LOOP('',(#3291,#3292,#3293,#3294));
#8447=EDGE_LOOP('',(#3295,#3296,#3297,#3298));
#8448=EDGE_LOOP('',(#3299,#3300,#3301,#3302));
#8449=EDGE_LOOP('',(#3303,#3304,#3305,#3306));
#8450=EDGE_LOOP('',(#3307,#3308,#3309,#3310));
#8451=EDGE_LOOP('',(#3311,#3312,#3313,#3314));
#8452=EDGE_LOOP('',(#3315,#3316,#3317,#3318));
#8453=EDGE_LOOP('',(#3319,#3320,#3321,#3322));
#8454=EDGE_LOOP('',(#3323,#3324,#3325,#3326));
#8455=EDGE_LOOP('',(#3327,#3328,#3329,#3330));
#8456=EDGE_LOOP('',(#3331,#3332,#3333,#3334));
#8457=EDGE_LOOP('',(#3335,#3336,#3337,#3338));
#8458=EDGE_LOOP('',(#3339,#3340,#3341,#3342));
#8459=EDGE_LOOP('',(#3343,#3344,#3345,#3346,#3347,#3348,#3349,#3350));
#8460=EDGE_LOOP('',(#3351,#3352,#3353,#3354,#3355));
#8461=EDGE_LOOP('',(#3356,#3357,#3358,#3359));
#8462=EDGE_LOOP('',(#3360,#3361,#3362,#3363));
#8463=EDGE_LOOP('',(#3364,#3365,#3366,#3367));
#8464=EDGE_LOOP('',(#3368,#3369,#3370,#3371));
#8465=EDGE_LOOP('',(#3372,#3373,#3374,#3375));
#8466=EDGE_LOOP('',(#3376,#3377,#3378,#3379));
#8467=EDGE_LOOP('',(#3380,#3381,#3382,#3383));
#8468=EDGE_LOOP('',(#3384,#3385,#3386,#3387));
#8469=EDGE_LOOP('',(#3388,#3389,#3390,#3391));
#8470=EDGE_LOOP('',(#3392,#3393,#3394,#3395));
#8471=EDGE_LOOP('',(#3396,#3397,#3398,#3399));
#8472=EDGE_LOOP('',(#3400,#3401,#3402,#3403));
#8473=EDGE_LOOP('',(#3404,#3405,#3406,#3407));
#8474=EDGE_LOOP('',(#3408,#3409,#3410,#3411));
#8475=EDGE_LOOP('',(#3412,#3413,#3414,#3415));
#8476=EDGE_LOOP('',(#3416,#3417,#3418,#3419));
#8477=EDGE_LOOP('',(#3420,#3421,#3422,#3423));
#8478=EDGE_LOOP('',(#3424,#3425,#3426,#3427));
#8479=EDGE_LOOP('',(#3428,#3429,#3430,#3431));
#8480=EDGE_LOOP('',(#3432,#3433,#3434,#3435));
#8481=EDGE_LOOP('',(#3436,#3437,#3438,#3439));
#8482=EDGE_LOOP('',(#3440,#3441,#3442,#3443));
#8483=EDGE_LOOP('',(#3444,#3445,#3446,#3447));
#8484=EDGE_LOOP('',(#3448,#3449,#3450,#3451));
#8485=EDGE_LOOP('',(#3452,#3453,#3454,#3455));
#8486=EDGE_LOOP('',(#3456,#3457,#3458,#3459));
#8487=EDGE_LOOP('',(#3460,#3461,#3462,#3463));
#8488=EDGE_LOOP('',(#3464,#3465,#3466,#3467));
#8489=EDGE_LOOP('',(#3468,#3469,#3470,#3471));
#8490=EDGE_LOOP('',(#3472,#3473,#3474,#3475));
#8491=EDGE_LOOP('',(#3476,#3477,#3478,#3479));
#8492=EDGE_LOOP('',(#3480,#3481,#3482,#3483));
#8493=EDGE_LOOP('',(#3484,#3485,#3486,#3487));
#8494=EDGE_LOOP('',(#3488,#3489,#3490,#3491));
#8495=EDGE_LOOP('',(#3492,#3493,#3494,#3495));
#8496=EDGE_LOOP('',(#3496,#3497,#3498,#3499));
#8497=EDGE_LOOP('',(#3500,#3501,#3502,#3503));
#8498=EDGE_LOOP('',(#3504,#3505,#3506,#3507));
#8499=EDGE_LOOP('',(#3508,#3509,#3510,#3511));
#8500=EDGE_LOOP('',(#3512,#3513,#3514,#3515));
#8501=EDGE_LOOP('',(#3516,#3517,#3518,#3519));
#8502=EDGE_LOOP('',(#3520,#3521,#3522,#3523));
#8503=EDGE_LOOP('',(#3524,#3525,#3526,#3527));
#8504=EDGE_LOOP('',(#3528,#3529,#3530,#3531));
#8505=EDGE_LOOP('',(#3532,#3533,#3534,#3535));
#8506=EDGE_LOOP('',(#3536,#3537,#3538,#3539));
#8507=EDGE_LOOP('',(#3540,#3541,#3542,#3543));
#8508=EDGE_LOOP('',(#3544,#3545,#3546,#3547));
#8509=EDGE_LOOP('',(#3548,#3549,#3550,#3551));
#8510=EDGE_LOOP('',(#3552,#3553,#3554,#3555));
#8511=EDGE_LOOP('',(#3556,#3557,#3558,#3559,#3560,#3561,#3562,#3563,#3564,
#3565,#3566,#3567,#3568,#3569,#3570,#3571,#3572,#3573,#3574,#3575,#3576,
#3577,#3578,#3579,#3580,#3581,#3582,#3583,#3584,#3585,#3586,#3587,#3588,
#3589,#3590,#3591,#3592,#3593,#3594,#3595,#3596,#3597,#3598,#3599,#3600,
#3601,#3602,#3603,#3604,#3605));
#8512=EDGE_LOOP('',(#3606,#3607,#3608,#3609));
#8513=EDGE_LOOP('',(#3610,#3611,#3612,#3613));
#8514=EDGE_LOOP('',(#3614,#3615,#3616,#3617));
#8515=EDGE_LOOP('',(#3618,#3619,#3620,#3621));
#8516=EDGE_LOOP('',(#3622,#3623,#3624,#3625));
#8517=EDGE_LOOP('',(#3626,#3627,#3628,#3629));
#8518=EDGE_LOOP('',(#3630,#3631,#3632,#3633));
#8519=EDGE_LOOP('',(#3634,#3635,#3636,#3637));
#8520=EDGE_LOOP('',(#3638,#3639,#3640,#3641));
#8521=EDGE_LOOP('',(#3642,#3643,#3644,#3645));
#8522=EDGE_LOOP('',(#3646,#3647,#3648,#3649));
#8523=EDGE_LOOP('',(#3650,#3651,#3652,#3653));
#8524=EDGE_LOOP('',(#3654,#3655,#3656,#3657));
#8525=EDGE_LOOP('',(#3658,#3659,#3660,#3661));
#8526=EDGE_LOOP('',(#3662,#3663,#3664,#3665));
#8527=EDGE_LOOP('',(#3666,#3667,#3668,#3669));
#8528=EDGE_LOOP('',(#3670,#3671,#3672,#3673));
#8529=EDGE_LOOP('',(#3674,#3675,#3676,#3677));
#8530=EDGE_LOOP('',(#3678,#3679,#3680,#3681));
#8531=EDGE_LOOP('',(#3682,#3683,#3684,#3685));
#8532=EDGE_LOOP('',(#3686,#3687,#3688,#3689));
#8533=EDGE_LOOP('',(#3690,#3691,#3692,#3693));
#8534=EDGE_LOOP('',(#3694,#3695,#3696,#3697));
#8535=EDGE_LOOP('',(#3698,#3699,#3700,#3701));
#8536=EDGE_LOOP('',(#3702,#3703,#3704,#3705));
#8537=EDGE_LOOP('',(#3706,#3707,#3708,#3709));
#8538=EDGE_LOOP('',(#3710,#3711,#3712,#3713));
#8539=EDGE_LOOP('',(#3714,#3715,#3716,#3717));
#8540=EDGE_LOOP('',(#3718,#3719,#3720,#3721));
#8541=EDGE_LOOP('',(#3722,#3723,#3724,#3725));
#8542=EDGE_LOOP('',(#3726,#3727,#3728,#3729));
#8543=EDGE_LOOP('',(#3730,#3731,#3732,#3733));
#8544=EDGE_LOOP('',(#3734,#3735,#3736,#3737));
#8545=EDGE_LOOP('',(#3738,#3739,#3740,#3741));
#8546=EDGE_LOOP('',(#3742,#3743,#3744,#3745));
#8547=EDGE_LOOP('',(#3746,#3747,#3748,#3749));
#8548=EDGE_LOOP('',(#3750,#3751,#3752,#3753));
#8549=EDGE_LOOP('',(#3754,#3755,#3756,#3757));
#8550=EDGE_LOOP('',(#3758,#3759,#3760,#3761));
#8551=EDGE_LOOP('',(#3762,#3763,#3764,#3765));
#8552=EDGE_LOOP('',(#3766,#3767,#3768,#3769));
#8553=EDGE_LOOP('',(#3770,#3771,#3772,#3773));
#8554=EDGE_LOOP('',(#3774,#3775,#3776,#3777));
#8555=EDGE_LOOP('',(#3778,#3779,#3780,#3781));
#8556=EDGE_LOOP('',(#3782,#3783,#3784,#3785));
#8557=EDGE_LOOP('',(#3786,#3787,#3788,#3789));
#8558=EDGE_LOOP('',(#3790,#3791,#3792,#3793));
#8559=EDGE_LOOP('',(#3794,#3795,#3796,#3797));
#8560=EDGE_LOOP('',(#3798,#3799,#3800,#3801));
#8561=EDGE_LOOP('',(#3802,#3803,#3804,#3805));
#8562=EDGE_LOOP('',(#3806,#3807,#3808,#3809,#3810,#3811,#3812,#3813,#3814,
#3815,#3816,#3817,#3818,#3819,#3820,#3821,#3822,#3823,#3824,#3825,#3826,
#3827,#3828,#3829,#3830,#3831,#3832,#3833,#3834,#3835,#3836,#3837,#3838,
#3839,#3840,#3841,#3842,#3843,#3844,#3845,#3846,#3847,#3848,#3849,#3850,
#3851,#3852,#3853,#3854,#3855));
#8563=EDGE_LOOP('',(#3856,#3857,#3858,#3859));
#8564=EDGE_LOOP('',(#3860,#3861,#3862,#3863));
#8565=EDGE_LOOP('',(#3864,#3865,#3866,#3867));
#8566=EDGE_LOOP('',(#3868,#3869,#3870,#3871));
#8567=EDGE_LOOP('',(#3872,#3873,#3874,#3875));
#8568=EDGE_LOOP('',(#3876,#3877,#3878,#3879));
#8569=EDGE_LOOP('',(#3880,#3881,#3882,#3883));
#8570=EDGE_LOOP('',(#3884,#3885,#3886,#3887));
#8571=EDGE_LOOP('',(#3888,#3889,#3890,#3891));
#8572=EDGE_LOOP('',(#3892,#3893,#3894,#3895));
#8573=EDGE_LOOP('',(#3896,#3897,#3898,#3899));
#8574=EDGE_LOOP('',(#3900,#3901,#3902,#3903));
#8575=EDGE_LOOP('',(#3904,#3905,#3906,#3907));
#8576=EDGE_LOOP('',(#3908,#3909,#3910,#3911));
#8577=EDGE_LOOP('',(#3912,#3913,#3914,#3915));
#8578=EDGE_LOOP('',(#3916,#3917,#3918,#3919));
#8579=EDGE_LOOP('',(#3920,#3921,#3922,#3923));
#8580=EDGE_LOOP('',(#3924,#3925,#3926,#3927));
#8581=EDGE_LOOP('',(#3928,#3929,#3930,#3931));
#8582=EDGE_LOOP('',(#3932,#3933,#3934,#3935));
#8583=EDGE_LOOP('',(#3936,#3937,#3938,#3939));
#8584=EDGE_LOOP('',(#3940,#3941,#3942,#3943));
#8585=EDGE_LOOP('',(#3944,#3945,#3946,#3947));
#8586=EDGE_LOOP('',(#3948,#3949,#3950,#3951));
#8587=EDGE_LOOP('',(#3952,#3953,#3954,#3955));
#8588=EDGE_LOOP('',(#3956,#3957,#3958,#3959));
#8589=EDGE_LOOP('',(#3960,#3961,#3962,#3963));
#8590=EDGE_LOOP('',(#3964,#3965,#3966,#3967));
#8591=EDGE_LOOP('',(#3968,#3969,#3970,#3971));
#8592=EDGE_LOOP('',(#3972,#3973,#3974,#3975));
#8593=EDGE_LOOP('',(#3976,#3977,#3978,#3979));
#8594=EDGE_LOOP('',(#3980,#3981,#3982,#3983));
#8595=EDGE_LOOP('',(#3984,#3985,#3986,#3987));
#8596=EDGE_LOOP('',(#3988,#3989,#3990,#3991));
#8597=EDGE_LOOP('',(#3992,#3993,#3994,#3995));
#8598=EDGE_LOOP('',(#3996,#3997,#3998,#3999));
#8599=EDGE_LOOP('',(#4000,#4001,#4002,#4003));
#8600=EDGE_LOOP('',(#4004,#4005,#4006,#4007));
#8601=EDGE_LOOP('',(#4008,#4009,#4010,#4011));
#8602=EDGE_LOOP('',(#4012,#4013,#4014,#4015));
#8603=EDGE_LOOP('',(#4016,#4017,#4018,#4019));
#8604=EDGE_LOOP('',(#4020,#4021,#4022,#4023));
#8605=EDGE_LOOP('',(#4024,#4025,#4026,#4027));
#8606=EDGE_LOOP('',(#4028,#4029,#4030,#4031));
#8607=EDGE_LOOP('',(#4032,#4033,#4034,#4035));
#8608=EDGE_LOOP('',(#4036,#4037,#4038,#4039));
#8609=EDGE_LOOP('',(#4040,#4041,#4042,#4043));
#8610=EDGE_LOOP('',(#4044,#4045,#4046,#4047));
#8611=EDGE_LOOP('',(#4048,#4049,#4050,#4051));
#8612=EDGE_LOOP('',(#4052,#4053,#4054,#4055));
#8613=EDGE_LOOP('',(#4056,#4057,#4058,#4059));
#8614=EDGE_LOOP('',(#4060,#4061,#4062,#4063));
#8615=EDGE_LOOP('',(#4064,#4065,#4066,#4067));
#8616=EDGE_LOOP('',(#4068,#4069,#4070,#4071));
#8617=EDGE_LOOP('',(#4072,#4073,#4074,#4075));
#8618=EDGE_LOOP('',(#4076,#4077,#4078,#4079));
#8619=EDGE_LOOP('',(#4080,#4081,#4082,#4083));
#8620=EDGE_LOOP('',(#4084,#4085,#4086,#4087));
#8621=EDGE_LOOP('',(#4088,#4089,#4090,#4091));
#8622=EDGE_LOOP('',(#4092,#4093,#4094,#4095));
#8623=EDGE_LOOP('',(#4096,#4097,#4098,#4099));
#8624=EDGE_LOOP('',(#4100,#4101,#4102,#4103));
#8625=EDGE_LOOP('',(#4104,#4105,#4106,#4107));
#8626=EDGE_LOOP('',(#4108,#4109,#4110,#4111));
#8627=EDGE_LOOP('',(#4112,#4113,#4114,#4115));
#8628=EDGE_LOOP('',(#4116,#4117,#4118,#4119));
#8629=EDGE_LOOP('',(#4120,#4121,#4122,#4123));
#8630=EDGE_LOOP('',(#4124,#4125,#4126,#4127));
#8631=EDGE_LOOP('',(#4128,#4129,#4130,#4131));
#8632=EDGE_LOOP('',(#4132,#4133,#4134,#4135));
#8633=EDGE_LOOP('',(#4136,#4137,#4138,#4139));
#8634=EDGE_LOOP('',(#4140,#4141,#4142,#4143));
#8635=EDGE_LOOP('',(#4144,#4145,#4146,#4147));
#8636=EDGE_LOOP('',(#4148,#4149,#4150,#4151));
#8637=EDGE_LOOP('',(#4152,#4153,#4154,#4155));
#8638=EDGE_LOOP('',(#4156,#4157,#4158,#4159));
#8639=EDGE_LOOP('',(#4160,#4161,#4162,#4163));
#8640=EDGE_LOOP('',(#4164,#4165,#4166,#4167));
#8641=EDGE_LOOP('',(#4168,#4169,#4170,#4171));
#8642=EDGE_LOOP('',(#4172,#4173,#4174,#4175));
#8643=EDGE_LOOP('',(#4176,#4177,#4178,#4179,#4180,#4181,#4182,#4183,#4184,
#4185,#4186,#4187,#4188,#4189,#4190,#4191,#4192,#4193,#4194,#4195,#4196,
#4197,#4198,#4199,#4200,#4201,#4202,#4203,#4204,#4205,#4206,#4207,#4208,
#4209,#4210,#4211,#4212,#4213,#4214,#4215,#4216,#4217,#4218,#4219,#4220,
#4221,#4222,#4223,#4224,#4225));
#8644=EDGE_LOOP('',(#4226,#4227,#4228,#4229,#4230,#4231,#4232,#4233,#4234,
#4235,#4236,#4237,#4238,#4239,#4240,#4241,#4242,#4243,#4244,#4245,#4246,
#4247,#4248,#4249,#4250,#4251,#4252,#4253,#4254,#4255));
#8645=EDGE_LOOP('',(#4256,#4257,#4258,#4259,#4260,#4261,#4262,#4263,#4264,
#4265,#4266,#4267,#4268,#4269,#4270,#4271,#4272,#4273,#4274,#4275,#4276,
#4277,#4278,#4279,#4280,#4281,#4282,#4283,#4284,#4285));
#8646=EDGE_LOOP('',(#4286,#4287,#4288,#4289));
#8647=EDGE_LOOP('',(#4290,#4291,#4292,#4293));
#8648=EDGE_LOOP('',(#4294,#4295,#4296,#4297));
#8649=EDGE_LOOP('',(#4298,#4299,#4300,#4301));
#8650=EDGE_LOOP('',(#4302,#4303,#4304,#4305));
#8651=EDGE_LOOP('',(#4306,#4307,#4308,#4309));
#8652=EDGE_LOOP('',(#4310,#4311,#4312,#4313));
#8653=EDGE_LOOP('',(#4314,#4315,#4316,#4317));
#8654=EDGE_LOOP('',(#4318,#4319,#4320,#4321));
#8655=EDGE_LOOP('',(#4322,#4323,#4324,#4325));
#8656=EDGE_LOOP('',(#4326,#4327,#4328,#4329));
#8657=EDGE_LOOP('',(#4330,#4331,#4332,#4333));
#8658=EDGE_LOOP('',(#4334,#4335,#4336,#4337));
#8659=EDGE_LOOP('',(#4338,#4339,#4340,#4341));
#8660=EDGE_LOOP('',(#4342,#4343,#4344,#4345));
#8661=EDGE_LOOP('',(#4346,#4347,#4348,#4349));
#8662=EDGE_LOOP('',(#4350,#4351,#4352,#4353));
#8663=EDGE_LOOP('',(#4354,#4355,#4356,#4357));
#8664=EDGE_LOOP('',(#4358,#4359,#4360,#4361));
#8665=EDGE_LOOP('',(#4362,#4363,#4364,#4365));
#8666=EDGE_LOOP('',(#4366,#4367,#4368,#4369));
#8667=EDGE_LOOP('',(#4370,#4371,#4372,#4373));
#8668=EDGE_LOOP('',(#4374,#4375,#4376,#4377));
#8669=EDGE_LOOP('',(#4378,#4379,#4380,#4381));
#8670=EDGE_LOOP('',(#4382,#4383,#4384,#4385));
#8671=EDGE_LOOP('',(#4386,#4387,#4388,#4389));
#8672=EDGE_LOOP('',(#4390,#4391,#4392,#4393));
#8673=EDGE_LOOP('',(#4394,#4395,#4396,#4397));
#8674=EDGE_LOOP('',(#4398,#4399,#4400,#4401));
#8675=EDGE_LOOP('',(#4402,#4403,#4404,#4405));
#8676=EDGE_LOOP('',(#4406,#4407,#4408,#4409));
#8677=EDGE_LOOP('',(#4410,#4411,#4412,#4413));
#8678=EDGE_LOOP('',(#4414,#4415,#4416,#4417));
#8679=EDGE_LOOP('',(#4418,#4419,#4420,#4421));
#8680=EDGE_LOOP('',(#4422,#4423,#4424,#4425));
#8681=EDGE_LOOP('',(#4426,#4427,#4428,#4429));
#8682=EDGE_LOOP('',(#4430,#4431,#4432,#4433));
#8683=EDGE_LOOP('',(#4434,#4435,#4436,#4437));
#8684=EDGE_LOOP('',(#4438,#4439,#4440,#4441));
#8685=EDGE_LOOP('',(#4442,#4443,#4444,#4445));
#8686=EDGE_LOOP('',(#4446,#4447,#4448,#4449));
#8687=EDGE_LOOP('',(#4450,#4451,#4452,#4453));
#8688=EDGE_LOOP('',(#4454,#4455,#4456,#4457));
#8689=EDGE_LOOP('',(#4458,#4459,#4460,#4461));
#8690=EDGE_LOOP('',(#4462,#4463,#4464,#4465));
#8691=EDGE_LOOP('',(#4466,#4467,#4468,#4469));
#8692=EDGE_LOOP('',(#4470,#4471,#4472,#4473));
#8693=EDGE_LOOP('',(#4474,#4475,#4476,#4477));
#8694=EDGE_LOOP('',(#4478,#4479,#4480,#4481));
#8695=EDGE_LOOP('',(#4482,#4483,#4484,#4485));
#8696=EDGE_LOOP('',(#4486,#4487,#4488,#4489));
#8697=EDGE_LOOP('',(#4490,#4491,#4492,#4493));
#8698=EDGE_LOOP('',(#4494,#4495,#4496,#4497));
#8699=EDGE_LOOP('',(#4498,#4499,#4500,#4501));
#8700=EDGE_LOOP('',(#4502,#4503,#4504,#4505));
#8701=EDGE_LOOP('',(#4506,#4507,#4508,#4509));
#8702=EDGE_LOOP('',(#4510,#4511,#4512,#4513));
#8703=EDGE_LOOP('',(#4514,#4515,#4516,#4517));
#8704=EDGE_LOOP('',(#4518,#4519,#4520,#4521));
#8705=EDGE_LOOP('',(#4522,#4523,#4524,#4525));
#8706=EDGE_LOOP('',(#4526,#4527,#4528,#4529));
#8707=EDGE_LOOP('',(#4530,#4531,#4532,#4533));
#8708=EDGE_LOOP('',(#4534,#4535,#4536,#4537));
#8709=EDGE_LOOP('',(#4538,#4539,#4540,#4541));
#8710=EDGE_LOOP('',(#4542,#4543,#4544,#4545));
#8711=EDGE_LOOP('',(#4546,#4547,#4548,#4549));
#8712=EDGE_LOOP('',(#4550,#4551,#4552,#4553));
#8713=EDGE_LOOP('',(#4554,#4555,#4556,#4557));
#8714=EDGE_LOOP('',(#4558,#4559,#4560,#4561));
#8715=EDGE_LOOP('',(#4562,#4563,#4564,#4565));
#8716=EDGE_LOOP('',(#4566,#4567,#4568,#4569));
#8717=EDGE_LOOP('',(#4570,#4571,#4572,#4573));
#8718=EDGE_LOOP('',(#4574,#4575,#4576,#4577));
#8719=EDGE_LOOP('',(#4578,#4579,#4580,#4581));
#8720=EDGE_LOOP('',(#4582,#4583,#4584,#4585));
#8721=EDGE_LOOP('',(#4586,#4587,#4588,#4589));
#8722=EDGE_LOOP('',(#4590,#4591,#4592,#4593));
#8723=EDGE_LOOP('',(#4594,#4595,#4596,#4597));
#8724=EDGE_LOOP('',(#4598,#4599,#4600,#4601));
#8725=EDGE_LOOP('',(#4602,#4603,#4604,#4605));
#8726=EDGE_LOOP('',(#4606,#4607,#4608,#4609,#4610,#4611,#4612,#4613,#4614,
#4615,#4616,#4617,#4618,#4619,#4620,#4621,#4622,#4623,#4624,#4625,#4626,
#4627,#4628,#4629,#4630,#4631,#4632,#4633,#4634,#4635,#4636,#4637,#4638,
#4639,#4640,#4641,#4642,#4643,#4644,#4645,#4646,#4647,#4648,#4649,#4650,
#4651,#4652,#4653,#4654,#4655));
#8727=EDGE_LOOP('',(#4656,#4657,#4658,#4659,#4660,#4661,#4662,#4663,#4664,
#4665,#4666,#4667,#4668,#4669,#4670,#4671,#4672,#4673,#4674,#4675,#4676,
#4677,#4678,#4679,#4680,#4681,#4682,#4683,#4684,#4685));
#8728=EDGE_LOOP('',(#4686,#4687,#4688,#4689,#4690,#4691,#4692,#4693,#4694,
#4695,#4696,#4697,#4698,#4699,#4700,#4701,#4702,#4703,#4704,#4705,#4706,
#4707,#4708,#4709,#4710,#4711,#4712,#4713,#4714,#4715));
#8729=EDGE_LOOP('',(#4716));
#8730=EDGE_LOOP('',(#4717));
#8731=EDGE_LOOP('',(#4718));
#8732=EDGE_LOOP('',(#4719));
#8733=EDGE_LOOP('',(#4720));
#8734=EDGE_LOOP('',(#4721));
#8735=EDGE_LOOP('',(#4722));
#8736=EDGE_LOOP('',(#4723));
#8737=EDGE_LOOP('',(#4724));
#8738=EDGE_LOOP('',(#4725,#4726,#4727,#4728));
#8739=EDGE_LOOP('',(#4729,#4730,#4731,#4732));
#8740=EDGE_LOOP('',(#4733,#4734,#4735,#4736));
#8741=EDGE_LOOP('',(#4737,#4738,#4739,#4740));
#8742=EDGE_LOOP('',(#4741,#4742,#4743,#4744));
#8743=EDGE_LOOP('',(#4745,#4746,#4747,#4748));
#8744=EDGE_LOOP('',(#4749,#4750,#4751,#4752));
#8745=EDGE_LOOP('',(#4753,#4754,#4755,#4756));
#8746=EDGE_LOOP('',(#4757,#4758,#4759,#4760));
#8747=EDGE_LOOP('',(#4761,#4762,#4763,#4764));
#8748=EDGE_LOOP('',(#4765,#4766,#4767,#4768));
#8749=EDGE_LOOP('',(#4769,#4770,#4771,#4772));
#8750=EDGE_LOOP('',(#4773,#4774,#4775,#4776));
#8751=EDGE_LOOP('',(#4777,#4778,#4779,#4780));
#8752=EDGE_LOOP('',(#4781,#4782,#4783,#4784));
#8753=EDGE_LOOP('',(#4785,#4786,#4787,#4788));
#8754=EDGE_LOOP('',(#4789,#4790,#4791,#4792));
#8755=EDGE_LOOP('',(#4793,#4794,#4795,#4796));
#8756=EDGE_LOOP('',(#4797,#4798,#4799,#4800));
#8757=EDGE_LOOP('',(#4801,#4802,#4803,#4804));
#8758=EDGE_LOOP('',(#4805,#4806,#4807,#4808));
#8759=EDGE_LOOP('',(#4809,#4810,#4811,#4812));
#8760=EDGE_LOOP('',(#4813,#4814,#4815,#4816));
#8761=EDGE_LOOP('',(#4817,#4818,#4819,#4820));
#8762=EDGE_LOOP('',(#4821,#4822,#4823,#4824,#4825,#4826,#4827,#4828,#4829,
#4830,#4831,#4832,#4833,#4834,#4835,#4836,#4837,#4838));
#8763=EDGE_LOOP('',(#4839,#4840,#4841,#4842,#4843,#4844));
#8764=EDGE_LOOP('',(#4845,#4846,#4847,#4848));
#8765=EDGE_LOOP('',(#4849,#4850,#4851,#4852));
#8766=EDGE_LOOP('',(#4853,#4854,#4855,#4856));
#8767=EDGE_LOOP('',(#4857,#4858,#4859,#4860));
#8768=EDGE_LOOP('',(#4861,#4862,#4863,#4864));
#8769=EDGE_LOOP('',(#4865,#4866,#4867,#4868));
#8770=EDGE_LOOP('',(#4869,#4870,#4871,#4872));
#8771=EDGE_LOOP('',(#4873,#4874,#4875,#4876));
#8772=EDGE_LOOP('',(#4877,#4878,#4879,#4880));
#8773=EDGE_LOOP('',(#4881,#4882,#4883,#4884));
#8774=EDGE_LOOP('',(#4885,#4886,#4887,#4888));
#8775=EDGE_LOOP('',(#4889,#4890,#4891,#4892));
#8776=EDGE_LOOP('',(#4893,#4894,#4895,#4896));
#8777=EDGE_LOOP('',(#4897,#4898,#4899,#4900));
#8778=EDGE_LOOP('',(#4901,#4902,#4903,#4904));
#8779=EDGE_LOOP('',(#4905,#4906,#4907,#4908));
#8780=EDGE_LOOP('',(#4909,#4910,#4911,#4912));
#8781=EDGE_LOOP('',(#4913,#4914,#4915,#4916));
#8782=EDGE_LOOP('',(#4917,#4918,#4919,#4920));
#8783=EDGE_LOOP('',(#4921,#4922,#4923,#4924));
#8784=EDGE_LOOP('',(#4925,#4926,#4927,#4928));
#8785=EDGE_LOOP('',(#4929,#4930,#4931,#4932));
#8786=EDGE_LOOP('',(#4933,#4934,#4935,#4936));
#8787=EDGE_LOOP('',(#4937,#4938,#4939,#4940));
#8788=EDGE_LOOP('',(#4941,#4942,#4943,#4944));
#8789=EDGE_LOOP('',(#4945,#4946,#4947,#4948));
#8790=EDGE_LOOP('',(#4949,#4950,#4951,#4952));
#8791=EDGE_LOOP('',(#4953,#4954,#4955,#4956,#4957,#4958,#4959,#4960,#4961,
#4962,#4963,#4964,#4965,#4966,#4967));
#8792=EDGE_LOOP('',(#4968,#4969,#4970,#4971,#4972,#4973,#4974,#4975,#4976,
#4977,#4978,#4979));
#8793=EDGE_LOOP('',(#4980,#4981,#4982,#4983));
#8794=EDGE_LOOP('',(#4984,#4985,#4986,#4987));
#8795=EDGE_LOOP('',(#4988,#4989,#4990,#4991));
#8796=EDGE_LOOP('',(#4992,#4993,#4994,#4995));
#8797=EDGE_LOOP('',(#4996,#4997,#4998,#4999));
#8798=EDGE_LOOP('',(#5000,#5001,#5002,#5003));
#8799=EDGE_LOOP('',(#5004,#5005,#5006,#5007));
#8800=EDGE_LOOP('',(#5008,#5009,#5010,#5011));
#8801=EDGE_LOOP('',(#5012,#5013,#5014,#5015));
#8802=EDGE_LOOP('',(#5016,#5017,#5018,#5019));
#8803=EDGE_LOOP('',(#5020,#5021,#5022,#5023));
#8804=EDGE_LOOP('',(#5024,#5025,#5026,#5027));
#8805=EDGE_LOOP('',(#5028,#5029,#5030,#5031));
#8806=EDGE_LOOP('',(#5032,#5033,#5034,#5035));
#8807=EDGE_LOOP('',(#5036,#5037,#5038,#5039));
#8808=EDGE_LOOP('',(#5040,#5041,#5042,#5043));
#8809=EDGE_LOOP('',(#5044,#5045,#5046,#5047));
#8810=EDGE_LOOP('',(#5048,#5049,#5050,#5051));
#8811=EDGE_LOOP('',(#5052,#5053,#5054,#5055));
#8812=EDGE_LOOP('',(#5056,#5057,#5058,#5059));
#8813=EDGE_LOOP('',(#5060,#5061,#5062,#5063));
#8814=EDGE_LOOP('',(#5064,#5065,#5066,#5067));
#8815=EDGE_LOOP('',(#5068,#5069,#5070,#5071));
#8816=EDGE_LOOP('',(#5072,#5073,#5074,#5075));
#8817=EDGE_LOOP('',(#5076,#5077,#5078,#5079,#5080,#5081,#5082,#5083,#5084,
#5085,#5086,#5087));
#8818=EDGE_LOOP('',(#5088,#5089,#5090,#5091,#5092,#5093,#5094,#5095,#5096,
#5097,#5098,#5099));
#8819=EDGE_LOOP('',(#5100,#5101,#5102,#5103));
#8820=EDGE_LOOP('',(#5104,#5105,#5106,#5107));
#8821=EDGE_LOOP('',(#5108,#5109,#5110,#5111));
#8822=EDGE_LOOP('',(#5112,#5113,#5114,#5115));
#8823=EDGE_LOOP('',(#5116,#5117,#5118,#5119));
#8824=EDGE_LOOP('',(#5120,#5121,#5122,#5123));
#8825=EDGE_LOOP('',(#5124,#5125,#5126,#5127));
#8826=EDGE_LOOP('',(#5128,#5129,#5130,#5131));
#8827=EDGE_LOOP('',(#5132,#5133,#5134,#5135));
#8828=EDGE_LOOP('',(#5136,#5137,#5138,#5139));
#8829=EDGE_LOOP('',(#5140,#5141,#5142,#5143));
#8830=EDGE_LOOP('',(#5144,#5145,#5146,#5147));
#8831=EDGE_LOOP('',(#5148,#5149,#5150,#5151));
#8832=EDGE_LOOP('',(#5152,#5153,#5154,#5155));
#8833=EDGE_LOOP('',(#5156,#5157,#5158,#5159));
#8834=EDGE_LOOP('',(#5160,#5161,#5162,#5163));
#8835=EDGE_LOOP('',(#5164,#5165,#5166,#5167));
#8836=EDGE_LOOP('',(#5168,#5169,#5170,#5171));
#8837=EDGE_LOOP('',(#5172,#5173,#5174,#5175));
#8838=EDGE_LOOP('',(#5176,#5177,#5178,#5179));
#8839=EDGE_LOOP('',(#5180,#5181,#5182,#5183,#5184,#5185,#5186,#5187,#5188,
#5189,#5190,#5191,#5192,#5193,#5194,#5195,#5196,#5197,#5198,#5199));
#8840=EDGE_LOOP('',(#5200,#5201,#5202,#5203,#5204,#5205));
#8841=EDGE_LOOP('',(#5206,#5207,#5208,#5209,#5210,#5211,#5212,#5213,#5214,
#5215,#5216,#5217));
#8842=EDGE_LOOP('',(#5218,#5219,#5220,#5221,#5222,#5223,#5224,#5225,#5226,
#5227,#5228,#5229));
#8843=EDGE_LOOP('',(#5230,#5231,#5232,#5233));
#8844=EDGE_LOOP('',(#5234,#5235,#5236,#5237));
#8845=EDGE_LOOP('',(#5238,#5239,#5240,#5241));
#8846=EDGE_LOOP('',(#5242,#5243,#5244,#5245));
#8847=EDGE_LOOP('',(#5246,#5247,#5248,#5249));
#8848=EDGE_LOOP('',(#5250,#5251,#5252,#5253));
#8849=EDGE_LOOP('',(#5254,#5255,#5256,#5257));
#8850=EDGE_LOOP('',(#5258,#5259,#5260,#5261));
#8851=EDGE_LOOP('',(#5262,#5263,#5264,#5265));
#8852=EDGE_LOOP('',(#5266,#5267,#5268,#5269));
#8853=EDGE_LOOP('',(#5270,#5271,#5272,#5273));
#8854=EDGE_LOOP('',(#5274,#5275,#5276,#5277));
#8855=EDGE_LOOP('',(#5278,#5279,#5280,#5281));
#8856=EDGE_LOOP('',(#5282,#5283,#5284,#5285,#5286,#5287,#5288,#5289,#5290,
#5291,#5292,#5293,#5294));
#8857=EDGE_LOOP('',(#5295,#5296,#5297,#5298));
#8858=EDGE_LOOP('',(#5299,#5300,#5301,#5302));
#8859=EDGE_LOOP('',(#5303,#5304,#5305,#5306));
#8860=EDGE_LOOP('',(#5307,#5308,#5309,#5310));
#8861=EDGE_LOOP('',(#5311,#5312,#5313,#5314));
#8862=EDGE_LOOP('',(#5315,#5316,#5317,#5318));
#8863=EDGE_LOOP('',(#5319,#5320,#5321,#5322));
#8864=EDGE_LOOP('',(#5323,#5324,#5325,#5326));
#8865=EDGE_LOOP('',(#5327,#5328,#5329,#5330));
#8866=EDGE_LOOP('',(#5331,#5332,#5333,#5334));
#8867=EDGE_LOOP('',(#5335,#5336,#5337,#5338,#5339,#5340,#5341,#5342,#5343,
#5344));
#8868=EDGE_LOOP('',(#5345,#5346,#5347,#5348));
#8869=EDGE_LOOP('',(#5349,#5350,#5351,#5352));
#8870=EDGE_LOOP('',(#5353,#5354,#5355,#5356));
#8871=EDGE_LOOP('',(#5357,#5358,#5359,#5360));
#8872=EDGE_LOOP('',(#5361,#5362,#5363,#5364));
#8873=EDGE_LOOP('',(#5365,#5366,#5367,#5368));
#8874=EDGE_LOOP('',(#5369,#5370,#5371,#5372));
#8875=EDGE_LOOP('',(#5373,#5374,#5375,#5376));
#8876=EDGE_LOOP('',(#5377,#5378,#5379,#5380));
#8877=EDGE_LOOP('',(#5381,#5382,#5383,#5384));
#8878=EDGE_LOOP('',(#5385,#5386,#5387,#5388));
#8879=EDGE_LOOP('',(#5389,#5390,#5391,#5392));
#8880=EDGE_LOOP('',(#5393,#5394,#5395,#5396));
#8881=EDGE_LOOP('',(#5397,#5398,#5399,#5400));
#8882=EDGE_LOOP('',(#5401,#5402,#5403,#5404));
#8883=EDGE_LOOP('',(#5405,#5406,#5407,#5408));
#8884=EDGE_LOOP('',(#5409,#5410,#5411,#5412));
#8885=EDGE_LOOP('',(#5413,#5414,#5415,#5416));
#8886=EDGE_LOOP('',(#5417,#5418,#5419,#5420));
#8887=EDGE_LOOP('',(#5421,#5422,#5423,#5424));
#8888=EDGE_LOOP('',(#5425,#5426,#5427,#5428));
#8889=EDGE_LOOP('',(#5429,#5430,#5431,#5432));
#8890=EDGE_LOOP('',(#5433,#5434,#5435,#5436));
#8891=EDGE_LOOP('',(#5437,#5438,#5439,#5440));
#8892=EDGE_LOOP('',(#5441,#5442,#5443,#5444));
#8893=EDGE_LOOP('',(#5445,#5446,#5447,#5448));
#8894=EDGE_LOOP('',(#5449,#5450,#5451,#5452));
#8895=EDGE_LOOP('',(#5453,#5454,#5455,#5456,#5457,#5458,#5459,#5460,#5461,
#5462,#5463,#5464,#5465,#5466,#5467));
#8896=EDGE_LOOP('',(#5468,#5469,#5470,#5471,#5472,#5473,#5474,#5475,#5476,
#5477,#5478,#5479));
#8897=EDGE_LOOP('',(#5480,#5481,#5482,#5483,#5484,#5485,#5486,#5487,#5488,
#5489,#5490,#5491));
#8898=EDGE_LOOP('',(#5492,#5493,#5494,#5495));
#8899=EDGE_LOOP('',(#5496,#5497,#5498,#5499));
#8900=EDGE_LOOP('',(#5500,#5501,#5502,#5503));
#8901=EDGE_LOOP('',(#5504,#5505,#5506,#5507));
#8902=EDGE_LOOP('',(#5508,#5509,#5510,#5511));
#8903=EDGE_LOOP('',(#5512,#5513,#5514,#5515));
#8904=EDGE_LOOP('',(#5516,#5517,#5518,#5519));
#8905=EDGE_LOOP('',(#5520,#5521,#5522,#5523));
#8906=EDGE_LOOP('',(#5524,#5525,#5526,#5527));
#8907=EDGE_LOOP('',(#5528,#5529,#5530,#5531));
#8908=EDGE_LOOP('',(#5532,#5533,#5534,#5535));
#8909=EDGE_LOOP('',(#5536,#5537,#5538,#5539));
#8910=EDGE_LOOP('',(#5540,#5541,#5542,#5543));
#8911=EDGE_LOOP('',(#5544,#5545,#5546,#5547,#5548,#5549,#5550,#5551,#5552,
#5553,#5554,#5555,#5556,#5557,#5558,#5559));
#8912=FACE_BOUND('',#8321,.T.);
#8913=FACE_BOUND('',#8322,.T.);
#8914=FACE_BOUND('',#8323,.T.);
#8915=FACE_BOUND('',#8324,.T.);
#8916=FACE_BOUND('',#8325,.T.);
#8917=FACE_BOUND('',#8326,.T.);
#8918=FACE_BOUND('',#8327,.T.);
#8919=FACE_BOUND('',#8328,.T.);
#8920=FACE_BOUND('',#8329,.T.);
#8921=FACE_BOUND('',#8330,.T.);
#8922=FACE_BOUND('',#8331,.T.);
#8923=FACE_BOUND('',#8332,.T.);
#8924=FACE_BOUND('',#8333,.T.);
#8925=FACE_BOUND('',#8334,.T.);
#8926=FACE_BOUND('',#8335,.T.);
#8927=FACE_BOUND('',#8336,.T.);
#8928=FACE_BOUND('',#8337,.T.);
#8929=FACE_BOUND('',#8338,.T.);
#8930=FACE_BOUND('',#8339,.T.);
#8931=FACE_BOUND('',#8340,.T.);
#8932=FACE_BOUND('',#8341,.T.);
#8933=FACE_BOUND('',#8342,.T.);
#8934=FACE_BOUND('',#8343,.T.);
#8935=FACE_BOUND('',#8344,.T.);
#8936=FACE_BOUND('',#8345,.T.);
#8937=FACE_BOUND('',#8346,.T.);
#8938=FACE_BOUND('',#8347,.T.);
#8939=FACE_BOUND('',#8348,.T.);
#8940=FACE_BOUND('',#8349,.T.);
#8941=FACE_BOUND('',#8350,.T.);
#8942=FACE_BOUND('',#8351,.T.);
#8943=FACE_BOUND('',#8352,.T.);
#8944=FACE_BOUND('',#8353,.T.);
#8945=FACE_BOUND('',#8354,.T.);
#8946=FACE_BOUND('',#8355,.T.);
#8947=FACE_BOUND('',#8356,.T.);
#8948=FACE_BOUND('',#8357,.T.);
#8949=FACE_BOUND('',#8358,.T.);
#8950=FACE_BOUND('',#8359,.T.);
#8951=FACE_BOUND('',#8360,.T.);
#8952=FACE_BOUND('',#8361,.T.);
#8953=FACE_BOUND('',#8362,.T.);
#8954=FACE_BOUND('',#8363,.T.);
#8955=FACE_BOUND('',#8364,.T.);
#8956=FACE_BOUND('',#8365,.T.);
#8957=FACE_BOUND('',#8366,.T.);
#8958=FACE_BOUND('',#8367,.T.);
#8959=FACE_BOUND('',#8368,.T.);
#8960=FACE_BOUND('',#8369,.T.);
#8961=FACE_BOUND('',#8370,.T.);
#8962=FACE_BOUND('',#8371,.T.);
#8963=FACE_BOUND('',#8372,.T.);
#8964=FACE_BOUND('',#8373,.T.);
#8965=FACE_BOUND('',#8374,.T.);
#8966=FACE_BOUND('',#8375,.T.);
#8967=FACE_BOUND('',#8376,.T.);
#8968=FACE_BOUND('',#8377,.T.);
#8969=FACE_BOUND('',#8378,.T.);
#8970=FACE_BOUND('',#8379,.T.);
#8971=FACE_BOUND('',#8380,.T.);
#8972=FACE_BOUND('',#8381,.T.);
#8973=FACE_BOUND('',#8382,.T.);
#8974=FACE_BOUND('',#8383,.T.);
#8975=FACE_BOUND('',#8384,.T.);
#8976=FACE_BOUND('',#8385,.T.);
#8977=FACE_BOUND('',#8386,.T.);
#8978=FACE_BOUND('',#8387,.T.);
#8979=FACE_BOUND('',#8388,.T.);
#8980=FACE_BOUND('',#8389,.T.);
#8981=FACE_BOUND('',#8390,.T.);
#8982=FACE_BOUND('',#8391,.T.);
#8983=FACE_BOUND('',#8392,.T.);
#8984=FACE_BOUND('',#8393,.T.);
#8985=FACE_BOUND('',#8394,.T.);
#8986=FACE_BOUND('',#8395,.T.);
#8987=FACE_BOUND('',#8396,.T.);
#8988=FACE_BOUND('',#8397,.T.);
#8989=FACE_BOUND('',#8398,.T.);
#8990=FACE_BOUND('',#8399,.T.);
#8991=FACE_BOUND('',#8400,.T.);
#8992=FACE_BOUND('',#8401,.T.);
#8993=FACE_BOUND('',#8402,.T.);
#8994=FACE_BOUND('',#8403,.T.);
#8995=FACE_BOUND('',#8404,.T.);
#8996=FACE_BOUND('',#8405,.T.);
#8997=FACE_BOUND('',#8406,.T.);
#8998=FACE_BOUND('',#8407,.T.);
#8999=FACE_BOUND('',#8408,.T.);
#9000=FACE_BOUND('',#8409,.T.);
#9001=FACE_BOUND('',#8410,.T.);
#9002=FACE_BOUND('',#8411,.T.);
#9003=FACE_BOUND('',#8412,.T.);
#9004=FACE_BOUND('',#8413,.T.);
#9005=FACE_BOUND('',#8414,.T.);
#9006=FACE_BOUND('',#8415,.T.);
#9007=FACE_BOUND('',#8416,.T.);
#9008=FACE_BOUND('',#8417,.T.);
#9009=FACE_BOUND('',#8418,.T.);
#9010=FACE_BOUND('',#8419,.T.);
#9011=FACE_BOUND('',#8420,.T.);
#9012=FACE_BOUND('',#8421,.T.);
#9013=FACE_BOUND('',#8422,.T.);
#9014=FACE_BOUND('',#8423,.T.);
#9015=FACE_BOUND('',#8424,.T.);
#9016=FACE_BOUND('',#8425,.T.);
#9017=FACE_BOUND('',#8426,.T.);
#9018=FACE_BOUND('',#8427,.T.);
#9019=FACE_BOUND('',#8428,.T.);
#9020=FACE_BOUND('',#8429,.T.);
#9021=FACE_BOUND('',#8430,.T.);
#9022=FACE_BOUND('',#8431,.T.);
#9023=FACE_BOUND('',#8432,.T.);
#9024=FACE_BOUND('',#8433,.T.);
#9025=FACE_BOUND('',#8434,.T.);
#9026=FACE_BOUND('',#8435,.T.);
#9027=FACE_BOUND('',#8436,.T.);
#9028=FACE_BOUND('',#8437,.T.);
#9029=FACE_BOUND('',#8438,.T.);
#9030=FACE_BOUND('',#8439,.T.);
#9031=FACE_BOUND('',#8440,.T.);
#9032=FACE_BOUND('',#8441,.T.);
#9033=FACE_BOUND('',#8442,.T.);
#9034=FACE_BOUND('',#8443,.T.);
#9035=FACE_BOUND('',#8444,.T.);
#9036=FACE_BOUND('',#8445,.T.);
#9037=FACE_BOUND('',#8446,.T.);
#9038=FACE_BOUND('',#8447,.T.);
#9039=FACE_BOUND('',#8448,.T.);
#9040=FACE_BOUND('',#8449,.T.);
#9041=FACE_BOUND('',#8450,.T.);
#9042=FACE_BOUND('',#8451,.T.);
#9043=FACE_BOUND('',#8452,.T.);
#9044=FACE_BOUND('',#8453,.T.);
#9045=FACE_BOUND('',#8454,.T.);
#9046=FACE_BOUND('',#8455,.T.);
#9047=FACE_BOUND('',#8456,.T.);
#9048=FACE_BOUND('',#8457,.T.);
#9049=FACE_BOUND('',#8458,.T.);
#9050=FACE_BOUND('',#8459,.T.);
#9051=FACE_BOUND('',#8460,.T.);
#9052=FACE_BOUND('',#8461,.T.);
#9053=FACE_BOUND('',#8462,.T.);
#9054=FACE_BOUND('',#8463,.T.);
#9055=FACE_BOUND('',#8464,.T.);
#9056=FACE_BOUND('',#8465,.T.);
#9057=FACE_BOUND('',#8466,.T.);
#9058=FACE_BOUND('',#8467,.T.);
#9059=FACE_BOUND('',#8468,.T.);
#9060=FACE_BOUND('',#8469,.T.);
#9061=FACE_BOUND('',#8470,.T.);
#9062=FACE_BOUND('',#8471,.T.);
#9063=FACE_BOUND('',#8472,.T.);
#9064=FACE_BOUND('',#8473,.T.);
#9065=FACE_BOUND('',#8474,.T.);
#9066=FACE_BOUND('',#8475,.T.);
#9067=FACE_BOUND('',#8476,.T.);
#9068=FACE_BOUND('',#8477,.T.);
#9069=FACE_BOUND('',#8478,.T.);
#9070=FACE_BOUND('',#8479,.T.);
#9071=FACE_BOUND('',#8480,.T.);
#9072=FACE_BOUND('',#8481,.T.);
#9073=FACE_BOUND('',#8482,.T.);
#9074=FACE_BOUND('',#8483,.T.);
#9075=FACE_BOUND('',#8484,.T.);
#9076=FACE_BOUND('',#8485,.T.);
#9077=FACE_BOUND('',#8486,.T.);
#9078=FACE_BOUND('',#8487,.T.);
#9079=FACE_BOUND('',#8488,.T.);
#9080=FACE_BOUND('',#8489,.T.);
#9081=FACE_BOUND('',#8490,.T.);
#9082=FACE_BOUND('',#8491,.T.);
#9083=FACE_BOUND('',#8492,.T.);
#9084=FACE_BOUND('',#8493,.T.);
#9085=FACE_BOUND('',#8494,.T.);
#9086=FACE_BOUND('',#8495,.T.);
#9087=FACE_BOUND('',#8496,.T.);
#9088=FACE_BOUND('',#8497,.T.);
#9089=FACE_BOUND('',#8498,.T.);
#9090=FACE_BOUND('',#8499,.T.);
#9091=FACE_BOUND('',#8500,.T.);
#9092=FACE_BOUND('',#8501,.T.);
#9093=FACE_BOUND('',#8502,.T.);
#9094=FACE_BOUND('',#8503,.T.);
#9095=FACE_BOUND('',#8504,.T.);
#9096=FACE_BOUND('',#8505,.T.);
#9097=FACE_BOUND('',#8506,.T.);
#9098=FACE_BOUND('',#8507,.T.);
#9099=FACE_BOUND('',#8508,.T.);
#9100=FACE_BOUND('',#8509,.T.);
#9101=FACE_BOUND('',#8510,.T.);
#9102=FACE_BOUND('',#8511,.T.);
#9103=FACE_BOUND('',#8512,.T.);
#9104=FACE_BOUND('',#8513,.T.);
#9105=FACE_BOUND('',#8514,.T.);
#9106=FACE_BOUND('',#8515,.T.);
#9107=FACE_BOUND('',#8516,.T.);
#9108=FACE_BOUND('',#8517,.T.);
#9109=FACE_BOUND('',#8518,.T.);
#9110=FACE_BOUND('',#8519,.T.);
#9111=FACE_BOUND('',#8520,.T.);
#9112=FACE_BOUND('',#8521,.T.);
#9113=FACE_BOUND('',#8522,.T.);
#9114=FACE_BOUND('',#8523,.T.);
#9115=FACE_BOUND('',#8524,.T.);
#9116=FACE_BOUND('',#8525,.T.);
#9117=FACE_BOUND('',#8526,.T.);
#9118=FACE_BOUND('',#8527,.T.);
#9119=FACE_BOUND('',#8528,.T.);
#9120=FACE_BOUND('',#8529,.T.);
#9121=FACE_BOUND('',#8530,.T.);
#9122=FACE_BOUND('',#8531,.T.);
#9123=FACE_BOUND('',#8532,.T.);
#9124=FACE_BOUND('',#8533,.T.);
#9125=FACE_BOUND('',#8534,.T.);
#9126=FACE_BOUND('',#8535,.T.);
#9127=FACE_BOUND('',#8536,.T.);
#9128=FACE_BOUND('',#8537,.T.);
#9129=FACE_BOUND('',#8538,.T.);
#9130=FACE_BOUND('',#8539,.T.);
#9131=FACE_BOUND('',#8540,.T.);
#9132=FACE_BOUND('',#8541,.T.);
#9133=FACE_BOUND('',#8542,.T.);
#9134=FACE_BOUND('',#8543,.T.);
#9135=FACE_BOUND('',#8544,.T.);
#9136=FACE_BOUND('',#8545,.T.);
#9137=FACE_BOUND('',#8546,.T.);
#9138=FACE_BOUND('',#8547,.T.);
#9139=FACE_BOUND('',#8548,.T.);
#9140=FACE_BOUND('',#8549,.T.);
#9141=FACE_BOUND('',#8550,.T.);
#9142=FACE_BOUND('',#8551,.T.);
#9143=FACE_BOUND('',#8552,.T.);
#9144=FACE_BOUND('',#8553,.T.);
#9145=FACE_BOUND('',#8554,.T.);
#9146=FACE_BOUND('',#8555,.T.);
#9147=FACE_BOUND('',#8556,.T.);
#9148=FACE_BOUND('',#8557,.T.);
#9149=FACE_BOUND('',#8558,.T.);
#9150=FACE_BOUND('',#8559,.T.);
#9151=FACE_BOUND('',#8560,.T.);
#9152=FACE_BOUND('',#8561,.T.);
#9153=FACE_BOUND('',#8562,.T.);
#9154=FACE_BOUND('',#8563,.T.);
#9155=FACE_BOUND('',#8564,.T.);
#9156=FACE_BOUND('',#8565,.T.);
#9157=FACE_BOUND('',#8566,.T.);
#9158=FACE_BOUND('',#8567,.T.);
#9159=FACE_BOUND('',#8568,.T.);
#9160=FACE_BOUND('',#8569,.T.);
#9161=FACE_BOUND('',#8570,.T.);
#9162=FACE_BOUND('',#8571,.T.);
#9163=FACE_BOUND('',#8572,.T.);
#9164=FACE_BOUND('',#8573,.T.);
#9165=FACE_BOUND('',#8574,.T.);
#9166=FACE_BOUND('',#8575,.T.);
#9167=FACE_BOUND('',#8576,.T.);
#9168=FACE_BOUND('',#8577,.T.);
#9169=FACE_BOUND('',#8578,.T.);
#9170=FACE_BOUND('',#8579,.T.);
#9171=FACE_BOUND('',#8580,.T.);
#9172=FACE_BOUND('',#8581,.T.);
#9173=FACE_BOUND('',#8582,.T.);
#9174=FACE_BOUND('',#8583,.T.);
#9175=FACE_BOUND('',#8584,.T.);
#9176=FACE_BOUND('',#8585,.T.);
#9177=FACE_BOUND('',#8586,.T.);
#9178=FACE_BOUND('',#8587,.T.);
#9179=FACE_BOUND('',#8588,.T.);
#9180=FACE_BOUND('',#8589,.T.);
#9181=FACE_BOUND('',#8590,.T.);
#9182=FACE_BOUND('',#8591,.T.);
#9183=FACE_BOUND('',#8592,.T.);
#9184=FACE_BOUND('',#8593,.T.);
#9185=FACE_BOUND('',#8594,.T.);
#9186=FACE_BOUND('',#8595,.T.);
#9187=FACE_BOUND('',#8596,.T.);
#9188=FACE_BOUND('',#8597,.T.);
#9189=FACE_BOUND('',#8598,.T.);
#9190=FACE_BOUND('',#8599,.T.);
#9191=FACE_BOUND('',#8600,.T.);
#9192=FACE_BOUND('',#8601,.T.);
#9193=FACE_BOUND('',#8602,.T.);
#9194=FACE_BOUND('',#8603,.T.);
#9195=FACE_BOUND('',#8604,.T.);
#9196=FACE_BOUND('',#8605,.T.);
#9197=FACE_BOUND('',#8606,.T.);
#9198=FACE_BOUND('',#8607,.T.);
#9199=FACE_BOUND('',#8608,.T.);
#9200=FACE_BOUND('',#8609,.T.);
#9201=FACE_BOUND('',#8610,.T.);
#9202=FACE_BOUND('',#8611,.T.);
#9203=FACE_BOUND('',#8612,.T.);
#9204=FACE_BOUND('',#8613,.T.);
#9205=FACE_BOUND('',#8614,.T.);
#9206=FACE_BOUND('',#8615,.T.);
#9207=FACE_BOUND('',#8616,.T.);
#9208=FACE_BOUND('',#8617,.T.);
#9209=FACE_BOUND('',#8618,.T.);
#9210=FACE_BOUND('',#8619,.T.);
#9211=FACE_BOUND('',#8620,.T.);
#9212=FACE_BOUND('',#8621,.T.);
#9213=FACE_BOUND('',#8622,.T.);
#9214=FACE_BOUND('',#8623,.T.);
#9215=FACE_BOUND('',#8624,.T.);
#9216=FACE_BOUND('',#8625,.T.);
#9217=FACE_BOUND('',#8626,.T.);
#9218=FACE_BOUND('',#8627,.T.);
#9219=FACE_BOUND('',#8628,.T.);
#9220=FACE_BOUND('',#8629,.T.);
#9221=FACE_BOUND('',#8630,.T.);
#9222=FACE_BOUND('',#8631,.T.);
#9223=FACE_BOUND('',#8632,.T.);
#9224=FACE_BOUND('',#8633,.T.);
#9225=FACE_BOUND('',#8634,.T.);
#9226=FACE_BOUND('',#8635,.T.);
#9227=FACE_BOUND('',#8636,.T.);
#9228=FACE_BOUND('',#8637,.T.);
#9229=FACE_BOUND('',#8638,.T.);
#9230=FACE_BOUND('',#8639,.T.);
#9231=FACE_BOUND('',#8640,.T.);
#9232=FACE_BOUND('',#8641,.T.);
#9233=FACE_BOUND('',#8642,.T.);
#9234=FACE_BOUND('',#8643,.T.);
#9235=FACE_BOUND('',#8644,.T.);
#9236=FACE_BOUND('',#8645,.T.);
#9237=FACE_BOUND('',#8646,.T.);
#9238=FACE_BOUND('',#8647,.T.);
#9239=FACE_BOUND('',#8648,.T.);
#9240=FACE_BOUND('',#8649,.T.);
#9241=FACE_BOUND('',#8650,.T.);
#9242=FACE_BOUND('',#8651,.T.);
#9243=FACE_BOUND('',#8652,.T.);
#9244=FACE_BOUND('',#8653,.T.);
#9245=FACE_BOUND('',#8654,.T.);
#9246=FACE_BOUND('',#8655,.T.);
#9247=FACE_BOUND('',#8656,.T.);
#9248=FACE_BOUND('',#8657,.T.);
#9249=FACE_BOUND('',#8658,.T.);
#9250=FACE_BOUND('',#8659,.T.);
#9251=FACE_BOUND('',#8660,.T.);
#9252=FACE_BOUND('',#8661,.T.);
#9253=FACE_BOUND('',#8662,.T.);
#9254=FACE_BOUND('',#8663,.T.);
#9255=FACE_BOUND('',#8664,.T.);
#9256=FACE_BOUND('',#8665,.T.);
#9257=FACE_BOUND('',#8666,.T.);
#9258=FACE_BOUND('',#8667,.T.);
#9259=FACE_BOUND('',#8668,.T.);
#9260=FACE_BOUND('',#8669,.T.);
#9261=FACE_BOUND('',#8670,.T.);
#9262=FACE_BOUND('',#8671,.T.);
#9263=FACE_BOUND('',#8672,.T.);
#9264=FACE_BOUND('',#8673,.T.);
#9265=FACE_BOUND('',#8674,.T.);
#9266=FACE_BOUND('',#8675,.T.);
#9267=FACE_BOUND('',#8676,.T.);
#9268=FACE_BOUND('',#8677,.T.);
#9269=FACE_BOUND('',#8678,.T.);
#9270=FACE_BOUND('',#8679,.T.);
#9271=FACE_BOUND('',#8680,.T.);
#9272=FACE_BOUND('',#8681,.T.);
#9273=FACE_BOUND('',#8682,.T.);
#9274=FACE_BOUND('',#8683,.T.);
#9275=FACE_BOUND('',#8684,.T.);
#9276=FACE_BOUND('',#8685,.T.);
#9277=FACE_BOUND('',#8686,.T.);
#9278=FACE_BOUND('',#8687,.T.);
#9279=FACE_BOUND('',#8688,.T.);
#9280=FACE_BOUND('',#8689,.T.);
#9281=FACE_BOUND('',#8690,.T.);
#9282=FACE_BOUND('',#8691,.T.);
#9283=FACE_BOUND('',#8692,.T.);
#9284=FACE_BOUND('',#8693,.T.);
#9285=FACE_BOUND('',#8694,.T.);
#9286=FACE_BOUND('',#8695,.T.);
#9287=FACE_BOUND('',#8696,.T.);
#9288=FACE_BOUND('',#8697,.T.);
#9289=FACE_BOUND('',#8698,.T.);
#9290=FACE_BOUND('',#8699,.T.);
#9291=FACE_BOUND('',#8700,.T.);
#9292=FACE_BOUND('',#8701,.T.);
#9293=FACE_BOUND('',#8702,.T.);
#9294=FACE_BOUND('',#8703,.T.);
#9295=FACE_BOUND('',#8704,.T.);
#9296=FACE_BOUND('',#8705,.T.);
#9297=FACE_BOUND('',#8706,.T.);
#9298=FACE_BOUND('',#8707,.T.);
#9299=FACE_BOUND('',#8708,.T.);
#9300=FACE_BOUND('',#8709,.T.);
#9301=FACE_BOUND('',#8710,.T.);
#9302=FACE_BOUND('',#8711,.T.);
#9303=FACE_BOUND('',#8712,.T.);
#9304=FACE_BOUND('',#8713,.T.);
#9305=FACE_BOUND('',#8714,.T.);
#9306=FACE_BOUND('',#8715,.T.);
#9307=FACE_BOUND('',#8716,.T.);
#9308=FACE_BOUND('',#8717,.T.);
#9309=FACE_BOUND('',#8718,.T.);
#9310=FACE_BOUND('',#8719,.T.);
#9311=FACE_BOUND('',#8720,.T.);
#9312=FACE_BOUND('',#8721,.T.);
#9313=FACE_BOUND('',#8722,.T.);
#9314=FACE_BOUND('',#8723,.T.);
#9315=FACE_BOUND('',#8724,.T.);
#9316=FACE_BOUND('',#8725,.T.);
#9317=FACE_BOUND('',#8726,.T.);
#9318=FACE_BOUND('',#8727,.T.);
#9319=FACE_BOUND('',#8728,.T.);
#9320=FACE_BOUND('',#8729,.T.);
#9321=FACE_BOUND('',#8730,.T.);
#9322=FACE_BOUND('',#8731,.T.);
#9323=FACE_BOUND('',#8732,.T.);
#9324=FACE_BOUND('',#8733,.T.);
#9325=FACE_BOUND('',#8734,.T.);
#9326=FACE_BOUND('',#8735,.T.);
#9327=FACE_BOUND('',#8736,.T.);
#9328=FACE_BOUND('',#8737,.T.);
#9329=FACE_BOUND('',#8738,.T.);
#9330=FACE_BOUND('',#8739,.T.);
#9331=FACE_BOUND('',#8740,.T.);
#9332=FACE_BOUND('',#8741,.T.);
#9333=FACE_BOUND('',#8742,.T.);
#9334=FACE_BOUND('',#8743,.T.);
#9335=FACE_BOUND('',#8744,.T.);
#9336=FACE_BOUND('',#8745,.T.);
#9337=FACE_BOUND('',#8746,.T.);
#9338=FACE_BOUND('',#8747,.T.);
#9339=FACE_BOUND('',#8748,.T.);
#9340=FACE_BOUND('',#8749,.T.);
#9341=FACE_BOUND('',#8750,.T.);
#9342=FACE_BOUND('',#8751,.T.);
#9343=FACE_BOUND('',#8752,.T.);
#9344=FACE_BOUND('',#8753,.T.);
#9345=FACE_BOUND('',#8754,.T.);
#9346=FACE_BOUND('',#8755,.T.);
#9347=FACE_BOUND('',#8756,.T.);
#9348=FACE_BOUND('',#8757,.T.);
#9349=FACE_BOUND('',#8758,.T.);
#9350=FACE_BOUND('',#8759,.T.);
#9351=FACE_BOUND('',#8760,.T.);
#9352=FACE_BOUND('',#8761,.T.);
#9353=FACE_BOUND('',#8762,.T.);
#9354=FACE_BOUND('',#8763,.T.);
#9355=FACE_BOUND('',#8764,.T.);
#9356=FACE_BOUND('',#8765,.T.);
#9357=FACE_BOUND('',#8766,.T.);
#9358=FACE_BOUND('',#8767,.T.);
#9359=FACE_BOUND('',#8768,.T.);
#9360=FACE_BOUND('',#8769,.T.);
#9361=FACE_BOUND('',#8770,.T.);
#9362=FACE_BOUND('',#8771,.T.);
#9363=FACE_BOUND('',#8772,.T.);
#9364=FACE_BOUND('',#8773,.T.);
#9365=FACE_BOUND('',#8774,.T.);
#9366=FACE_BOUND('',#8775,.T.);
#9367=FACE_BOUND('',#8776,.T.);
#9368=FACE_BOUND('',#8777,.T.);
#9369=FACE_BOUND('',#8778,.T.);
#9370=FACE_BOUND('',#8779,.T.);
#9371=FACE_BOUND('',#8780,.T.);
#9372=FACE_BOUND('',#8781,.T.);
#9373=FACE_BOUND('',#8782,.T.);
#9374=FACE_BOUND('',#8783,.T.);
#9375=FACE_BOUND('',#8784,.T.);
#9376=FACE_BOUND('',#8785,.T.);
#9377=FACE_BOUND('',#8786,.T.);
#9378=FACE_BOUND('',#8787,.T.);
#9379=FACE_BOUND('',#8788,.T.);
#9380=FACE_BOUND('',#8789,.T.);
#9381=FACE_BOUND('',#8790,.T.);
#9382=FACE_BOUND('',#8791,.T.);
#9383=FACE_BOUND('',#8792,.T.);
#9384=FACE_BOUND('',#8793,.T.);
#9385=FACE_BOUND('',#8794,.T.);
#9386=FACE_BOUND('',#8795,.T.);
#9387=FACE_BOUND('',#8796,.T.);
#9388=FACE_BOUND('',#8797,.T.);
#9389=FACE_BOUND('',#8798,.T.);
#9390=FACE_BOUND('',#8799,.T.);
#9391=FACE_BOUND('',#8800,.T.);
#9392=FACE_BOUND('',#8801,.T.);
#9393=FACE_BOUND('',#8802,.T.);
#9394=FACE_BOUND('',#8803,.T.);
#9395=FACE_BOUND('',#8804,.T.);
#9396=FACE_BOUND('',#8805,.T.);
#9397=FACE_BOUND('',#8806,.T.);
#9398=FACE_BOUND('',#8807,.T.);
#9399=FACE_BOUND('',#8808,.T.);
#9400=FACE_BOUND('',#8809,.T.);
#9401=FACE_BOUND('',#8810,.T.);
#9402=FACE_BOUND('',#8811,.T.);
#9403=FACE_BOUND('',#8812,.T.);
#9404=FACE_BOUND('',#8813,.T.);
#9405=FACE_BOUND('',#8814,.T.);
#9406=FACE_BOUND('',#8815,.T.);
#9407=FACE_BOUND('',#8816,.T.);
#9408=FACE_BOUND('',#8817,.T.);
#9409=FACE_BOUND('',#8818,.T.);
#9410=FACE_BOUND('',#8819,.T.);
#9411=FACE_BOUND('',#8820,.T.);
#9412=FACE_BOUND('',#8821,.T.);
#9413=FACE_BOUND('',#8822,.T.);
#9414=FACE_BOUND('',#8823,.T.);
#9415=FACE_BOUND('',#8824,.T.);
#9416=FACE_BOUND('',#8825,.T.);
#9417=FACE_BOUND('',#8826,.T.);
#9418=FACE_BOUND('',#8827,.T.);
#9419=FACE_BOUND('',#8828,.T.);
#9420=FACE_BOUND('',#8829,.T.);
#9421=FACE_BOUND('',#8830,.T.);
#9422=FACE_BOUND('',#8831,.T.);
#9423=FACE_BOUND('',#8832,.T.);
#9424=FACE_BOUND('',#8833,.T.);
#9425=FACE_BOUND('',#8834,.T.);
#9426=FACE_BOUND('',#8835,.T.);
#9427=FACE_BOUND('',#8836,.T.);
#9428=FACE_BOUND('',#8837,.T.);
#9429=FACE_BOUND('',#8838,.T.);
#9430=FACE_BOUND('',#8839,.T.);
#9431=FACE_BOUND('',#8840,.T.);
#9432=FACE_BOUND('',#8841,.T.);
#9433=FACE_BOUND('',#8842,.T.);
#9434=FACE_BOUND('',#8843,.T.);
#9435=FACE_BOUND('',#8844,.T.);
#9436=FACE_BOUND('',#8845,.T.);
#9437=FACE_BOUND('',#8846,.T.);
#9438=FACE_BOUND('',#8847,.T.);
#9439=FACE_BOUND('',#8848,.T.);
#9440=FACE_BOUND('',#8849,.T.);
#9441=FACE_BOUND('',#8850,.T.);
#9442=FACE_BOUND('',#8851,.T.);
#9443=FACE_BOUND('',#8852,.T.);
#9444=FACE_BOUND('',#8853,.T.);
#9445=FACE_BOUND('',#8854,.T.);
#9446=FACE_BOUND('',#8855,.T.);
#9447=FACE_BOUND('',#8856,.T.);
#9448=FACE_BOUND('',#8857,.T.);
#9449=FACE_BOUND('',#8858,.T.);
#9450=FACE_BOUND('',#8859,.T.);
#9451=FACE_BOUND('',#8860,.T.);
#9452=FACE_BOUND('',#8861,.T.);
#9453=FACE_BOUND('',#8862,.T.);
#9454=FACE_BOUND('',#8863,.T.);
#9455=FACE_BOUND('',#8864,.T.);
#9456=FACE_BOUND('',#8865,.T.);
#9457=FACE_BOUND('',#8866,.T.);
#9458=FACE_BOUND('',#8867,.T.);
#9459=FACE_BOUND('',#8868,.T.);
#9460=FACE_BOUND('',#8869,.T.);
#9461=FACE_BOUND('',#8870,.T.);
#9462=FACE_BOUND('',#8871,.T.);
#9463=FACE_BOUND('',#8872,.T.);
#9464=FACE_BOUND('',#8873,.T.);
#9465=FACE_BOUND('',#8874,.T.);
#9466=FACE_BOUND('',#8875,.T.);
#9467=FACE_BOUND('',#8876,.T.);
#9468=FACE_BOUND('',#8877,.T.);
#9469=FACE_BOUND('',#8878,.T.);
#9470=FACE_BOUND('',#8879,.T.);
#9471=FACE_BOUND('',#8880,.T.);
#9472=FACE_BOUND('',#8881,.T.);
#9473=FACE_BOUND('',#8882,.T.);
#9474=FACE_BOUND('',#8883,.T.);
#9475=FACE_BOUND('',#8884,.T.);
#9476=FACE_BOUND('',#8885,.T.);
#9477=FACE_BOUND('',#8886,.T.);
#9478=FACE_BOUND('',#8887,.T.);
#9479=FACE_BOUND('',#8888,.T.);
#9480=FACE_BOUND('',#8889,.T.);
#9481=FACE_BOUND('',#8890,.T.);
#9482=FACE_BOUND('',#8891,.T.);
#9483=FACE_BOUND('',#8892,.T.);
#9484=FACE_BOUND('',#8893,.T.);
#9485=FACE_BOUND('',#8894,.T.);
#9486=FACE_BOUND('',#8895,.T.);
#9487=FACE_BOUND('',#8896,.T.);
#9488=FACE_BOUND('',#8897,.T.);
#9489=FACE_BOUND('',#8898,.T.);
#9490=FACE_BOUND('',#8899,.T.);
#9491=FACE_BOUND('',#8900,.T.);
#9492=FACE_BOUND('',#8901,.T.);
#9493=FACE_BOUND('',#8902,.T.);
#9494=FACE_BOUND('',#8903,.T.);
#9495=FACE_BOUND('',#8904,.T.);
#9496=FACE_BOUND('',#8905,.T.);
#9497=FACE_BOUND('',#8906,.T.);
#9498=FACE_BOUND('',#8907,.T.);
#9499=FACE_BOUND('',#8908,.T.);
#9500=FACE_BOUND('',#8909,.T.);
#9501=FACE_BOUND('',#8910,.T.);
#9502=FACE_BOUND('',#8911,.T.);
#9503=PLANE('',#10422);
#9504=PLANE('',#10474);
#9505=PLANE('',#10477);
#9506=PLANE('',#10491);
#9507=PLANE('',#10492);
#9508=PLANE('',#10494);
#9509=PLANE('',#10495);
#9510=PLANE('',#10496);
#9511=PLANE('',#10497);
#9512=PLANE('',#10498);
#9513=PLANE('',#10499);
#9514=PLANE('',#10512);
#9515=PLANE('',#10525);
#9516=PLANE('',#10526);
#9517=PLANE('',#10531);
#9518=PLANE('',#10536);
#9519=PLANE('',#10537);
#9520=PLANE('',#10538);
#9521=PLANE('',#10542);
#9522=PLANE('',#10545);
#9523=PLANE('',#10546);
#9524=PLANE('',#10547);
#9525=PLANE('',#10552);
#9526=PLANE('',#10557);
#9527=PLANE('',#10562);
#9528=PLANE('',#10567);
#9529=PLANE('',#10572);
#9530=PLANE('',#10577);
#9531=PLANE('',#10582);
#9532=PLANE('',#10587);
#9533=PLANE('',#10588);
#9534=PLANE('',#10590);
#9535=PLANE('',#10592);
#9536=PLANE('',#10593);
#9537=PLANE('',#10594);
#9538=PLANE('',#10595);
#9539=PLANE('',#10596);
#9540=PLANE('',#10597);
#9541=PLANE('',#10598);
#9542=PLANE('',#10601);
#9543=PLANE('',#10604);
#9544=PLANE('',#10605);
#9545=PLANE('',#10606);
#9546=PLANE('',#10607);
#9547=PLANE('',#10608);
#9548=PLANE('',#10609);
#9549=PLANE('',#10610);
#9550=PLANE('',#10611);
#9551=PLANE('',#10612);
#9552=PLANE('',#10615);
#9553=PLANE('',#10616);
#9554=PLANE('',#10617);
#9555=PLANE('',#10618);
#9556=PLANE('',#10619);
#9557=PLANE('',#10620);
#9558=PLANE('',#10621);
#9559=PLANE('',#10622);
#9560=PLANE('',#10623);
#9561=PLANE('',#10624);
#9562=PLANE('',#10625);
#9563=PLANE('',#10626);
#9564=PLANE('',#10627);
#9565=PLANE('',#10628);
#9566=PLANE('',#10629);
#9567=PLANE('',#10630);
#9568=PLANE('',#10631);
#9569=PLANE('',#10632);
#9570=PLANE('',#10633);
#9571=PLANE('',#10634);
#9572=PLANE('',#10635);
#9573=PLANE('',#10636);
#9574=PLANE('',#10637);
#9575=PLANE('',#10638);
#9576=PLANE('',#10639);
#9577=PLANE('',#10640);
#9578=PLANE('',#10641);
#9579=PLANE('',#10642);
#9580=PLANE('',#10643);
#9581=PLANE('',#10644);
#9582=PLANE('',#10645);
#9583=PLANE('',#10646);
#9584=PLANE('',#10647);
#9585=PLANE('',#10648);
#9586=PLANE('',#10649);
#9587=PLANE('',#10650);
#9588=PLANE('',#10651);
#9589=PLANE('',#10652);
#9590=PLANE('',#10653);
#9591=PLANE('',#10654);
#9592=PLANE('',#10655);
#9593=PLANE('',#10656);
#9594=PLANE('',#10657);
#9595=PLANE('',#10658);
#9596=PLANE('',#10659);
#9597=PLANE('',#10660);
#9598=PLANE('',#10661);
#9599=PLANE('',#10662);
#9600=PLANE('',#10663);
#9601=PLANE('',#10664);
#9602=PLANE('',#10665);
#9603=PLANE('',#10666);
#9604=PLANE('',#10667);
#9605=PLANE('',#10668);
#9606=PLANE('',#10669);
#9607=PLANE('',#10670);
#9608=PLANE('',#10671);
#9609=PLANE('',#10672);
#9610=PLANE('',#10673);
#9611=PLANE('',#10674);
#9612=PLANE('',#10675);
#9613=PLANE('',#10676);
#9614=PLANE('',#10677);
#9615=PLANE('',#10678);
#9616=PLANE('',#10679);
#9617=PLANE('',#10680);
#9618=PLANE('',#10681);
#9619=PLANE('',#10682);
#9620=PLANE('',#10683);
#9621=PLANE('',#10684);
#9622=PLANE('',#10685);
#9623=PLANE('',#10686);
#9624=PLANE('',#10687);
#9625=PLANE('',#10688);
#9626=PLANE('',#10689);
#9627=PLANE('',#10690);
#9628=PLANE('',#10691);
#9629=PLANE('',#10692);
#9630=PLANE('',#10693);
#9631=PLANE('',#10694);
#9632=PLANE('',#10695);
#9633=PLANE('',#10696);
#9634=PLANE('',#10697);
#9635=PLANE('',#10698);
#9636=PLANE('',#10699);
#9637=PLANE('',#10700);
#9638=PLANE('',#10701);
#9639=PLANE('',#10702);
#9640=PLANE('',#10703);
#9641=PLANE('',#10704);
#9642=PLANE('',#10705);
#9643=PLANE('',#10706);
#9644=PLANE('',#10707);
#9645=PLANE('',#10708);
#9646=PLANE('',#10709);
#9647=PLANE('',#10710);
#9648=PLANE('',#10711);
#9649=PLANE('',#10712);
#9650=PLANE('',#10713);
#9651=PLANE('',#10714);
#9652=PLANE('',#10715);
#9653=PLANE('',#10716);
#9654=PLANE('',#10717);
#9655=PLANE('',#10718);
#9656=PLANE('',#10719);
#9657=PLANE('',#10720);
#9658=PLANE('',#10721);
#9659=PLANE('',#10722);
#9660=PLANE('',#10723);
#9661=PLANE('',#10724);
#9662=PLANE('',#10725);
#9663=PLANE('',#10726);
#9664=PLANE('',#10727);
#9665=PLANE('',#10728);
#9666=PLANE('',#10729);
#9667=PLANE('',#10730);
#9668=PLANE('',#10731);
#9669=PLANE('',#10732);
#9670=PLANE('',#10733);
#9671=PLANE('',#10734);
#9672=PLANE('',#10735);
#9673=PLANE('',#10736);
#9674=PLANE('',#10737);
#9675=PLANE('',#10738);
#9676=PLANE('',#10739);
#9677=PLANE('',#10740);
#9678=PLANE('',#10741);
#9679=PLANE('',#10742);
#9680=PLANE('',#10743);
#9681=PLANE('',#10744);
#9682=PLANE('',#10745);
#9683=PLANE('',#10746);
#9684=PLANE('',#10747);
#9685=PLANE('',#10748);
#9686=PLANE('',#10749);
#9687=PLANE('',#10750);
#9688=PLANE('',#10751);
#9689=PLANE('',#10752);
#9690=PLANE('',#10753);
#9691=PLANE('',#10754);
#9692=PLANE('',#10755);
#9693=PLANE('',#10756);
#9694=PLANE('',#10757);
#9695=PLANE('',#10758);
#9696=PLANE('',#10759);
#9697=PLANE('',#10760);
#9698=PLANE('',#10761);
#9699=PLANE('',#10762);
#9700=PLANE('',#10763);
#9701=PLANE('',#10764);
#9702=PLANE('',#10765);
#9703=PLANE('',#10766);
#9704=PLANE('',#10767);
#9705=PLANE('',#10768);
#9706=PLANE('',#10769);
#9707=PLANE('',#10770);
#9708=PLANE('',#10771);
#9709=PLANE('',#10772);
#9710=PLANE('',#10773);
#9711=PLANE('',#10774);
#9712=PLANE('',#10775);
#9713=PLANE('',#10776);
#9714=PLANE('',#10777);
#9715=PLANE('',#10778);
#9716=PLANE('',#10779);
#9717=PLANE('',#10780);
#9718=PLANE('',#10781);
#9719=PLANE('',#10782);
#9720=PLANE('',#10783);
#9721=PLANE('',#10784);
#9722=PLANE('',#10785);
#9723=PLANE('',#10786);
#9724=PLANE('',#10787);
#9725=PLANE('',#10788);
#9726=PLANE('',#10789);
#9727=PLANE('',#10790);
#9728=PLANE('',#10791);
#9729=PLANE('',#10792);
#9730=PLANE('',#10793);
#9731=PLANE('',#10794);
#9732=PLANE('',#10795);
#9733=PLANE('',#10796);
#9734=PLANE('',#10797);
#9735=PLANE('',#10798);
#9736=PLANE('',#10799);
#9737=PLANE('',#10800);
#9738=PLANE('',#10801);
#9739=PLANE('',#10802);
#9740=PLANE('',#10803);
#9741=PLANE('',#10804);
#9742=PLANE('',#10805);
#9743=PLANE('',#10806);
#9744=PLANE('',#10807);
#9745=PLANE('',#10808);
#9746=PLANE('',#10809);
#9747=PLANE('',#10810);
#9748=PLANE('',#10811);
#9749=PLANE('',#10812);
#9750=PLANE('',#10813);
#9751=PLANE('',#10814);
#9752=PLANE('',#10815);
#9753=PLANE('',#10816);
#9754=PLANE('',#10817);
#9755=PLANE('',#10818);
#9756=PLANE('',#10819);
#9757=PLANE('',#10820);
#9758=PLANE('',#10821);
#9759=PLANE('',#10822);
#9760=PLANE('',#10823);
#9761=PLANE('',#10824);
#9762=PLANE('',#10825);
#9763=PLANE('',#10826);
#9764=PLANE('',#10827);
#9765=PLANE('',#10828);
#9766=PLANE('',#10829);
#9767=PLANE('',#10830);
#9768=PLANE('',#10831);
#9769=PLANE('',#10832);
#9770=PLANE('',#10833);
#9771=PLANE('',#10834);
#9772=PLANE('',#10835);
#9773=PLANE('',#10836);
#9774=PLANE('',#10837);
#9775=PLANE('',#10838);
#9776=PLANE('',#10839);
#9777=PLANE('',#10840);
#9778=PLANE('',#10841);
#9779=PLANE('',#10842);
#9780=PLANE('',#10843);
#9781=PLANE('',#10844);
#9782=PLANE('',#10845);
#9783=PLANE('',#10846);
#9784=PLANE('',#10847);
#9785=PLANE('',#10848);
#9786=PLANE('',#10849);
#9787=PLANE('',#10850);
#9788=PLANE('',#10851);
#9789=PLANE('',#10852);
#9790=PLANE('',#10853);
#9791=PLANE('',#10854);
#9792=PLANE('',#10855);
#9793=PLANE('',#10856);
#9794=PLANE('',#10857);
#9795=PLANE('',#10858);
#9796=PLANE('',#10859);
#9797=PLANE('',#10860);
#9798=PLANE('',#10861);
#9799=PLANE('',#10862);
#9800=PLANE('',#10863);
#9801=PLANE('',#10864);
#9802=PLANE('',#10865);
#9803=PLANE('',#10866);
#9804=PLANE('',#10867);
#9805=PLANE('',#10868);
#9806=PLANE('',#10869);
#9807=PLANE('',#10870);
#9808=PLANE('',#10871);
#9809=PLANE('',#10872);
#9810=PLANE('',#10873);
#9811=PLANE('',#10874);
#9812=PLANE('',#10875);
#9813=PLANE('',#10876);
#9814=PLANE('',#10877);
#9815=PLANE('',#10878);
#9816=PLANE('',#10879);
#9817=PLANE('',#10880);
#9818=PLANE('',#10881);
#9819=PLANE('',#10882);
#9820=PLANE('',#10883);
#9821=PLANE('',#10884);
#9822=PLANE('',#10887);
#9823=PLANE('',#10890);
#9824=PLANE('',#10893);
#9825=PLANE('',#10897);
#9826=PLANE('',#10926);
#9827=PLANE('',#10933);
#9828=PLANE('',#10937);
#9829=PLANE('',#10983);
#9830=PLANE('',#10984);
#9831=PLANE('',#10985);
#9832=PLANE('',#10986);
#9833=PLANE('',#10987);
#9834=PLANE('',#10999);
#9835=PLANE('',#11057);
#9836=PLANE('',#11068);
#9837=PLANE('',#11081);
#9838=PLANE('',#11088);
#9839=PLANE('',#11089);
#9840=PLANE('',#11090);
#9841=PLANE('',#11091);
#9842=PLANE('',#11092);
#9843=PLANE('',#11093);
#9844=PLANE('',#11094);
#9845=PLANE('',#11095);
#9846=PLANE('',#11096);
#9847=PLANE('',#11097);
#9848=PLANE('',#11098);
#9849=PLANE('',#11099);
#9850=PLANE('',#11100);
#9851=PLANE('',#11101);
#9852=PLANE('',#11102);
#9853=PLANE('',#11103);
#9854=PLANE('',#11104);
#9855=PLANE('',#11105);
#9856=PLANE('',#11108);
#9857=PLANE('',#11109);
#9858=PLANE('',#11110);
#9859=PLANE('',#11111);
#9860=PLANE('',#11112);
#9861=PLANE('',#11113);
#9862=PLANE('',#11114);
#9863=PLANE('',#11117);
#9864=PLANE('',#11153);
#9865=PLANE('',#11154);
#9866=PLANE('',#11155);
#9867=PLANE('',#11156);
#9868=PLANE('',#11157);
#9869=PLANE('',#11179);
#9870=PLANE('',#11180);
#9871=PLANE('',#11181);
#9872=PLANE('',#11182);
#9873=PLANE('',#11183);
#9874=PLANE('',#11184);
#9875=PLANE('',#11187);
#9876=PLANE('',#11188);
#9877=PLANE('',#11191);
#9878=PLANE('',#11194);
#9879=PLANE('',#11195);
#9880=PLANE('',#11198);
#9881=ADVANCED_FACE('',(#8912,#8913,#8914,#8915,#8916,#8917),#9503,.F.);
#9882=ADVANCED_FACE('',(#8918,#8919),#9504,.F.);
#9883=ADVANCED_FACE('',(#8920,#8921,#8922,#8923,#8924),#9505,.F.);
#9884=ADVANCED_FACE('',(#8925,#8926,#8927,#8928),#9506,.F.);
#9885=ADVANCED_FACE('',(#8929,#8930),#9507,.F.);
#9886=ADVANCED_FACE('',(#8931),#9508,.T.);
#9887=ADVANCED_FACE('',(#8932),#9509,.T.);
#9888=ADVANCED_FACE('',(#8933),#9510,.F.);
#9889=ADVANCED_FACE('',(#8934),#9511,.T.);
#9890=ADVANCED_FACE('',(#8935),#9512,.T.);
#9891=ADVANCED_FACE('',(#8936,#8937,#8938,#8939,#8940,#8941,#8942),#9513,
 .F.);
#9892=ADVANCED_FACE('',(#8943,#8944,#8945,#8946,#8947,#8948,#8949),#9514,
 .F.);
#9893=ADVANCED_FACE('',(#8950),#9515,.T.);
#9894=ADVANCED_FACE('',(#8951,#8952,#8953),#9516,.F.);
#9895=ADVANCED_FACE('',(#8954,#8955,#8956),#9517,.F.);
#9896=ADVANCED_FACE('',(#8957),#9518,.T.);
#9897=ADVANCED_FACE('',(#8958),#9519,.T.);
#9898=ADVANCED_FACE('',(#8959,#8960,#8961,#8962),#9520,.F.);
#9899=ADVANCED_FACE('',(#8963),#9521,.T.);
#9900=ADVANCED_FACE('',(#8964),#29,.F.);
#9901=ADVANCED_FACE('',(#8965),#30,.F.);
#9902=ADVANCED_FACE('',(#8966),#9522,.F.);
#9903=ADVANCED_FACE('',(#8967),#9523,.F.);
#9904=ADVANCED_FACE('',(#8968),#9524,.F.);
#9905=ADVANCED_FACE('',(#8969,#8970),#31,.F.);
#9906=ADVANCED_FACE('',(#8971,#8972),#32,.T.);
#9907=ADVANCED_FACE('',(#8973,#8974),#9525,.T.);
#9908=ADVANCED_FACE('',(#8975,#8976),#33,.F.);
#9909=ADVANCED_FACE('',(#8977,#8978),#34,.T.);
#9910=ADVANCED_FACE('',(#8979,#8980),#9526,.T.);
#9911=ADVANCED_FACE('',(#8981,#8982),#35,.F.);
#9912=ADVANCED_FACE('',(#8983,#8984),#36,.T.);
#9913=ADVANCED_FACE('',(#8985,#8986),#9527,.T.);
#9914=ADVANCED_FACE('',(#8987,#8988),#37,.F.);
#9915=ADVANCED_FACE('',(#8989,#8990),#38,.T.);
#9916=ADVANCED_FACE('',(#8991,#8992),#9528,.T.);
#9917=ADVANCED_FACE('',(#8993),#39,.T.);
#9918=ADVANCED_FACE('',(#8994,#8995),#40,.F.);
#9919=ADVANCED_FACE('',(#8996,#8997),#9529,.F.);
#9920=ADVANCED_FACE('',(#8998),#41,.T.);
#9921=ADVANCED_FACE('',(#8999,#9000),#42,.F.);
#9922=ADVANCED_FACE('',(#9001,#9002),#9530,.F.);
#9923=ADVANCED_FACE('',(#9003),#43,.T.);
#9924=ADVANCED_FACE('',(#9004,#9005),#44,.F.);
#9925=ADVANCED_FACE('',(#9006,#9007),#9531,.F.);
#9926=ADVANCED_FACE('',(#9008),#45,.T.);
#9927=ADVANCED_FACE('',(#9009,#9010),#46,.F.);
#9928=ADVANCED_FACE('',(#9011,#9012),#9532,.F.);
#9929=ADVANCED_FACE('',(#9013),#9533,.F.);
#9930=ADVANCED_FACE('',(#9014),#47,.F.);
#9931=ADVANCED_FACE('',(#9015),#9534,.T.);
#9932=ADVANCED_FACE('',(#9016),#48,.F.);
#9933=ADVANCED_FACE('',(#9017),#9535,.T.);
#9934=ADVANCED_FACE('',(#9018),#9536,.T.);
#9935=ADVANCED_FACE('',(#9019),#9537,.T.);
#9936=ADVANCED_FACE('',(#9020),#9538,.T.);
#9937=ADVANCED_FACE('',(#9021),#9539,.T.);
#9938=ADVANCED_FACE('',(#9022),#9540,.T.);
#9939=ADVANCED_FACE('',(#9023),#9541,.T.);
#9940=ADVANCED_FACE('',(#9024),#49,.F.);
#9941=ADVANCED_FACE('',(#9025),#50,.T.);
#9942=ADVANCED_FACE('',(#9026),#9542,.F.);
#9943=ADVANCED_FACE('',(#9027),#51,.T.);
#9944=ADVANCED_FACE('',(#9028),#52,.F.);
#9945=ADVANCED_FACE('',(#9029),#9543,.T.);
#9946=ADVANCED_FACE('',(#9030),#9544,.F.);
#9947=ADVANCED_FACE('',(#9031),#12,.F.);
#9948=ADVANCED_FACE('',(#9032),#9545,.T.);
#9949=ADVANCED_FACE('',(#9033),#13,.F.);
#9950=ADVANCED_FACE('',(#9034),#9546,.F.);
#9951=ADVANCED_FACE('',(#9035),#14,.F.);
#9952=ADVANCED_FACE('',(#9036),#9547,.F.);
#9953=ADVANCED_FACE('',(#9037),#15,.F.);
#9954=ADVANCED_FACE('',(#9038),#16,.F.);
#9955=ADVANCED_FACE('',(#9039),#9548,.F.);
#9956=ADVANCED_FACE('',(#9040),#17,.F.);
#9957=ADVANCED_FACE('',(#9041),#9549,.F.);
#9958=ADVANCED_FACE('',(#9042),#18,.F.);
#9959=ADVANCED_FACE('',(#9043),#9550,.F.);
#9960=ADVANCED_FACE('',(#9044),#19,.F.);
#9961=ADVANCED_FACE('',(#9045),#9551,.F.);
#9962=ADVANCED_FACE('',(#9046),#53,.F.);
#9963=ADVANCED_FACE('',(#9047),#9552,.F.);
#9964=ADVANCED_FACE('',(#9048),#9553,.T.);
#9965=ADVANCED_FACE('',(#9049),#9554,.F.);
#9966=ADVANCED_FACE('',(#9050,#9051),#9555,.F.);
#9967=ADVANCED_FACE('',(#9052),#9556,.F.);
#9968=ADVANCED_FACE('',(#9053),#9557,.F.);
#9969=ADVANCED_FACE('',(#9054),#9558,.F.);
#9970=ADVANCED_FACE('',(#9055),#9559,.F.);
#9971=ADVANCED_FACE('',(#9056),#9560,.F.);
#9972=ADVANCED_FACE('',(#9057),#9561,.F.);
#9973=ADVANCED_FACE('',(#9058),#9562,.F.);
#9974=ADVANCED_FACE('',(#9059),#9563,.F.);
#9975=ADVANCED_FACE('',(#9060),#9564,.F.);
#9976=ADVANCED_FACE('',(#9061),#9565,.F.);
#9977=ADVANCED_FACE('',(#9062),#9566,.F.);
#9978=ADVANCED_FACE('',(#9063),#9567,.F.);
#9979=ADVANCED_FACE('',(#9064),#9568,.F.);
#9980=ADVANCED_FACE('',(#9065),#9569,.F.);
#9981=ADVANCED_FACE('',(#9066),#9570,.F.);
#9982=ADVANCED_FACE('',(#9067),#9571,.F.);
#9983=ADVANCED_FACE('',(#9068),#9572,.F.);
#9984=ADVANCED_FACE('',(#9069),#9573,.F.);
#9985=ADVANCED_FACE('',(#9070),#9574,.F.);
#9986=ADVANCED_FACE('',(#9071),#9575,.F.);
#9987=ADVANCED_FACE('',(#9072),#9576,.F.);
#9988=ADVANCED_FACE('',(#9073),#9577,.F.);
#9989=ADVANCED_FACE('',(#9074),#9578,.F.);
#9990=ADVANCED_FACE('',(#9075),#9579,.F.);
#9991=ADVANCED_FACE('',(#9076),#9580,.F.);
#9992=ADVANCED_FACE('',(#9077),#9581,.F.);
#9993=ADVANCED_FACE('',(#9078),#9582,.F.);
#9994=ADVANCED_FACE('',(#9079),#9583,.F.);
#9995=ADVANCED_FACE('',(#9080),#9584,.F.);
#9996=ADVANCED_FACE('',(#9081),#9585,.F.);
#9997=ADVANCED_FACE('',(#9082),#9586,.F.);
#9998=ADVANCED_FACE('',(#9083),#9587,.F.);
#9999=ADVANCED_FACE('',(#9084),#9588,.F.);
#10000=ADVANCED_FACE('',(#9085),#9589,.F.);
#10001=ADVANCED_FACE('',(#9086),#9590,.F.);
#10002=ADVANCED_FACE('',(#9087),#9591,.F.);
#10003=ADVANCED_FACE('',(#9088),#9592,.F.);
#10004=ADVANCED_FACE('',(#9089),#9593,.F.);
#10005=ADVANCED_FACE('',(#9090),#9594,.F.);
#10006=ADVANCED_FACE('',(#9091),#9595,.F.);
#10007=ADVANCED_FACE('',(#9092),#9596,.F.);
#10008=ADVANCED_FACE('',(#9093),#9597,.F.);
#10009=ADVANCED_FACE('',(#9094),#9598,.F.);
#10010=ADVANCED_FACE('',(#9095),#9599,.F.);
#10011=ADVANCED_FACE('',(#9096),#9600,.F.);
#10012=ADVANCED_FACE('',(#9097),#9601,.F.);
#10013=ADVANCED_FACE('',(#9098),#9602,.F.);
#10014=ADVANCED_FACE('',(#9099),#9603,.F.);
#10015=ADVANCED_FACE('',(#9100),#9604,.F.);
#10016=ADVANCED_FACE('',(#9101),#9605,.F.);
#10017=ADVANCED_FACE('',(#9102),#9606,.T.);
#10018=ADVANCED_FACE('',(#9103),#9607,.F.);
#10019=ADVANCED_FACE('',(#9104),#9608,.F.);
#10020=ADVANCED_FACE('',(#9105),#9609,.F.);
#10021=ADVANCED_FACE('',(#9106),#9610,.F.);
#10022=ADVANCED_FACE('',(#9107),#9611,.F.);
#10023=ADVANCED_FACE('',(#9108),#9612,.F.);
#10024=ADVANCED_FACE('',(#9109),#9613,.F.);
#10025=ADVANCED_FACE('',(#9110),#9614,.F.);
#10026=ADVANCED_FACE('',(#9111),#9615,.F.);
#10027=ADVANCED_FACE('',(#9112),#9616,.F.);
#10028=ADVANCED_FACE('',(#9113),#9617,.F.);
#10029=ADVANCED_FACE('',(#9114),#9618,.F.);
#10030=ADVANCED_FACE('',(#9115),#9619,.F.);
#10031=ADVANCED_FACE('',(#9116),#9620,.F.);
#10032=ADVANCED_FACE('',(#9117),#9621,.F.);
#10033=ADVANCED_FACE('',(#9118),#9622,.F.);
#10034=ADVANCED_FACE('',(#9119),#9623,.F.);
#10035=ADVANCED_FACE('',(#9120),#9624,.F.);
#10036=ADVANCED_FACE('',(#9121),#9625,.F.);
#10037=ADVANCED_FACE('',(#9122),#9626,.F.);
#10038=ADVANCED_FACE('',(#9123),#9627,.F.);
#10039=ADVANCED_FACE('',(#9124),#9628,.F.);
#10040=ADVANCED_FACE('',(#9125),#9629,.F.);
#10041=ADVANCED_FACE('',(#9126),#9630,.F.);
#10042=ADVANCED_FACE('',(#9127),#9631,.F.);
#10043=ADVANCED_FACE('',(#9128),#9632,.F.);
#10044=ADVANCED_FACE('',(#9129),#9633,.F.);
#10045=ADVANCED_FACE('',(#9130),#9634,.F.);
#10046=ADVANCED_FACE('',(#9131),#9635,.F.);
#10047=ADVANCED_FACE('',(#9132),#9636,.F.);
#10048=ADVANCED_FACE('',(#9133),#9637,.F.);
#10049=ADVANCED_FACE('',(#9134),#9638,.F.);
#10050=ADVANCED_FACE('',(#9135),#9639,.F.);
#10051=ADVANCED_FACE('',(#9136),#9640,.F.);
#10052=ADVANCED_FACE('',(#9137),#9641,.F.);
#10053=ADVANCED_FACE('',(#9138),#9642,.F.);
#10054=ADVANCED_FACE('',(#9139),#9643,.F.);
#10055=ADVANCED_FACE('',(#9140),#9644,.F.);
#10056=ADVANCED_FACE('',(#9141),#9645,.F.);
#10057=ADVANCED_FACE('',(#9142),#9646,.F.);
#10058=ADVANCED_FACE('',(#9143),#9647,.F.);
#10059=ADVANCED_FACE('',(#9144),#9648,.F.);
#10060=ADVANCED_FACE('',(#9145),#9649,.F.);
#10061=ADVANCED_FACE('',(#9146),#9650,.F.);
#10062=ADVANCED_FACE('',(#9147),#9651,.F.);
#10063=ADVANCED_FACE('',(#9148),#9652,.F.);
#10064=ADVANCED_FACE('',(#9149),#9653,.F.);
#10065=ADVANCED_FACE('',(#9150),#9654,.F.);
#10066=ADVANCED_FACE('',(#9151),#9655,.F.);
#10067=ADVANCED_FACE('',(#9152),#9656,.F.);
#10068=ADVANCED_FACE('',(#9153),#9657,.T.);
#10069=ADVANCED_FACE('',(#9154),#9658,.T.);
#10070=ADVANCED_FACE('',(#9155),#9659,.T.);
#10071=ADVANCED_FACE('',(#9156),#9660,.T.);
#10072=ADVANCED_FACE('',(#9157),#9661,.T.);
#10073=ADVANCED_FACE('',(#9158),#9662,.T.);
#10074=ADVANCED_FACE('',(#9159),#9663,.T.);
#10075=ADVANCED_FACE('',(#9160),#9664,.T.);
#10076=ADVANCED_FACE('',(#9161),#9665,.T.);
#10077=ADVANCED_FACE('',(#9162),#9666,.T.);
#10078=ADVANCED_FACE('',(#9163),#9667,.T.);
#10079=ADVANCED_FACE('',(#9164),#9668,.T.);
#10080=ADVANCED_FACE('',(#9165),#9669,.T.);
#10081=ADVANCED_FACE('',(#9166),#9670,.T.);
#10082=ADVANCED_FACE('',(#9167),#9671,.T.);
#10083=ADVANCED_FACE('',(#9168),#9672,.T.);
#10084=ADVANCED_FACE('',(#9169),#9673,.T.);
#10085=ADVANCED_FACE('',(#9170),#9674,.T.);
#10086=ADVANCED_FACE('',(#9171),#9675,.T.);
#10087=ADVANCED_FACE('',(#9172),#9676,.T.);
#10088=ADVANCED_FACE('',(#9173),#9677,.T.);
#10089=ADVANCED_FACE('',(#9174),#9678,.T.);
#10090=ADVANCED_FACE('',(#9175),#9679,.T.);
#10091=ADVANCED_FACE('',(#9176),#9680,.T.);
#10092=ADVANCED_FACE('',(#9177),#9681,.T.);
#10093=ADVANCED_FACE('',(#9178),#9682,.T.);
#10094=ADVANCED_FACE('',(#9179),#9683,.T.);
#10095=ADVANCED_FACE('',(#9180),#9684,.T.);
#10096=ADVANCED_FACE('',(#9181),#9685,.T.);
#10097=ADVANCED_FACE('',(#9182),#9686,.T.);
#10098=ADVANCED_FACE('',(#9183),#9687,.T.);
#10099=ADVANCED_FACE('',(#9184),#9688,.T.);
#10100=ADVANCED_FACE('',(#9185),#9689,.T.);
#10101=ADVANCED_FACE('',(#9186),#9690,.T.);
#10102=ADVANCED_FACE('',(#9187),#9691,.T.);
#10103=ADVANCED_FACE('',(#9188),#9692,.T.);
#10104=ADVANCED_FACE('',(#9189),#9693,.T.);
#10105=ADVANCED_FACE('',(#9190),#9694,.T.);
#10106=ADVANCED_FACE('',(#9191),#9695,.T.);
#10107=ADVANCED_FACE('',(#9192),#9696,.T.);
#10108=ADVANCED_FACE('',(#9193),#9697,.T.);
#10109=ADVANCED_FACE('',(#9194),#9698,.T.);
#10110=ADVANCED_FACE('',(#9195),#9699,.T.);
#10111=ADVANCED_FACE('',(#9196),#9700,.T.);
#10112=ADVANCED_FACE('',(#9197),#9701,.T.);
#10113=ADVANCED_FACE('',(#9198),#9702,.T.);
#10114=ADVANCED_FACE('',(#9199),#9703,.T.);
#10115=ADVANCED_FACE('',(#9200),#9704,.T.);
#10116=ADVANCED_FACE('',(#9201),#9705,.T.);
#10117=ADVANCED_FACE('',(#9202),#9706,.T.);
#10118=ADVANCED_FACE('',(#9203),#9707,.T.);
#10119=ADVANCED_FACE('',(#9204),#9708,.T.);
#10120=ADVANCED_FACE('',(#9205),#9709,.T.);
#10121=ADVANCED_FACE('',(#9206),#9710,.T.);
#10122=ADVANCED_FACE('',(#9207),#9711,.T.);
#10123=ADVANCED_FACE('',(#9208),#9712,.T.);
#10124=ADVANCED_FACE('',(#9209),#9713,.T.);
#10125=ADVANCED_FACE('',(#9210),#9714,.T.);
#10126=ADVANCED_FACE('',(#9211),#9715,.T.);
#10127=ADVANCED_FACE('',(#9212),#9716,.T.);
#10128=ADVANCED_FACE('',(#9213),#9717,.T.);
#10129=ADVANCED_FACE('',(#9214),#9718,.T.);
#10130=ADVANCED_FACE('',(#9215),#9719,.T.);
#10131=ADVANCED_FACE('',(#9216),#9720,.T.);
#10132=ADVANCED_FACE('',(#9217),#9721,.T.);
#10133=ADVANCED_FACE('',(#9218),#9722,.T.);
#10134=ADVANCED_FACE('',(#9219),#9723,.T.);
#10135=ADVANCED_FACE('',(#9220),#9724,.T.);
#10136=ADVANCED_FACE('',(#9221),#9725,.T.);
#10137=ADVANCED_FACE('',(#9222),#9726,.T.);
#10138=ADVANCED_FACE('',(#9223),#9727,.T.);
#10139=ADVANCED_FACE('',(#9224),#9728,.T.);
#10140=ADVANCED_FACE('',(#9225),#9729,.T.);
#10141=ADVANCED_FACE('',(#9226),#9730,.T.);
#10142=ADVANCED_FACE('',(#9227),#9731,.T.);
#10143=ADVANCED_FACE('',(#9228),#9732,.T.);
#10144=ADVANCED_FACE('',(#9229),#9733,.T.);
#10145=ADVANCED_FACE('',(#9230),#9734,.T.);
#10146=ADVANCED_FACE('',(#9231),#9735,.T.);
#10147=ADVANCED_FACE('',(#9232),#9736,.T.);
#10148=ADVANCED_FACE('',(#9233),#9737,.T.);
#10149=ADVANCED_FACE('',(#9234,#9235),#9738,.T.);
#10150=ADVANCED_FACE('',(#9236),#9739,.F.);
#10151=ADVANCED_FACE('',(#9237),#9740,.T.);
#10152=ADVANCED_FACE('',(#9238),#9741,.T.);
#10153=ADVANCED_FACE('',(#9239),#9742,.T.);
#10154=ADVANCED_FACE('',(#9240),#9743,.T.);
#10155=ADVANCED_FACE('',(#9241),#9744,.T.);
#10156=ADVANCED_FACE('',(#9242),#9745,.T.);
#10157=ADVANCED_FACE('',(#9243),#9746,.T.);
#10158=ADVANCED_FACE('',(#9244),#9747,.T.);
#10159=ADVANCED_FACE('',(#9245),#9748,.T.);
#10160=ADVANCED_FACE('',(#9246),#9749,.T.);
#10161=ADVANCED_FACE('',(#9247),#9750,.T.);
#10162=ADVANCED_FACE('',(#9248),#9751,.T.);
#10163=ADVANCED_FACE('',(#9249),#9752,.T.);
#10164=ADVANCED_FACE('',(#9250),#9753,.T.);
#10165=ADVANCED_FACE('',(#9251),#9754,.T.);
#10166=ADVANCED_FACE('',(#9252),#9755,.T.);
#10167=ADVANCED_FACE('',(#9253),#9756,.T.);
#10168=ADVANCED_FACE('',(#9254),#9757,.T.);
#10169=ADVANCED_FACE('',(#9255),#9758,.T.);
#10170=ADVANCED_FACE('',(#9256),#9759,.T.);
#10171=ADVANCED_FACE('',(#9257),#9760,.T.);
#10172=ADVANCED_FACE('',(#9258),#9761,.T.);
#10173=ADVANCED_FACE('',(#9259),#9762,.T.);
#10174=ADVANCED_FACE('',(#9260),#9763,.T.);
#10175=ADVANCED_FACE('',(#9261),#9764,.T.);
#10176=ADVANCED_FACE('',(#9262),#9765,.T.);
#10177=ADVANCED_FACE('',(#9263),#9766,.T.);
#10178=ADVANCED_FACE('',(#9264),#9767,.T.);
#10179=ADVANCED_FACE('',(#9265),#9768,.T.);
#10180=ADVANCED_FACE('',(#9266),#9769,.T.);
#10181=ADVANCED_FACE('',(#9267),#9770,.T.);
#10182=ADVANCED_FACE('',(#9268),#9771,.T.);
#10183=ADVANCED_FACE('',(#9269),#9772,.T.);
#10184=ADVANCED_FACE('',(#9270),#9773,.T.);
#10185=ADVANCED_FACE('',(#9271),#9774,.T.);
#10186=ADVANCED_FACE('',(#9272),#9775,.T.);
#10187=ADVANCED_FACE('',(#9273),#9776,.T.);
#10188=ADVANCED_FACE('',(#9274),#9777,.T.);
#10189=ADVANCED_FACE('',(#9275),#9778,.T.);
#10190=ADVANCED_FACE('',(#9276),#9779,.T.);
#10191=ADVANCED_FACE('',(#9277),#9780,.T.);
#10192=ADVANCED_FACE('',(#9278),#9781,.T.);
#10193=ADVANCED_FACE('',(#9279),#9782,.T.);
#10194=ADVANCED_FACE('',(#9280),#9783,.T.);
#10195=ADVANCED_FACE('',(#9281),#9784,.T.);
#10196=ADVANCED_FACE('',(#9282),#9785,.T.);
#10197=ADVANCED_FACE('',(#9283),#9786,.T.);
#10198=ADVANCED_FACE('',(#9284),#9787,.T.);
#10199=ADVANCED_FACE('',(#9285),#9788,.T.);
#10200=ADVANCED_FACE('',(#9286),#9789,.T.);
#10201=ADVANCED_FACE('',(#9287),#9790,.T.);
#10202=ADVANCED_FACE('',(#9288),#9791,.T.);
#10203=ADVANCED_FACE('',(#9289),#9792,.T.);
#10204=ADVANCED_FACE('',(#9290),#9793,.T.);
#10205=ADVANCED_FACE('',(#9291),#9794,.T.);
#10206=ADVANCED_FACE('',(#9292),#9795,.T.);
#10207=ADVANCED_FACE('',(#9293),#9796,.T.);
#10208=ADVANCED_FACE('',(#9294),#9797,.T.);
#10209=ADVANCED_FACE('',(#9295),#9798,.T.);
#10210=ADVANCED_FACE('',(#9296),#9799,.T.);
#10211=ADVANCED_FACE('',(#9297),#9800,.T.);
#10212=ADVANCED_FACE('',(#9298),#9801,.T.);
#10213=ADVANCED_FACE('',(#9299),#9802,.T.);
#10214=ADVANCED_FACE('',(#9300),#9803,.T.);
#10215=ADVANCED_FACE('',(#9301),#9804,.T.);
#10216=ADVANCED_FACE('',(#9302),#9805,.T.);
#10217=ADVANCED_FACE('',(#9303),#9806,.T.);
#10218=ADVANCED_FACE('',(#9304),#9807,.T.);
#10219=ADVANCED_FACE('',(#9305),#9808,.T.);
#10220=ADVANCED_FACE('',(#9306),#9809,.T.);
#10221=ADVANCED_FACE('',(#9307),#9810,.T.);
#10222=ADVANCED_FACE('',(#9308),#9811,.T.);
#10223=ADVANCED_FACE('',(#9309),#9812,.T.);
#10224=ADVANCED_FACE('',(#9310),#9813,.T.);
#10225=ADVANCED_FACE('',(#9311),#9814,.T.);
#10226=ADVANCED_FACE('',(#9312),#9815,.T.);
#10227=ADVANCED_FACE('',(#9313),#9816,.T.);
#10228=ADVANCED_FACE('',(#9314),#9817,.T.);
#10229=ADVANCED_FACE('',(#9315),#9818,.T.);
#10230=ADVANCED_FACE('',(#9316),#9819,.T.);
#10231=ADVANCED_FACE('',(#9317,#9318),#9820,.T.);
#10232=ADVANCED_FACE('',(#9319),#9821,.F.);
#10233=ADVANCED_FACE('',(#9320,#9321),#54,.F.);
#10234=ADVANCED_FACE('',(#9322),#9822,.T.);
#10235=ADVANCED_FACE('',(#9323,#9324),#55,.F.);
#10236=ADVANCED_FACE('',(#9325),#9823,.T.);
#10237=ADVANCED_FACE('',(#9326,#9327),#56,.F.);
#10238=ADVANCED_FACE('',(#9328),#9824,.T.);
#10239=ADVANCED_FACE('',(#9329),#57,.T.);
#10240=ADVANCED_FACE('',(#9330),#9825,.T.);
#10241=ADVANCED_FACE('',(#9331),#20,.T.);
#10242=ADVANCED_FACE('',(#9332),#58,.T.);
#10243=ADVANCED_FACE('',(#9333),#59,.T.);
#10244=ADVANCED_FACE('',(#9334),#60,.F.);
#10245=ADVANCED_FACE('',(#9335),#61,.F.);
#10246=ADVANCED_FACE('',(#9336),#62,.F.);
#10247=ADVANCED_FACE('',(#9337),#63,.F.);
#10248=ADVANCED_FACE('',(#9338),#64,.F.);
#10249=ADVANCED_FACE('',(#9339),#65,.F.);
#10250=ADVANCED_FACE('',(#9340),#66,.F.);
#10251=ADVANCED_FACE('',(#9341),#67,.F.);
#10252=ADVANCED_FACE('',(#9342),#68,.F.);
#10253=ADVANCED_FACE('',(#9343),#69,.F.);
#10254=ADVANCED_FACE('',(#9344),#21,.T.);
#10255=ADVANCED_FACE('',(#9345),#70,.F.);
#10256=ADVANCED_FACE('',(#9346),#9826,.T.);
#10257=ADVANCED_FACE('',(#9347),#71,.T.);
#10258=ADVANCED_FACE('',(#9348),#72,.T.);
#10259=ADVANCED_FACE('',(#9349),#73,.T.);
#10260=ADVANCED_FACE('',(#9350),#22,.T.);
#10261=ADVANCED_FACE('',(#9351),#9827,.T.);
#10262=ADVANCED_FACE('',(#9352),#74,.T.);
#10263=ADVANCED_FACE('',(#9353,#9354),#9828,.T.);
#10264=ADVANCED_FACE('',(#9355),#75,.T.);
#10265=ADVANCED_FACE('',(#9356),#76,.T.);
#10266=ADVANCED_FACE('',(#9357),#77,.T.);
#10267=ADVANCED_FACE('',(#9358),#78,.T.);
#10268=ADVANCED_FACE('',(#9359),#79,.T.);
#10269=ADVANCED_FACE('',(#9360),#80,.T.);
#10270=ADVANCED_FACE('',(#9361),#81,.T.);
#10271=ADVANCED_FACE('',(#9362),#82,.T.);
#10272=ADVANCED_FACE('',(#9363),#83,.T.);
#10273=ADVANCED_FACE('',(#9364),#84,.T.);
#10274=ADVANCED_FACE('',(#9365),#85,.T.);
#10275=ADVANCED_FACE('',(#9366),#86,.F.);
#10276=ADVANCED_FACE('',(#9367),#87,.F.);
#10277=ADVANCED_FACE('',(#9368),#88,.F.);
#10278=ADVANCED_FACE('',(#9369),#89,.F.);
#10279=ADVANCED_FACE('',(#9370),#90,.F.);
#10280=ADVANCED_FACE('',(#9371),#91,.F.);
#10281=ADVANCED_FACE('',(#9372),#9829,.T.);
#10282=ADVANCED_FACE('',(#9373),#9830,.T.);
#10283=ADVANCED_FACE('',(#9374),#9831,.T.);
#10284=ADVANCED_FACE('',(#9375),#9832,.T.);
#10285=ADVANCED_FACE('',(#9376),#9833,.T.);
#10286=ADVANCED_FACE('',(#9377),#92,.F.);
#10287=ADVANCED_FACE('',(#9378),#93,.F.);
#10288=ADVANCED_FACE('',(#9379),#94,.F.);
#10289=ADVANCED_FACE('',(#9380),#95,.F.);
#10290=ADVANCED_FACE('',(#9381),#96,.T.);
#10291=ADVANCED_FACE('',(#9382,#9383),#9834,.T.);
#10292=ADVANCED_FACE('',(#9384),#97,.T.);
#10293=ADVANCED_FACE('',(#9385),#98,.T.);
#10294=ADVANCED_FACE('',(#9386),#99,.T.);
#10295=ADVANCED_FACE('',(#9387),#23,.T.);
#10296=ADVANCED_FACE('',(#9388),#100,.T.);
#10297=ADVANCED_FACE('',(#9389),#101,.T.);
#10298=ADVANCED_FACE('',(#9390),#102,.T.);
#10299=ADVANCED_FACE('',(#9391),#103,.T.);
#10300=ADVANCED_FACE('',(#9392),#104,.T.);
#10301=ADVANCED_FACE('',(#9393),#105,.T.);
#10302=ADVANCED_FACE('',(#9394),#106,.T.);
#10303=ADVANCED_FACE('',(#9395),#107,.F.);
#10304=ADVANCED_FACE('',(#9396),#108,.F.);
#10305=ADVANCED_FACE('',(#9397),#109,.F.);
#10306=ADVANCED_FACE('',(#9398),#110,.F.);
#10307=ADVANCED_FACE('',(#9399),#111,.F.);
#10308=ADVANCED_FACE('',(#9400),#112,.F.);
#10309=ADVANCED_FACE('',(#9401),#113,.F.);
#10310=ADVANCED_FACE('',(#9402),#114,.F.);
#10311=ADVANCED_FACE('',(#9403),#115,.F.);
#10312=ADVANCED_FACE('',(#9404),#116,.F.);
#10313=ADVANCED_FACE('',(#9405),#117,.F.);
#10314=ADVANCED_FACE('',(#9406),#118,.F.);
#10315=ADVANCED_FACE('',(#9407),#119,.T.);
#10316=ADVANCED_FACE('',(#9408,#9409),#9835,.T.);
#10317=ADVANCED_FACE('',(#9410),#120,.F.);
#10318=ADVANCED_FACE('',(#9411),#121,.F.);
#10319=ADVANCED_FACE('',(#9412),#122,.F.);
#10320=ADVANCED_FACE('',(#9413),#123,.F.);
#10321=ADVANCED_FACE('',(#9414),#24,.T.);
#10322=ADVANCED_FACE('',(#9415),#124,.F.);
#10323=ADVANCED_FACE('',(#9416),#9836,.T.);
#10324=ADVANCED_FACE('',(#9417),#125,.T.);
#10325=ADVANCED_FACE('',(#9418),#126,.T.);
#10326=ADVANCED_FACE('',(#9419),#127,.T.);
#10327=ADVANCED_FACE('',(#9420),#25,.T.);
#10328=ADVANCED_FACE('',(#9421),#26,.T.);
#10329=ADVANCED_FACE('',(#9422),#128,.T.);
#10330=ADVANCED_FACE('',(#9423),#129,.T.);
#10331=ADVANCED_FACE('',(#9424),#130,.T.);
#10332=ADVANCED_FACE('',(#9425),#9837,.T.);
#10333=ADVANCED_FACE('',(#9426),#131,.F.);
#10334=ADVANCED_FACE('',(#9427),#27,.T.);
#10335=ADVANCED_FACE('',(#9428),#132,.F.);
#10336=ADVANCED_FACE('',(#9429),#133,.F.);
#10337=ADVANCED_FACE('',(#9430),#9838,.T.);
#10338=ADVANCED_FACE('',(#9431),#9839,.F.);
#10339=ADVANCED_FACE('',(#9432),#9840,.F.);
#10340=ADVANCED_FACE('',(#9433),#9841,.F.);
#10341=ADVANCED_FACE('',(#9434),#9842,.T.);
#10342=ADVANCED_FACE('',(#9435),#9843,.T.);
#10343=ADVANCED_FACE('',(#9436),#9844,.T.);
#10344=ADVANCED_FACE('',(#9437),#9845,.T.);
#10345=ADVANCED_FACE('',(#9438),#9846,.T.);
#10346=ADVANCED_FACE('',(#9439),#9847,.T.);
#10347=ADVANCED_FACE('',(#9440),#9848,.T.);
#10348=ADVANCED_FACE('',(#9441),#9849,.T.);
#10349=ADVANCED_FACE('',(#9442),#9850,.T.);
#10350=ADVANCED_FACE('',(#9443),#9851,.T.);
#10351=ADVANCED_FACE('',(#9444),#9852,.T.);
#10352=ADVANCED_FACE('',(#9445),#9853,.T.);
#10353=ADVANCED_FACE('',(#9446),#9854,.T.);
#10354=ADVANCED_FACE('',(#9447),#9855,.T.);
#10355=ADVANCED_FACE('',(#9448),#134,.F.);
#10356=ADVANCED_FACE('',(#9449),#9856,.T.);
#10357=ADVANCED_FACE('',(#9450),#9857,.T.);
#10358=ADVANCED_FACE('',(#9451),#9858,.T.);
#10359=ADVANCED_FACE('',(#9452),#9859,.T.);
#10360=ADVANCED_FACE('',(#9453),#9860,.T.);
#10361=ADVANCED_FACE('',(#9454),#28,.T.);
#10362=ADVANCED_FACE('',(#9455),#9861,.T.);
#10363=ADVANCED_FACE('',(#9456),#9862,.T.);
#10364=ADVANCED_FACE('',(#9457),#135,.F.);
#10365=ADVANCED_FACE('',(#9458),#9863,.T.);
#10366=ADVANCED_FACE('',(#9459),#136,.T.);
#10367=ADVANCED_FACE('',(#9460),#137,.T.);
#10368=ADVANCED_FACE('',(#9461),#138,.T.);
#10369=ADVANCED_FACE('',(#9462),#139,.T.);
#10370=ADVANCED_FACE('',(#9463),#140,.T.);
#10371=ADVANCED_FACE('',(#9464),#141,.T.);
#10372=ADVANCED_FACE('',(#9465),#142,.T.);
#10373=ADVANCED_FACE('',(#9466),#143,.T.);
#10374=ADVANCED_FACE('',(#9467),#144,.T.);
#10375=ADVANCED_FACE('',(#9468),#145,.T.);
#10376=ADVANCED_FACE('',(#9469),#146,.T.);
#10377=ADVANCED_FACE('',(#9470),#147,.F.);
#10378=ADVANCED_FACE('',(#9471),#9864,.T.);
#10379=ADVANCED_FACE('',(#9472),#9865,.T.);
#10380=ADVANCED_FACE('',(#9473),#9866,.T.);
#10381=ADVANCED_FACE('',(#9474),#9867,.T.);
#10382=ADVANCED_FACE('',(#9475),#9868,.T.);
#10383=ADVANCED_FACE('',(#9476),#148,.F.);
#10384=ADVANCED_FACE('',(#9477),#149,.F.);
#10385=ADVANCED_FACE('',(#9478),#150,.F.);
#10386=ADVANCED_FACE('',(#9479),#151,.F.);
#10387=ADVANCED_FACE('',(#9480),#152,.F.);
#10388=ADVANCED_FACE('',(#9481),#153,.F.);
#10389=ADVANCED_FACE('',(#9482),#154,.F.);
#10390=ADVANCED_FACE('',(#9483),#155,.F.);
#10391=ADVANCED_FACE('',(#9484),#156,.F.);
#10392=ADVANCED_FACE('',(#9485),#157,.T.);
#10393=ADVANCED_FACE('',(#9486,#9487),#9869,.T.);
#10394=ADVANCED_FACE('',(#9488),#9870,.F.);
#10395=ADVANCED_FACE('',(#9489),#9871,.T.);
#10396=ADVANCED_FACE('',(#9490),#9872,.F.);
#10397=ADVANCED_FACE('',(#9491),#9873,.T.);
#10398=ADVANCED_FACE('',(#9492),#9874,.T.);
#10399=ADVANCED_FACE('',(#9493),#158,.T.);
#10400=ADVANCED_FACE('',(#9494),#9875,.F.);
#10401=ADVANCED_FACE('',(#9495),#9876,.T.);
#10402=ADVANCED_FACE('',(#9496),#159,.F.);
#10403=ADVANCED_FACE('',(#9497),#9877,.F.);
#10404=ADVANCED_FACE('',(#9498),#160,.F.);
#10405=ADVANCED_FACE('',(#9499),#9878,.F.);
#10406=ADVANCED_FACE('',(#9500),#9879,.T.);
#10407=ADVANCED_FACE('',(#9501),#161,.T.);
#10408=ADVANCED_FACE('',(#9502),#9880,.T.);
#10409=CLOSED_SHELL('',(#9881,#9882,#9883,#9884,#9885,#9886,#9887,#9888,
#9889,#9890,#9891,#9892,#9893,#9894,#9895,#9896,#9897,#9898,#9899,#9900,
#9901,#9902,#9903,#9904,#9905,#9906,#9907,#9908,#9909,#9910,#9911,#9912,
#9913,#9914,#9915,#9916,#9917,#9918,#9919,#9920,#9921,#9922,#9923,#9924,
#9925,#9926,#9927,#9928,#9929,#9930,#9931,#9932,#9933,#9934,#9935,#9936,
#9937,#9938,#9939,#9940,#9941,#9942,#9943,#9944,#9945,#9946,#9947,#9948,
#9949,#9950,#9951,#9952,#9953,#9954,#9955,#9956,#9957,#9958,#9959,#9960,
#9961,#9962,#9963,#9964,#9965,#9966,#9967,#9968,#9969,#9970,#9971,#9972,
#9973,#9974,#9975,#9976,#9977,#9978,#9979,#9980,#9981,#9982,#9983,#9984,
#9985,#9986,#9987,#9988,#9989,#9990,#9991,#9992,#9993,#9994,#9995,#9996,
#9997,#9998,#9999,#10000,#10001,#10002,#10003,#10004,#10005,#10006,#10007,
#10008,#10009,#10010,#10011,#10012,#10013,#10014,#10015,#10016,#10017,#10018,
#10019,#10020,#10021,#10022,#10023,#10024,#10025,#10026,#10027,#10028,#10029,
#10030,#10031,#10032,#10033,#10034,#10035,#10036,#10037,#10038,#10039,#10040,
#10041,#10042,#10043,#10044,#10045,#10046,#10047,#10048,#10049,#10050,#10051,
#10052,#10053,#10054,#10055,#10056,#10057,#10058,#10059,#10060,#10061,#10062,
#10063,#10064,#10065,#10066,#10067,#10068,#10069,#10070,#10071,#10072,#10073,
#10074,#10075,#10076,#10077,#10078,#10079,#10080,#10081,#10082,#10083,#10084,
#10085,#10086,#10087,#10088,#10089,#10090,#10091,#10092,#10093,#10094,#10095,
#10096,#10097,#10098,#10099,#10100,#10101,#10102,#10103,#10104,#10105,#10106,
#10107,#10108,#10109,#10110,#10111,#10112,#10113,#10114,#10115,#10116,#10117,
#10118,#10119,#10120,#10121,#10122,#10123,#10124,#10125,#10126,#10127,#10128,
#10129,#10130,#10131,#10132,#10133,#10134,#10135,#10136,#10137,#10138,#10139,
#10140,#10141,#10142,#10143,#10144,#10145,#10146,#10147,#10148,#10149,#10150,
#10151,#10152,#10153,#10154,#10155,#10156,#10157,#10158,#10159,#10160,#10161,
#10162,#10163,#10164,#10165,#10166,#10167,#10168,#10169,#10170,#10171,#10172,
#10173,#10174,#10175,#10176,#10177,#10178,#10179,#10180,#10181,#10182,#10183,
#10184,#10185,#10186,#10187,#10188,#10189,#10190,#10191,#10192,#10193,#10194,
#10195,#10196,#10197,#10198,#10199,#10200,#10201,#10202,#10203,#10204,#10205,
#10206,#10207,#10208,#10209,#10210,#10211,#10212,#10213,#10214,#10215,#10216,
#10217,#10218,#10219,#10220,#10221,#10222,#10223,#10224,#10225,#10226,#10227,
#10228,#10229,#10230,#10231,#10232,#10233,#10234,#10235,#10236,#10237,#10238,
#10239,#10240,#10241,#10242,#10243,#10244,#10245,#10246,#10247,#10248,#10249,
#10250,#10251,#10252,#10253,#10254,#10255,#10256,#10257,#10258,#10259,#10260,
#10261,#10262,#10263,#10264,#10265,#10266,#10267,#10268,#10269,#10270,#10271,
#10272,#10273,#10274,#10275,#10276,#10277,#10278,#10279,#10280,#10281,#10282,
#10283,#10284,#10285,#10286,#10287,#10288,#10289,#10290,#10291,#10292,#10293,
#10294,#10295,#10296,#10297,#10298,#10299,#10300,#10301,#10302,#10303,#10304,
#10305,#10306,#10307,#10308,#10309,#10310,#10311,#10312,#10313,#10314,#10315,
#10316,#10317,#10318,#10319,#10320,#10321,#10322,#10323,#10324,#10325,#10326,
#10327,#10328,#10329,#10330,#10331,#10332,#10333,#10334,#10335,#10336,#10337,
#10338,#10339,#10340,#10341,#10342,#10343,#10344,#10345,#10346,#10347,#10348,
#10349,#10350,#10351,#10352,#10353,#10354,#10355,#10356,#10357,#10358,#10359,
#10360,#10361,#10362,#10363,#10364,#10365,#10366,#10367,#10368,#10369,#10370,
#10371,#10372,#10373,#10374,#10375,#10376,#10377,#10378,#10379,#10380,#10381,
#10382,#10383,#10384,#10385,#10386,#10387,#10388,#10389,#10390,#10391,#10392,
#10393,#10394,#10395,#10396,#10397,#10398,#10399,#10400,#10401,#10402,#10403,
#10404,#10405,#10406,#10407,#10408));
#10410=STYLED_ITEM('',(#10411),#10418);
#10411=PRESENTATION_STYLE_ASSIGNMENT((#10412));
#10412=SURFACE_STYLE_USAGE(.BOTH.,#10413);
#10413=SURFACE_SIDE_STYLE('',(#10414));
#10414=SURFACE_STYLE_FILL_AREA(#10415);
#10415=FILL_AREA_STYLE('',(#10416));
#10416=FILL_AREA_STYLE_COLOUR('',#10417);
#10417=COLOUR_RGB('',0.737254901960784,0.937254901960784,0.917647058823529);
#10418=MANIFOLD_SOLID_BREP('Part 1',#10409);
#10419=SHAPE_DEFINITION_REPRESENTATION(#17371,#10420);
#10420=SHAPE_REPRESENTATION('Part 1',(#10421),#17366);
#10421=AXIS2_PLACEMENT_3D('',#13946,#11199,#11200);
#10422=AXIS2_PLACEMENT_3D('',#13947,#11201,#11202);
#10423=AXIS2_PLACEMENT_3D('',#13948,#11203,#11204);
#10424=AXIS2_PLACEMENT_3D('',#13951,#11205,#11206);
#10425=AXIS2_PLACEMENT_3D('',#13953,#11207,#11208);
#10426=AXIS2_PLACEMENT_3D('',#13959,#11209,#11210);
#10427=AXIS2_PLACEMENT_3D('',#13963,#11212,#11213);
#10428=AXIS2_PLACEMENT_3D('',#13965,#11214,#11215);
#10429=AXIS2_PLACEMENT_3D('',#13967,#11216,#11217);
#10430=AXIS2_PLACEMENT_3D('',#13977,#11218,#11219);
#10431=AXIS2_PLACEMENT_3D('',#13979,#11220,#11221);
#10432=AXIS2_PLACEMENT_3D('',#13981,#11222,#11223);
#10433=AXIS2_PLACEMENT_3D('',#13985,#11225,#11226);
#10434=AXIS2_PLACEMENT_3D('',#13991,#11227,#11228);
#10435=AXIS2_PLACEMENT_3D('',#13993,#11229,#11230);
#10436=AXIS2_PLACEMENT_3D('',#13995,#11231,#11232);
#10437=AXIS2_PLACEMENT_3D('',#13996,#11233,#11234);
#10438=AXIS2_PLACEMENT_3D('',#13999,#11235,#11236);
#10439=AXIS2_PLACEMENT_3D('',#14001,#11237,#11238);
#10440=AXIS2_PLACEMENT_3D('',#14003,#11239,#11240);
#10441=AXIS2_PLACEMENT_3D('',#14005,#11241,#11242);
#10442=AXIS2_PLACEMENT_3D('',#14017,#11248,#11249);
#10443=AXIS2_PLACEMENT_3D('',#14019,#11250,#11251);
#10444=AXIS2_PLACEMENT_3D('',#14021,#11252,#11253);
#10445=AXIS2_PLACEMENT_3D('',#14023,#11254,#11255);
#10446=AXIS2_PLACEMENT_3D('',#14025,#11256,#11257);
#10447=AXIS2_PLACEMENT_3D('',#14098,#11262,#11263);
#10448=AXIS2_PLACEMENT_3D('',#14107,#11265,#11266);
#10449=AXIS2_PLACEMENT_3D('',#14109,#11267,#11268);
#10450=AXIS2_PLACEMENT_3D('',#14111,#11269,#11270);
#10451=AXIS2_PLACEMENT_3D('',#14115,#11272,#11273);
#10452=AXIS2_PLACEMENT_3D('',#14121,#11274,#11275);
#10453=AXIS2_PLACEMENT_3D('',#14123,#11276,#11277);
#10454=AXIS2_PLACEMENT_3D('',#14125,#11278,#11279);
#10455=AXIS2_PLACEMENT_3D('',#14127,#11280,#11281);
#10456=AXIS2_PLACEMENT_3D('',#14129,#11282,#11283);
#10457=AXIS2_PLACEMENT_3D('',#14131,#11284,#11285);
#10458=AXIS2_PLACEMENT_3D('',#14133,#11286,#11287);
#10459=AXIS2_PLACEMENT_3D('',#14135,#11288,#11289);
#10460=AXIS2_PLACEMENT_3D('',#14137,#11290,#11291);
#10461=AXIS2_PLACEMENT_3D('',#14138,#11292,#11293);
#10462=AXIS2_PLACEMENT_3D('',#14141,#11294,#11295);
#10463=AXIS2_PLACEMENT_3D('',#14143,#11296,#11297);
#10464=AXIS2_PLACEMENT_3D('',#14145,#11298,#11299);
#10465=AXIS2_PLACEMENT_3D('',#14147,#11300,#11301);
#10466=AXIS2_PLACEMENT_3D('',#14149,#11302,#11303);
#10467=AXIS2_PLACEMENT_3D('',#14151,#11304,#11305);
#10468=AXIS2_PLACEMENT_3D('',#14153,#11306,#11307);
#10469=AXIS2_PLACEMENT_3D('',#14155,#11308,#11309);
#10470=AXIS2_PLACEMENT_3D('',#14157,#11310,#11311);
#10471=AXIS2_PLACEMENT_3D('',#14159,#11312,#11313);
#10472=AXIS2_PLACEMENT_3D('',#14161,#11314,#11315);
#10473=AXIS2_PLACEMENT_3D('',#14171,#11320,#11321);
#10474=AXIS2_PLACEMENT_3D('',#14172,#11322,#11323);
#10475=AXIS2_PLACEMENT_3D('',#14273,#11374,#11375);
#10476=AXIS2_PLACEMENT_3D('',#14290,#11383,#11384);
#10477=AXIS2_PLACEMENT_3D('',#14293,#11386,#11387);
#10478=AXIS2_PLACEMENT_3D('',#14294,#11388,#11389);
#10479=AXIS2_PLACEMENT_3D('',#14297,#11390,#11391);
#10480=AXIS2_PLACEMENT_3D('',#14299,#11392,#11393);
#10481=AXIS2_PLACEMENT_3D('',#14301,#11394,#11395);
#10482=AXIS2_PLACEMENT_3D('',#14303,#11396,#11397);
#10483=AXIS2_PLACEMENT_3D('',#14305,#11398,#11399);
#10484=AXIS2_PLACEMENT_3D('',#14307,#11400,#11401);
#10485=AXIS2_PLACEMENT_3D('',#14309,#11402,#11403);
#10486=AXIS2_PLACEMENT_3D('',#14311,#11404,#11405);
#10487=AXIS2_PLACEMENT_3D('',#14313,#11406,#11407);
#10488=AXIS2_PLACEMENT_3D('',#14422,#11430,#11431);
#10489=AXIS2_PLACEMENT_3D('',#14425,#11432,#11433);
#10490=AXIS2_PLACEMENT_3D('',#14444,#11441,#11442);
#10491=AXIS2_PLACEMENT_3D('',#14454,#11447,#11448);
#10492=AXIS2_PLACEMENT_3D('',#14763,#11603,#11604);
#10493=AXIS2_PLACEMENT_3D('',#14839,#11610,#11611);
#10494=AXIS2_PLACEMENT_3D('',#14858,#11621,#11622);
#10495=AXIS2_PLACEMENT_3D('',#14867,#11627,#11628);
#10496=AXIS2_PLACEMENT_3D('',#14881,#11636,#11637);
#10497=AXIS2_PLACEMENT_3D('',#14894,#11644,#11645);
#10498=AXIS2_PLACEMENT_3D('',#14908,#11653,#11654);
#10499=AXIS2_PLACEMENT_3D('',#14916,#11660,#11661);
#10500=AXIS2_PLACEMENT_3D('',#14924,#11666,#11667);
#10501=AXIS2_PLACEMENT_3D('',#14928,#11669,#11670);
#10502=AXIS2_PLACEMENT_3D('',#14938,#11675,#11676);
#10503=AXIS2_PLACEMENT_3D('',#14940,#11677,#11678);
#10504=AXIS2_PLACEMENT_3D('',#14944,#11680,#11681);
#10505=AXIS2_PLACEMENT_3D('',#14946,#11682,#11683);
#10506=AXIS2_PLACEMENT_3D('',#14947,#11684,#11685);
#10507=AXIS2_PLACEMENT_3D('',#14949,#11686,#11687);
#10508=AXIS2_PLACEMENT_3D('',#14951,#11688,#11689);
#10509=AXIS2_PLACEMENT_3D('',#14953,#11690,#11691);
#10510=AXIS2_PLACEMENT_3D('',#14967,#11698,#11699);
#10511=AXIS2_PLACEMENT_3D('',#14971,#11701,#11702);
#10512=AXIS2_PLACEMENT_3D('',#14972,#11703,#11704);
#10513=AXIS2_PLACEMENT_3D('',#14978,#11708,#11709);
#10514=AXIS2_PLACEMENT_3D('',#14980,#11710,#11711);
#10515=AXIS2_PLACEMENT_3D('',#14982,#11712,#11713);
#10516=AXIS2_PLACEMENT_3D('',#14984,#11714,#11715);
#10517=AXIS2_PLACEMENT_3D('',#14986,#11716,#11717);
#10518=AXIS2_PLACEMENT_3D('',#14993,#11721,#11722);
#10519=AXIS2_PLACEMENT_3D('',#14995,#11723,#11724);
#10520=AXIS2_PLACEMENT_3D('',#14999,#11726,#11727);
#10521=AXIS2_PLACEMENT_3D('',#15001,#11728,#11729);
#10522=AXIS2_PLACEMENT_3D('',#15011,#11734,#11735);
#10523=AXIS2_PLACEMENT_3D('',#15017,#11738,#11739);
#10524=AXIS2_PLACEMENT_3D('',#15021,#11741,#11742);
#10525=AXIS2_PLACEMENT_3D('',#15026,#11745,#11746);
#10526=AXIS2_PLACEMENT_3D('',#15032,#11750,#11751);
#10527=AXIS2_PLACEMENT_3D('',#15033,#11752,#11753);
#10528=AXIS2_PLACEMENT_3D('',#15034,#11754,#11755);
#10529=AXIS2_PLACEMENT_3D('',#15036,#11757,#11758);
#10530=AXIS2_PLACEMENT_3D('',#15038,#11759,#11760);
#10531=AXIS2_PLACEMENT_3D('',#15040,#11761,#11762);
#10532=AXIS2_PLACEMENT_3D('',#15055,#11771,#11772);
#10533=AXIS2_PLACEMENT_3D('',#15059,#11774,#11775);
#10534=AXIS2_PLACEMENT_3D('',#15069,#11782,#11783);
#10535=AXIS2_PLACEMENT_3D('',#15071,#11784,#11785);
#10536=AXIS2_PLACEMENT_3D('',#15073,#11786,#11787);
#10537=AXIS2_PLACEMENT_3D('',#15079,#11791,#11792);
#10538=AXIS2_PLACEMENT_3D('',#15082,#11795,#11796);
#10539=AXIS2_PLACEMENT_3D('',#15083,#11797,#11798);
#10540=AXIS2_PLACEMENT_3D('',#15085,#11799,#11800);
#10541=AXIS2_PLACEMENT_3D('',#15087,#11801,#11802);
#10542=AXIS2_PLACEMENT_3D('',#15089,#11803,#11804);
#10543=AXIS2_PLACEMENT_3D('',#15096,#11809,#11810);
#10544=AXIS2_PLACEMENT_3D('',#15099,#11813,#11814);
#10545=AXIS2_PLACEMENT_3D('',#15102,#11817,#11818);
#10546=AXIS2_PLACEMENT_3D('',#15103,#11819,#11820);
#10547=AXIS2_PLACEMENT_3D('',#15104,#11821,#11822);
#10548=AXIS2_PLACEMENT_3D('',#15105,#11823,#11824);
#10549=AXIS2_PLACEMENT_3D('',#15106,#11825,#11826);
#10550=AXIS2_PLACEMENT_3D('',#15108,#11827,#11828);
#10551=AXIS2_PLACEMENT_3D('',#15109,#11829,#11830);
#10552=AXIS2_PLACEMENT_3D('',#15111,#11831,#11832);
#10553=AXIS2_PLACEMENT_3D('',#15112,#11833,#11834);
#10554=AXIS2_PLACEMENT_3D('',#15113,#11835,#11836);
#10555=AXIS2_PLACEMENT_3D('',#15115,#11837,#11838);
#10556=AXIS2_PLACEMENT_3D('',#15116,#11839,#11840);
#10557=AXIS2_PLACEMENT_3D('',#15118,#11841,#11842);
#10558=AXIS2_PLACEMENT_3D('',#15119,#11843,#11844);
#10559=AXIS2_PLACEMENT_3D('',#15120,#11845,#11846);
#10560=AXIS2_PLACEMENT_3D('',#15122,#11847,#11848);
#10561=AXIS2_PLACEMENT_3D('',#15123,#11849,#11850);
#10562=AXIS2_PLACEMENT_3D('',#15125,#11851,#11852);
#10563=AXIS2_PLACEMENT_3D('',#15126,#11853,#11854);
#10564=AXIS2_PLACEMENT_3D('',#15127,#11855,#11856);
#10565=AXIS2_PLACEMENT_3D('',#15129,#11857,#11858);
#10566=AXIS2_PLACEMENT_3D('',#15130,#11859,#11860);
#10567=AXIS2_PLACEMENT_3D('',#15132,#11861,#11862);
#10568=AXIS2_PLACEMENT_3D('',#15133,#11863,#11864);
#10569=AXIS2_PLACEMENT_3D('',#15134,#11865,#11866);
#10570=AXIS2_PLACEMENT_3D('',#15135,#11867,#11868);
#10571=AXIS2_PLACEMENT_3D('',#15136,#11869,#11870);
#10572=AXIS2_PLACEMENT_3D('',#15138,#11871,#11872);
#10573=AXIS2_PLACEMENT_3D('',#15139,#11873,#11874);
#10574=AXIS2_PLACEMENT_3D('',#15140,#11875,#11876);
#10575=AXIS2_PLACEMENT_3D('',#15141,#11877,#11878);
#10576=AXIS2_PLACEMENT_3D('',#15142,#11879,#11880);
#10577=AXIS2_PLACEMENT_3D('',#15144,#11881,#11882);
#10578=AXIS2_PLACEMENT_3D('',#15145,#11883,#11884);
#10579=AXIS2_PLACEMENT_3D('',#15146,#11885,#11886);
#10580=AXIS2_PLACEMENT_3D('',#15147,#11887,#11888);
#10581=AXIS2_PLACEMENT_3D('',#15148,#11889,#11890);
#10582=AXIS2_PLACEMENT_3D('',#15150,#11891,#11892);
#10583=AXIS2_PLACEMENT_3D('',#15151,#11893,#11894);
#10584=AXIS2_PLACEMENT_3D('',#15152,#11895,#11896);
#10585=AXIS2_PLACEMENT_3D('',#15153,#11897,#11898);
#10586=AXIS2_PLACEMENT_3D('',#15154,#11899,#11900);
#10587=AXIS2_PLACEMENT_3D('',#15156,#11901,#11902);
#10588=AXIS2_PLACEMENT_3D('',#15157,#11903,#11904);
#10589=AXIS2_PLACEMENT_3D('',#15160,#11907,#11908);
#10590=AXIS2_PLACEMENT_3D('',#15162,#11910,#11911);
#10591=AXIS2_PLACEMENT_3D('',#15164,#11913,#11914);
#10592=AXIS2_PLACEMENT_3D('',#15166,#11916,#11917);
#10593=AXIS2_PLACEMENT_3D('',#15168,#11919,#11920);
#10594=AXIS2_PLACEMENT_3D('',#15171,#11923,#11924);
#10595=AXIS2_PLACEMENT_3D('',#15172,#11925,#11926);
#10596=AXIS2_PLACEMENT_3D('',#15174,#11928,#11929);
#10597=AXIS2_PLACEMENT_3D('',#15176,#11931,#11932);
#10598=AXIS2_PLACEMENT_3D('',#15177,#11933,#11934);
#10599=AXIS2_PLACEMENT_3D('',#15179,#11936,#11937);
#10600=AXIS2_PLACEMENT_3D('',#15181,#11939,#11940);
#10601=AXIS2_PLACEMENT_3D('',#15183,#11942,#11943);
#10602=AXIS2_PLACEMENT_3D('',#15185,#11945,#11946);
#10603=AXIS2_PLACEMENT_3D('',#15187,#11948,#11949);
#10604=AXIS2_PLACEMENT_3D('',#15188,#11950,#11951);
#10605=AXIS2_PLACEMENT_3D('',#15189,#11952,#11953);
#10606=AXIS2_PLACEMENT_3D('',#15203,#11957,#11958);
#10607=AXIS2_PLACEMENT_3D('',#15216,#11961,#11962);
#10608=AXIS2_PLACEMENT_3D('',#15229,#11965,#11966);
#10609=AXIS2_PLACEMENT_3D('',#15270,#11970,#11971);
#10610=AXIS2_PLACEMENT_3D('',#15301,#11975,#11976);
#10611=AXIS2_PLACEMENT_3D('',#15332,#11980,#11981);
#10612=AXIS2_PLACEMENT_3D('',#15363,#11985,#11986);
#10613=AXIS2_PLACEMENT_3D('',#15365,#11988,#11989);
#10614=AXIS2_PLACEMENT_3D('',#15368,#11991,#11992);
#10615=AXIS2_PLACEMENT_3D('',#15371,#11994,#11995);
#10616=AXIS2_PLACEMENT_3D('',#15375,#11998,#11999);
#10617=AXIS2_PLACEMENT_3D('',#15377,#12001,#12002);
#10618=AXIS2_PLACEMENT_3D('',#15379,#12004,#12005);
#10619=AXIS2_PLACEMENT_3D('',#15380,#12006,#12007);
#10620=AXIS2_PLACEMENT_3D('',#15386,#12011,#12012);
#10621=AXIS2_PLACEMENT_3D('',#15390,#12015,#12016);
#10622=AXIS2_PLACEMENT_3D('',#15394,#12019,#12020);
#10623=AXIS2_PLACEMENT_3D('',#15398,#12023,#12024);
#10624=AXIS2_PLACEMENT_3D('',#15402,#12027,#12028);
#10625=AXIS2_PLACEMENT_3D('',#15406,#12031,#12032);
#10626=AXIS2_PLACEMENT_3D('',#15410,#12035,#12036);
#10627=AXIS2_PLACEMENT_3D('',#15414,#12039,#12040);
#10628=AXIS2_PLACEMENT_3D('',#15418,#12043,#12044);
#10629=AXIS2_PLACEMENT_3D('',#15422,#12047,#12048);
#10630=AXIS2_PLACEMENT_3D('',#15426,#12051,#12052);
#10631=AXIS2_PLACEMENT_3D('',#15430,#12055,#12056);
#10632=AXIS2_PLACEMENT_3D('',#15434,#12059,#12060);
#10633=AXIS2_PLACEMENT_3D('',#15438,#12063,#12064);
#10634=AXIS2_PLACEMENT_3D('',#15442,#12067,#12068);
#10635=AXIS2_PLACEMENT_3D('',#15446,#12071,#12072);
#10636=AXIS2_PLACEMENT_3D('',#15450,#12075,#12076);
#10637=AXIS2_PLACEMENT_3D('',#15454,#12079,#12080);
#10638=AXIS2_PLACEMENT_3D('',#15458,#12083,#12084);
#10639=AXIS2_PLACEMENT_3D('',#15462,#12087,#12088);
#10640=AXIS2_PLACEMENT_3D('',#15466,#12091,#12092);
#10641=AXIS2_PLACEMENT_3D('',#15470,#12095,#12096);
#10642=AXIS2_PLACEMENT_3D('',#15474,#12099,#12100);
#10643=AXIS2_PLACEMENT_3D('',#15478,#12103,#12104);
#10644=AXIS2_PLACEMENT_3D('',#15482,#12107,#12108);
#10645=AXIS2_PLACEMENT_3D('',#15486,#12111,#12112);
#10646=AXIS2_PLACEMENT_3D('',#15490,#12115,#12116);
#10647=AXIS2_PLACEMENT_3D('',#15494,#12119,#12120);
#10648=AXIS2_PLACEMENT_3D('',#15498,#12123,#12124);
#10649=AXIS2_PLACEMENT_3D('',#15502,#12127,#12128);
#10650=AXIS2_PLACEMENT_3D('',#15506,#12131,#12132);
#10651=AXIS2_PLACEMENT_3D('',#15510,#12135,#12136);
#10652=AXIS2_PLACEMENT_3D('',#15514,#12139,#12140);
#10653=AXIS2_PLACEMENT_3D('',#15518,#12143,#12144);
#10654=AXIS2_PLACEMENT_3D('',#15522,#12147,#12148);
#10655=AXIS2_PLACEMENT_3D('',#15526,#12151,#12152);
#10656=AXIS2_PLACEMENT_3D('',#15530,#12155,#12156);
#10657=AXIS2_PLACEMENT_3D('',#15534,#12159,#12160);
#10658=AXIS2_PLACEMENT_3D('',#15538,#12163,#12164);
#10659=AXIS2_PLACEMENT_3D('',#15542,#12167,#12168);
#10660=AXIS2_PLACEMENT_3D('',#15546,#12171,#12172);
#10661=AXIS2_PLACEMENT_3D('',#15550,#12175,#12176);
#10662=AXIS2_PLACEMENT_3D('',#15554,#12179,#12180);
#10663=AXIS2_PLACEMENT_3D('',#15558,#12183,#12184);
#10664=AXIS2_PLACEMENT_3D('',#15562,#12187,#12188);
#10665=AXIS2_PLACEMENT_3D('',#15566,#12191,#12192);
#10666=AXIS2_PLACEMENT_3D('',#15570,#12195,#12196);
#10667=AXIS2_PLACEMENT_3D('',#15574,#12199,#12200);
#10668=AXIS2_PLACEMENT_3D('',#15578,#12203,#12204);
#10669=AXIS2_PLACEMENT_3D('',#15580,#12206,#12207);
#10670=AXIS2_PLACEMENT_3D('',#15581,#12208,#12209);
#10671=AXIS2_PLACEMENT_3D('',#15587,#12213,#12214);
#10672=AXIS2_PLACEMENT_3D('',#15591,#12217,#12218);
#10673=AXIS2_PLACEMENT_3D('',#15595,#12221,#12222);
#10674=AXIS2_PLACEMENT_3D('',#15599,#12225,#12226);
#10675=AXIS2_PLACEMENT_3D('',#15603,#12229,#12230);
#10676=AXIS2_PLACEMENT_3D('',#15607,#12233,#12234);
#10677=AXIS2_PLACEMENT_3D('',#15611,#12237,#12238);
#10678=AXIS2_PLACEMENT_3D('',#15615,#12241,#12242);
#10679=AXIS2_PLACEMENT_3D('',#15619,#12245,#12246);
#10680=AXIS2_PLACEMENT_3D('',#15623,#12249,#12250);
#10681=AXIS2_PLACEMENT_3D('',#15627,#12253,#12254);
#10682=AXIS2_PLACEMENT_3D('',#15631,#12257,#12258);
#10683=AXIS2_PLACEMENT_3D('',#15635,#12261,#12262);
#10684=AXIS2_PLACEMENT_3D('',#15639,#12265,#12266);
#10685=AXIS2_PLACEMENT_3D('',#15643,#12269,#12270);
#10686=AXIS2_PLACEMENT_3D('',#15647,#12273,#12274);
#10687=AXIS2_PLACEMENT_3D('',#15651,#12277,#12278);
#10688=AXIS2_PLACEMENT_3D('',#15655,#12281,#12282);
#10689=AXIS2_PLACEMENT_3D('',#15659,#12285,#12286);
#10690=AXIS2_PLACEMENT_3D('',#15663,#12289,#12290);
#10691=AXIS2_PLACEMENT_3D('',#15667,#12293,#12294);
#10692=AXIS2_PLACEMENT_3D('',#15671,#12297,#12298);
#10693=AXIS2_PLACEMENT_3D('',#15675,#12301,#12302);
#10694=AXIS2_PLACEMENT_3D('',#15679,#12305,#12306);
#10695=AXIS2_PLACEMENT_3D('',#15683,#12309,#12310);
#10696=AXIS2_PLACEMENT_3D('',#15687,#12313,#12314);
#10697=AXIS2_PLACEMENT_3D('',#15691,#12317,#12318);
#10698=AXIS2_PLACEMENT_3D('',#15695,#12321,#12322);
#10699=AXIS2_PLACEMENT_3D('',#15699,#12325,#12326);
#10700=AXIS2_PLACEMENT_3D('',#15703,#12329,#12330);
#10701=AXIS2_PLACEMENT_3D('',#15707,#12333,#12334);
#10702=AXIS2_PLACEMENT_3D('',#15711,#12337,#12338);
#10703=AXIS2_PLACEMENT_3D('',#15715,#12341,#12342);
#10704=AXIS2_PLACEMENT_3D('',#15719,#12345,#12346);
#10705=AXIS2_PLACEMENT_3D('',#15723,#12349,#12350);
#10706=AXIS2_PLACEMENT_3D('',#15727,#12353,#12354);
#10707=AXIS2_PLACEMENT_3D('',#15731,#12357,#12358);
#10708=AXIS2_PLACEMENT_3D('',#15735,#12361,#12362);
#10709=AXIS2_PLACEMENT_3D('',#15739,#12365,#12366);
#10710=AXIS2_PLACEMENT_3D('',#15743,#12369,#12370);
#10711=AXIS2_PLACEMENT_3D('',#15747,#12373,#12374);
#10712=AXIS2_PLACEMENT_3D('',#15751,#12377,#12378);
#10713=AXIS2_PLACEMENT_3D('',#15755,#12381,#12382);
#10714=AXIS2_PLACEMENT_3D('',#15759,#12385,#12386);
#10715=AXIS2_PLACEMENT_3D('',#15763,#12389,#12390);
#10716=AXIS2_PLACEMENT_3D('',#15767,#12393,#12394);
#10717=AXIS2_PLACEMENT_3D('',#15771,#12397,#12398);
#10718=AXIS2_PLACEMENT_3D('',#15775,#12401,#12402);
#10719=AXIS2_PLACEMENT_3D('',#15779,#12405,#12406);
#10720=AXIS2_PLACEMENT_3D('',#15781,#12408,#12409);
#10721=AXIS2_PLACEMENT_3D('',#15782,#12410,#12411);
#10722=AXIS2_PLACEMENT_3D('',#15791,#12416,#12417);
#10723=AXIS2_PLACEMENT_3D('',#15797,#12421,#12422);
#10724=AXIS2_PLACEMENT_3D('',#15803,#12426,#12427);
#10725=AXIS2_PLACEMENT_3D('',#15809,#12431,#12432);
#10726=AXIS2_PLACEMENT_3D('',#15815,#12436,#12437);
#10727=AXIS2_PLACEMENT_3D('',#15821,#12441,#12442);
#10728=AXIS2_PLACEMENT_3D('',#15827,#12446,#12447);
#10729=AXIS2_PLACEMENT_3D('',#15833,#12451,#12452);
#10730=AXIS2_PLACEMENT_3D('',#15839,#12456,#12457);
#10731=AXIS2_PLACEMENT_3D('',#15845,#12461,#12462);
#10732=AXIS2_PLACEMENT_3D('',#15851,#12466,#12467);
#10733=AXIS2_PLACEMENT_3D('',#15857,#12471,#12472);
#10734=AXIS2_PLACEMENT_3D('',#15863,#12476,#12477);
#10735=AXIS2_PLACEMENT_3D('',#15869,#12481,#12482);
#10736=AXIS2_PLACEMENT_3D('',#15875,#12486,#12487);
#10737=AXIS2_PLACEMENT_3D('',#15881,#12491,#12492);
#10738=AXIS2_PLACEMENT_3D('',#15887,#12496,#12497);
#10739=AXIS2_PLACEMENT_3D('',#15893,#12501,#12502);
#10740=AXIS2_PLACEMENT_3D('',#15899,#12506,#12507);
#10741=AXIS2_PLACEMENT_3D('',#15905,#12511,#12512);
#10742=AXIS2_PLACEMENT_3D('',#15911,#12516,#12517);
#10743=AXIS2_PLACEMENT_3D('',#15917,#12521,#12522);
#10744=AXIS2_PLACEMENT_3D('',#15923,#12526,#12527);
#10745=AXIS2_PLACEMENT_3D('',#15929,#12531,#12532);
#10746=AXIS2_PLACEMENT_3D('',#15935,#12536,#12537);
#10747=AXIS2_PLACEMENT_3D('',#15941,#12541,#12542);
#10748=AXIS2_PLACEMENT_3D('',#15947,#12546,#12547);
#10749=AXIS2_PLACEMENT_3D('',#15953,#12551,#12552);
#10750=AXIS2_PLACEMENT_3D('',#15959,#12556,#12557);
#10751=AXIS2_PLACEMENT_3D('',#15965,#12561,#12562);
#10752=AXIS2_PLACEMENT_3D('',#15969,#12565,#12566);
#10753=AXIS2_PLACEMENT_3D('',#15973,#12569,#12570);
#10754=AXIS2_PLACEMENT_3D('',#15977,#12573,#12574);
#10755=AXIS2_PLACEMENT_3D('',#15981,#12577,#12578);
#10756=AXIS2_PLACEMENT_3D('',#15985,#12581,#12582);
#10757=AXIS2_PLACEMENT_3D('',#15989,#12585,#12586);
#10758=AXIS2_PLACEMENT_3D('',#15993,#12589,#12590);
#10759=AXIS2_PLACEMENT_3D('',#15997,#12593,#12594);
#10760=AXIS2_PLACEMENT_3D('',#16001,#12597,#12598);
#10761=AXIS2_PLACEMENT_3D('',#16005,#12601,#12602);
#10762=AXIS2_PLACEMENT_3D('',#16009,#12605,#12606);
#10763=AXIS2_PLACEMENT_3D('',#16013,#12609,#12610);
#10764=AXIS2_PLACEMENT_3D('',#16017,#12613,#12614);
#10765=AXIS2_PLACEMENT_3D('',#16021,#12617,#12618);
#10766=AXIS2_PLACEMENT_3D('',#16025,#12621,#12622);
#10767=AXIS2_PLACEMENT_3D('',#16029,#12625,#12626);
#10768=AXIS2_PLACEMENT_3D('',#16033,#12629,#12630);
#10769=AXIS2_PLACEMENT_3D('',#16037,#12633,#12634);
#10770=AXIS2_PLACEMENT_3D('',#16041,#12637,#12638);
#10771=AXIS2_PLACEMENT_3D('',#16045,#12641,#12642);
#10772=AXIS2_PLACEMENT_3D('',#16049,#12645,#12646);
#10773=AXIS2_PLACEMENT_3D('',#16053,#12649,#12650);
#10774=AXIS2_PLACEMENT_3D('',#16057,#12653,#12654);
#10775=AXIS2_PLACEMENT_3D('',#16061,#12657,#12658);
#10776=AXIS2_PLACEMENT_3D('',#16065,#12661,#12662);
#10777=AXIS2_PLACEMENT_3D('',#16069,#12665,#12666);
#10778=AXIS2_PLACEMENT_3D('',#16073,#12669,#12670);
#10779=AXIS2_PLACEMENT_3D('',#16077,#12673,#12674);
#10780=AXIS2_PLACEMENT_3D('',#16081,#12677,#12678);
#10781=AXIS2_PLACEMENT_3D('',#16085,#12681,#12682);
#10782=AXIS2_PLACEMENT_3D('',#16089,#12685,#12686);
#10783=AXIS2_PLACEMENT_3D('',#16093,#12689,#12690);
#10784=AXIS2_PLACEMENT_3D('',#16097,#12693,#12694);
#10785=AXIS2_PLACEMENT_3D('',#16101,#12697,#12698);
#10786=AXIS2_PLACEMENT_3D('',#16105,#12701,#12702);
#10787=AXIS2_PLACEMENT_3D('',#16109,#12705,#12706);
#10788=AXIS2_PLACEMENT_3D('',#16113,#12709,#12710);
#10789=AXIS2_PLACEMENT_3D('',#16117,#12713,#12714);
#10790=AXIS2_PLACEMENT_3D('',#16121,#12717,#12718);
#10791=AXIS2_PLACEMENT_3D('',#16125,#12721,#12722);
#10792=AXIS2_PLACEMENT_3D('',#16129,#12725,#12726);
#10793=AXIS2_PLACEMENT_3D('',#16133,#12729,#12730);
#10794=AXIS2_PLACEMENT_3D('',#16137,#12733,#12734);
#10795=AXIS2_PLACEMENT_3D('',#16141,#12737,#12738);
#10796=AXIS2_PLACEMENT_3D('',#16145,#12741,#12742);
#10797=AXIS2_PLACEMENT_3D('',#16149,#12745,#12746);
#10798=AXIS2_PLACEMENT_3D('',#16153,#12749,#12750);
#10799=AXIS2_PLACEMENT_3D('',#16157,#12753,#12754);
#10800=AXIS2_PLACEMENT_3D('',#16159,#12756,#12757);
#10801=AXIS2_PLACEMENT_3D('',#16162,#12760,#12761);
#10802=AXIS2_PLACEMENT_3D('',#16163,#12762,#12763);
#10803=AXIS2_PLACEMENT_3D('',#16164,#12764,#12765);
#10804=AXIS2_PLACEMENT_3D('',#16173,#12770,#12771);
#10805=AXIS2_PLACEMENT_3D('',#16179,#12775,#12776);
#10806=AXIS2_PLACEMENT_3D('',#16185,#12780,#12781);
#10807=AXIS2_PLACEMENT_3D('',#16191,#12785,#12786);
#10808=AXIS2_PLACEMENT_3D('',#16197,#12790,#12791);
#10809=AXIS2_PLACEMENT_3D('',#16203,#12795,#12796);
#10810=AXIS2_PLACEMENT_3D('',#16209,#12800,#12801);
#10811=AXIS2_PLACEMENT_3D('',#16215,#12805,#12806);
#10812=AXIS2_PLACEMENT_3D('',#16221,#12810,#12811);
#10813=AXIS2_PLACEMENT_3D('',#16227,#12815,#12816);
#10814=AXIS2_PLACEMENT_3D('',#16233,#12820,#12821);
#10815=AXIS2_PLACEMENT_3D('',#16239,#12825,#12826);
#10816=AXIS2_PLACEMENT_3D('',#16245,#12830,#12831);
#10817=AXIS2_PLACEMENT_3D('',#16251,#12835,#12836);
#10818=AXIS2_PLACEMENT_3D('',#16257,#12840,#12841);
#10819=AXIS2_PLACEMENT_3D('',#16263,#12845,#12846);
#10820=AXIS2_PLACEMENT_3D('',#16269,#12850,#12851);
#10821=AXIS2_PLACEMENT_3D('',#16275,#12855,#12856);
#10822=AXIS2_PLACEMENT_3D('',#16281,#12860,#12861);
#10823=AXIS2_PLACEMENT_3D('',#16287,#12865,#12866);
#10824=AXIS2_PLACEMENT_3D('',#16293,#12870,#12871);
#10825=AXIS2_PLACEMENT_3D('',#16299,#12875,#12876);
#10826=AXIS2_PLACEMENT_3D('',#16305,#12880,#12881);
#10827=AXIS2_PLACEMENT_3D('',#16311,#12885,#12886);
#10828=AXIS2_PLACEMENT_3D('',#16317,#12890,#12891);
#10829=AXIS2_PLACEMENT_3D('',#16323,#12895,#12896);
#10830=AXIS2_PLACEMENT_3D('',#16329,#12900,#12901);
#10831=AXIS2_PLACEMENT_3D('',#16335,#12905,#12906);
#10832=AXIS2_PLACEMENT_3D('',#16341,#12910,#12911);
#10833=AXIS2_PLACEMENT_3D('',#16347,#12915,#12916);
#10834=AXIS2_PLACEMENT_3D('',#16351,#12919,#12920);
#10835=AXIS2_PLACEMENT_3D('',#16355,#12923,#12924);
#10836=AXIS2_PLACEMENT_3D('',#16359,#12927,#12928);
#10837=AXIS2_PLACEMENT_3D('',#16363,#12931,#12932);
#10838=AXIS2_PLACEMENT_3D('',#16367,#12935,#12936);
#10839=AXIS2_PLACEMENT_3D('',#16371,#12939,#12940);
#10840=AXIS2_PLACEMENT_3D('',#16375,#12943,#12944);
#10841=AXIS2_PLACEMENT_3D('',#16379,#12947,#12948);
#10842=AXIS2_PLACEMENT_3D('',#16383,#12951,#12952);
#10843=AXIS2_PLACEMENT_3D('',#16387,#12955,#12956);
#10844=AXIS2_PLACEMENT_3D('',#16391,#12959,#12960);
#10845=AXIS2_PLACEMENT_3D('',#16395,#12963,#12964);
#10846=AXIS2_PLACEMENT_3D('',#16399,#12967,#12968);
#10847=AXIS2_PLACEMENT_3D('',#16403,#12971,#12972);
#10848=AXIS2_PLACEMENT_3D('',#16407,#12975,#12976);
#10849=AXIS2_PLACEMENT_3D('',#16411,#12979,#12980);
#10850=AXIS2_PLACEMENT_3D('',#16415,#12983,#12984);
#10851=AXIS2_PLACEMENT_3D('',#16419,#12987,#12988);
#10852=AXIS2_PLACEMENT_3D('',#16423,#12991,#12992);
#10853=AXIS2_PLACEMENT_3D('',#16427,#12995,#12996);
#10854=AXIS2_PLACEMENT_3D('',#16431,#12999,#13000);
#10855=AXIS2_PLACEMENT_3D('',#16435,#13003,#13004);
#10856=AXIS2_PLACEMENT_3D('',#16439,#13007,#13008);
#10857=AXIS2_PLACEMENT_3D('',#16443,#13011,#13012);
#10858=AXIS2_PLACEMENT_3D('',#16447,#13015,#13016);
#10859=AXIS2_PLACEMENT_3D('',#16451,#13019,#13020);
#10860=AXIS2_PLACEMENT_3D('',#16455,#13023,#13024);
#10861=AXIS2_PLACEMENT_3D('',#16459,#13027,#13028);
#10862=AXIS2_PLACEMENT_3D('',#16463,#13031,#13032);
#10863=AXIS2_PLACEMENT_3D('',#16467,#13035,#13036);
#10864=AXIS2_PLACEMENT_3D('',#16471,#13039,#13040);
#10865=AXIS2_PLACEMENT_3D('',#16475,#13043,#13044);
#10866=AXIS2_PLACEMENT_3D('',#16479,#13047,#13048);
#10867=AXIS2_PLACEMENT_3D('',#16483,#13051,#13052);
#10868=AXIS2_PLACEMENT_3D('',#16487,#13055,#13056);
#10869=AXIS2_PLACEMENT_3D('',#16491,#13059,#13060);
#10870=AXIS2_PLACEMENT_3D('',#16495,#13063,#13064);
#10871=AXIS2_PLACEMENT_3D('',#16499,#13067,#13068);
#10872=AXIS2_PLACEMENT_3D('',#16503,#13071,#13072);
#10873=AXIS2_PLACEMENT_3D('',#16507,#13075,#13076);
#10874=AXIS2_PLACEMENT_3D('',#16511,#13079,#13080);
#10875=AXIS2_PLACEMENT_3D('',#16515,#13083,#13084);
#10876=AXIS2_PLACEMENT_3D('',#16519,#13087,#13088);
#10877=AXIS2_PLACEMENT_3D('',#16523,#13091,#13092);
#10878=AXIS2_PLACEMENT_3D('',#16527,#13095,#13096);
#10879=AXIS2_PLACEMENT_3D('',#16531,#13099,#13100);
#10880=AXIS2_PLACEMENT_3D('',#16535,#13103,#13104);
#10881=AXIS2_PLACEMENT_3D('',#16539,#13107,#13108);
#10882=AXIS2_PLACEMENT_3D('',#16541,#13110,#13111);
#10883=AXIS2_PLACEMENT_3D('',#16544,#13114,#13115);
#10884=AXIS2_PLACEMENT_3D('',#16545,#13116,#13117);
#10885=AXIS2_PLACEMENT_3D('',#16546,#13118,#13119);
#10886=AXIS2_PLACEMENT_3D('',#16547,#13120,#13121);
#10887=AXIS2_PLACEMENT_3D('',#16549,#13122,#13123);
#10888=AXIS2_PLACEMENT_3D('',#16550,#13124,#13125);
#10889=AXIS2_PLACEMENT_3D('',#16551,#13126,#13127);
#10890=AXIS2_PLACEMENT_3D('',#16553,#13128,#13129);
#10891=AXIS2_PLACEMENT_3D('',#16554,#13130,#13131);
#10892=AXIS2_PLACEMENT_3D('',#16555,#13132,#13133);
#10893=AXIS2_PLACEMENT_3D('',#16557,#13134,#13135);
#10894=AXIS2_PLACEMENT_3D('',#16558,#13136,#13137);
#10895=AXIS2_PLACEMENT_3D('',#16559,#13138,#13139);
#10896=AXIS2_PLACEMENT_3D('',#16564,#13141,#13142);
#10897=AXIS2_PLACEMENT_3D('',#16567,#13144,#13145);
#10898=AXIS2_PLACEMENT_3D('',#16590,#13150,#13151);
#10899=AXIS2_PLACEMENT_3D('',#16591,#13152,#13153);
#10900=AXIS2_PLACEMENT_3D('',#16595,#13155,#13156);
#10901=AXIS2_PLACEMENT_3D('',#16596,#13157,#13158);
#10902=AXIS2_PLACEMENT_3D('',#16597,#13159,#13160);
#10903=AXIS2_PLACEMENT_3D('',#16601,#13162,#13163);
#10904=AXIS2_PLACEMENT_3D('',#16602,#13164,#13165);
#10905=AXIS2_PLACEMENT_3D('',#16605,#13167,#13168);
#10906=AXIS2_PLACEMENT_3D('',#16608,#13170,#13171);
#10907=AXIS2_PLACEMENT_3D('',#16611,#13173,#13174);
#10908=AXIS2_PLACEMENT_3D('',#16612,#13175,#13176);
#10909=AXIS2_PLACEMENT_3D('',#16615,#13178,#13179);
#10910=AXIS2_PLACEMENT_3D('',#16616,#13180,#13181);
#10911=AXIS2_PLACEMENT_3D('',#16619,#13183,#13184);
#10912=AXIS2_PLACEMENT_3D('',#16620,#13185,#13186);
#10913=AXIS2_PLACEMENT_3D('',#16623,#13188,#13189);
#10914=AXIS2_PLACEMENT_3D('',#16624,#13190,#13191);
#10915=AXIS2_PLACEMENT_3D('',#16627,#13193,#13194);
#10916=AXIS2_PLACEMENT_3D('',#16628,#13195,#13196);
#10917=AXIS2_PLACEMENT_3D('',#16631,#13198,#13199);
#10918=AXIS2_PLACEMENT_3D('',#16632,#13200,#13201);
#10919=AXIS2_PLACEMENT_3D('',#16635,#13203,#13204);
#10920=AXIS2_PLACEMENT_3D('',#16636,#13205,#13206);
#10921=AXIS2_PLACEMENT_3D('',#16639,#13208,#13209);
#10922=AXIS2_PLACEMENT_3D('',#16640,#13210,#13211);
#10923=AXIS2_PLACEMENT_3D('',#16643,#13213,#13214);
#10924=AXIS2_PLACEMENT_3D('',#16657,#13216,#13217);
#10925=AXIS2_PLACEMENT_3D('',#16660,#13219,#13220);
#10926=AXIS2_PLACEMENT_3D('',#16661,#13221,#13222);
#10927=AXIS2_PLACEMENT_3D('',#16665,#13225,#13226);
#10928=AXIS2_PLACEMENT_3D('',#16668,#13228,#13229);
#10929=AXIS2_PLACEMENT_3D('',#16669,#13230,#13231);
#10930=AXIS2_PLACEMENT_3D('',#16672,#13233,#13234);
#10931=AXIS2_PLACEMENT_3D('',#16673,#13235,#13236);
#10932=AXIS2_PLACEMENT_3D('',#16676,#13238,#13239);
#10933=AXIS2_PLACEMENT_3D('',#16690,#13241,#13242);
#10934=AXIS2_PLACEMENT_3D('',#16692,#13244,#13245);
#10935=AXIS2_PLACEMENT_3D('',#16693,#13246,#13247);
#10936=AXIS2_PLACEMENT_3D('',#16694,#13248,#13249);
#10937=AXIS2_PLACEMENT_3D('',#16695,#13250,#13251);
#10938=AXIS2_PLACEMENT_3D('',#16696,#13252,#13253);
#10939=AXIS2_PLACEMENT_3D('',#16697,#13254,#13255);
#10940=AXIS2_PLACEMENT_3D('',#16702,#13257,#13258);
#10941=AXIS2_PLACEMENT_3D('',#16705,#13260,#13261);
#10942=AXIS2_PLACEMENT_3D('',#16706,#13262,#13263);
#10943=AXIS2_PLACEMENT_3D('',#16710,#13265,#13266);
#10944=AXIS2_PLACEMENT_3D('',#16711,#13267,#13268);
#10945=AXIS2_PLACEMENT_3D('',#16712,#13269,#13270);
#10946=AXIS2_PLACEMENT_3D('',#16716,#13272,#13273);
#10947=AXIS2_PLACEMENT_3D('',#16717,#13274,#13275);
#10948=AXIS2_PLACEMENT_3D('',#16718,#13276,#13277);
#10949=AXIS2_PLACEMENT_3D('',#16722,#13279,#13280);
#10950=AXIS2_PLACEMENT_3D('',#16723,#13281,#13282);
#10951=AXIS2_PLACEMENT_3D('',#16724,#13283,#13284);
#10952=AXIS2_PLACEMENT_3D('',#16728,#13286,#13287);
#10953=AXIS2_PLACEMENT_3D('',#16729,#13288,#13289);
#10954=AXIS2_PLACEMENT_3D('',#16730,#13290,#13291);
#10955=AXIS2_PLACEMENT_3D('',#16734,#13293,#13294);
#10956=AXIS2_PLACEMENT_3D('',#16735,#13295,#13296);
#10957=AXIS2_PLACEMENT_3D('',#16736,#13297,#13298);
#10958=AXIS2_PLACEMENT_3D('',#16740,#13300,#13301);
#10959=AXIS2_PLACEMENT_3D('',#16741,#13302,#13303);
#10960=AXIS2_PLACEMENT_3D('',#16742,#13304,#13305);
#10961=AXIS2_PLACEMENT_3D('',#16746,#13307,#13308);
#10962=AXIS2_PLACEMENT_3D('',#16747,#13309,#13310);
#10963=AXIS2_PLACEMENT_3D('',#16748,#13311,#13312);
#10964=AXIS2_PLACEMENT_3D('',#16752,#13314,#13315);
#10965=AXIS2_PLACEMENT_3D('',#16753,#13316,#13317);
#10966=AXIS2_PLACEMENT_3D('',#16754,#13318,#13319);
#10967=AXIS2_PLACEMENT_3D('',#16758,#13321,#13322);
#10968=AXIS2_PLACEMENT_3D('',#16759,#13323,#13324);
#10969=AXIS2_PLACEMENT_3D('',#16760,#13325,#13326);
#10970=AXIS2_PLACEMENT_3D('',#16764,#13328,#13329);
#10971=AXIS2_PLACEMENT_3D('',#16765,#13330,#13331);
#10972=AXIS2_PLACEMENT_3D('',#16768,#13333,#13334);
#10973=AXIS2_PLACEMENT_3D('',#16771,#13336,#13337);
#10974=AXIS2_PLACEMENT_3D('',#16774,#13339,#13340);
#10975=AXIS2_PLACEMENT_3D('',#16775,#13341,#13342);
#10976=AXIS2_PLACEMENT_3D('',#16778,#13344,#13345);
#10977=AXIS2_PLACEMENT_3D('',#16779,#13346,#13347);
#10978=AXIS2_PLACEMENT_3D('',#16782,#13349,#13350);
#10979=AXIS2_PLACEMENT_3D('',#16783,#13351,#13352);
#10980=AXIS2_PLACEMENT_3D('',#16786,#13354,#13355);
#10981=AXIS2_PLACEMENT_3D('',#16787,#13356,#13357);
#10982=AXIS2_PLACEMENT_3D('',#16790,#13359,#13360);
#10983=AXIS2_PLACEMENT_3D('',#16791,#13361,#13362);
#10984=AXIS2_PLACEMENT_3D('',#16795,#13365,#13366);
#10985=AXIS2_PLACEMENT_3D('',#16799,#13369,#13370);
#10986=AXIS2_PLACEMENT_3D('',#16803,#13373,#13374);
#10987=AXIS2_PLACEMENT_3D('',#16807,#13377,#13378);
#10988=AXIS2_PLACEMENT_3D('',#16811,#13381,#13382);
#10989=AXIS2_PLACEMENT_3D('',#16814,#13384,#13385);
#10990=AXIS2_PLACEMENT_3D('',#16815,#13386,#13387);
#10991=AXIS2_PLACEMENT_3D('',#16818,#13389,#13390);
#10992=AXIS2_PLACEMENT_3D('',#16819,#13391,#13392);
#10993=AXIS2_PLACEMENT_3D('',#16822,#13394,#13395);
#10994=AXIS2_PLACEMENT_3D('',#16823,#13396,#13397);
#10995=AXIS2_PLACEMENT_3D('',#16824,#13398,#13399);
#10996=AXIS2_PLACEMENT_3D('',#16825,#13400,#13401);
#10997=AXIS2_PLACEMENT_3D('',#16826,#13402,#13403);
#10998=AXIS2_PLACEMENT_3D('',#16827,#13404,#13405);
#10999=AXIS2_PLACEMENT_3D('',#16828,#13406,#13407);
#11000=AXIS2_PLACEMENT_3D('',#16829,#13408,#13409);
#11001=AXIS2_PLACEMENT_3D('',#16830,#13410,#13411);
#11002=AXIS2_PLACEMENT_3D('',#16835,#13413,#13414);
#11003=AXIS2_PLACEMENT_3D('',#16838,#13416,#13417);
#11004=AXIS2_PLACEMENT_3D('',#16839,#13418,#13419);
#11005=AXIS2_PLACEMENT_3D('',#16843,#13421,#13422);
#11006=AXIS2_PLACEMENT_3D('',#16844,#13423,#13424);
#11007=AXIS2_PLACEMENT_3D('',#16845,#13425,#13426);
#11008=AXIS2_PLACEMENT_3D('',#16849,#13428,#13429);
#11009=AXIS2_PLACEMENT_3D('',#16867,#13431,#13432);
#11010=AXIS2_PLACEMENT_3D('',#16868,#13433,#13434);
#11011=AXIS2_PLACEMENT_3D('',#16872,#13436,#13437);
#11012=AXIS2_PLACEMENT_3D('',#16873,#13438,#13439);
#11013=AXIS2_PLACEMENT_3D('',#16874,#13440,#13441);
#11014=AXIS2_PLACEMENT_3D('',#16878,#13443,#13444);
#11015=AXIS2_PLACEMENT_3D('',#16879,#13445,#13446);
#11016=AXIS2_PLACEMENT_3D('',#16880,#13447,#13448);
#11017=AXIS2_PLACEMENT_3D('',#16884,#13450,#13451);
#11018=AXIS2_PLACEMENT_3D('',#16885,#13452,#13453);
#11019=AXIS2_PLACEMENT_3D('',#16886,#13454,#13455);
#11020=AXIS2_PLACEMENT_3D('',#16890,#13457,#13458);
#11021=AXIS2_PLACEMENT_3D('',#16891,#13459,#13460);
#11022=AXIS2_PLACEMENT_3D('',#16892,#13461,#13462);
#11023=AXIS2_PLACEMENT_3D('',#16896,#13464,#13465);
#11024=AXIS2_PLACEMENT_3D('',#16897,#13466,#13467);
#11025=AXIS2_PLACEMENT_3D('',#16898,#13468,#13469);
#11026=AXIS2_PLACEMENT_3D('',#16902,#13471,#13472);
#11027=AXIS2_PLACEMENT_3D('',#16903,#13473,#13474);
#11028=AXIS2_PLACEMENT_3D('',#16904,#13475,#13476);
#11029=AXIS2_PLACEMENT_3D('',#16908,#13478,#13479);
#11030=AXIS2_PLACEMENT_3D('',#16909,#13480,#13481);
#11031=AXIS2_PLACEMENT_3D('',#16912,#13483,#13484);
#11032=AXIS2_PLACEMENT_3D('',#16915,#13486,#13487);
#11033=AXIS2_PLACEMENT_3D('',#16918,#13489,#13490);
#11034=AXIS2_PLACEMENT_3D('',#16919,#13491,#13492);
#11035=AXIS2_PLACEMENT_3D('',#16922,#13494,#13495);
#11036=AXIS2_PLACEMENT_3D('',#16923,#13496,#13497);
#11037=AXIS2_PLACEMENT_3D('',#16926,#13499,#13500);
#11038=AXIS2_PLACEMENT_3D('',#16927,#13501,#13502);
#11039=AXIS2_PLACEMENT_3D('',#16930,#13504,#13505);
#11040=AXIS2_PLACEMENT_3D('',#16931,#13506,#13507);
#11041=AXIS2_PLACEMENT_3D('',#16934,#13509,#13510);
#11042=AXIS2_PLACEMENT_3D('',#16935,#13511,#13512);
#11043=AXIS2_PLACEMENT_3D('',#16938,#13514,#13515);
#11044=AXIS2_PLACEMENT_3D('',#16939,#13516,#13517);
#11045=AXIS2_PLACEMENT_3D('',#16942,#13519,#13520);
#11046=AXIS2_PLACEMENT_3D('',#16943,#13521,#13522);
#11047=AXIS2_PLACEMENT_3D('',#16946,#13524,#13525);
#11048=AXIS2_PLACEMENT_3D('',#16947,#13526,#13527);
#11049=AXIS2_PLACEMENT_3D('',#16950,#13529,#13530);
#11050=AXIS2_PLACEMENT_3D('',#16951,#13531,#13532);
#11051=AXIS2_PLACEMENT_3D('',#16954,#13534,#13535);
#11052=AXIS2_PLACEMENT_3D('',#16955,#13536,#13537);
#11053=AXIS2_PLACEMENT_3D('',#16956,#13538,#13539);
#11054=AXIS2_PLACEMENT_3D('',#16957,#13540,#13541);
#11055=AXIS2_PLACEMENT_3D('',#16958,#13542,#13543);
#11056=AXIS2_PLACEMENT_3D('',#16959,#13544,#13545);
#11057=AXIS2_PLACEMENT_3D('',#16960,#13546,#13547);
#11058=AXIS2_PLACEMENT_3D('',#16961,#13548,#13549);
#11059=AXIS2_PLACEMENT_3D('',#16964,#13551,#13552);
#11060=AXIS2_PLACEMENT_3D('',#16967,#13554,#13555);
#11061=AXIS2_PLACEMENT_3D('',#16970,#13557,#13558);
#11062=AXIS2_PLACEMENT_3D('',#16971,#13559,#13560);
#11063=AXIS2_PLACEMENT_3D('',#16974,#13562,#13563);
#11064=AXIS2_PLACEMENT_3D('',#16975,#13564,#13565);
#11065=AXIS2_PLACEMENT_3D('',#16978,#13567,#13568);
#11066=AXIS2_PLACEMENT_3D('',#16992,#13570,#13571);
#11067=AXIS2_PLACEMENT_3D('',#16995,#13573,#13574);
#11068=AXIS2_PLACEMENT_3D('',#16996,#13575,#13576);
#11069=AXIS2_PLACEMENT_3D('',#17000,#13579,#13580);
#11070=AXIS2_PLACEMENT_3D('',#17003,#13582,#13583);
#11071=AXIS2_PLACEMENT_3D('',#17004,#13584,#13585);
#11072=AXIS2_PLACEMENT_3D('',#17007,#13587,#13588);
#11073=AXIS2_PLACEMENT_3D('',#17008,#13589,#13590);
#11074=AXIS2_PLACEMENT_3D('',#17011,#13592,#13593);
#11075=AXIS2_PLACEMENT_3D('',#17038,#13596,#13597);
#11076=AXIS2_PLACEMENT_3D('',#17041,#13599,#13600);
#11077=AXIS2_PLACEMENT_3D('',#17042,#13601,#13602);
#11078=AXIS2_PLACEMENT_3D('',#17045,#13604,#13605);
#11079=AXIS2_PLACEMENT_3D('',#17046,#13606,#13607);
#11080=AXIS2_PLACEMENT_3D('',#17049,#13609,#13610);
#11081=AXIS2_PLACEMENT_3D('',#17050,#13611,#13612);
#11082=AXIS2_PLACEMENT_3D('',#17054,#13615,#13616);
#11083=AXIS2_PLACEMENT_3D('',#17057,#13618,#13619);
#11084=AXIS2_PLACEMENT_3D('',#17071,#13621,#13622);
#11085=AXIS2_PLACEMENT_3D('',#17074,#13624,#13625);
#11086=AXIS2_PLACEMENT_3D('',#17075,#13626,#13627);
#11087=AXIS2_PLACEMENT_3D('',#17076,#13628,#13629);
#11088=AXIS2_PLACEMENT_3D('',#17077,#13630,#13631);
#11089=AXIS2_PLACEMENT_3D('',#17078,#13632,#13633);
#11090=AXIS2_PLACEMENT_3D('',#17079,#13634,#13635);
#11091=AXIS2_PLACEMENT_3D('',#17080,#13636,#13637);
#11092=AXIS2_PLACEMENT_3D('',#17081,#13638,#13639);
#11093=AXIS2_PLACEMENT_3D('',#17087,#13643,#13644);
#11094=AXIS2_PLACEMENT_3D('',#17091,#13647,#13648);
#11095=AXIS2_PLACEMENT_3D('',#17095,#13651,#13652);
#11096=AXIS2_PLACEMENT_3D('',#17099,#13655,#13656);
#11097=AXIS2_PLACEMENT_3D('',#17103,#13659,#13660);
#11098=AXIS2_PLACEMENT_3D('',#17107,#13663,#13664);
#11099=AXIS2_PLACEMENT_3D('',#17111,#13667,#13668);
#11100=AXIS2_PLACEMENT_3D('',#17115,#13671,#13672);
#11101=AXIS2_PLACEMENT_3D('',#17119,#13675,#13676);
#11102=AXIS2_PLACEMENT_3D('',#17123,#13679,#13680);
#11103=AXIS2_PLACEMENT_3D('',#17127,#13683,#13684);
#11104=AXIS2_PLACEMENT_3D('',#17131,#13687,#13688);
#11105=AXIS2_PLACEMENT_3D('',#17133,#13690,#13691);
#11106=AXIS2_PLACEMENT_3D('',#17134,#13692,#13693);
#11107=AXIS2_PLACEMENT_3D('',#17137,#13695,#13696);
#11108=AXIS2_PLACEMENT_3D('',#17140,#13698,#13699);
#11109=AXIS2_PLACEMENT_3D('',#17144,#13702,#13703);
#11110=AXIS2_PLACEMENT_3D('',#17148,#13706,#13707);
#11111=AXIS2_PLACEMENT_3D('',#17152,#13710,#13711);
#11112=AXIS2_PLACEMENT_3D('',#17156,#13714,#13715);
#11113=AXIS2_PLACEMENT_3D('',#17173,#13719,#13720);
#11114=AXIS2_PLACEMENT_3D('',#17177,#13723,#13724);
#11115=AXIS2_PLACEMENT_3D('',#17181,#13727,#13728);
#11116=AXIS2_PLACEMENT_3D('',#17182,#13729,#13730);
#11117=AXIS2_PLACEMENT_3D('',#17183,#13731,#13732);
#11118=AXIS2_PLACEMENT_3D('',#17184,#13733,#13734);
#11119=AXIS2_PLACEMENT_3D('',#17185,#13735,#13736);
#11120=AXIS2_PLACEMENT_3D('',#17190,#13738,#13739);
#11121=AXIS2_PLACEMENT_3D('',#17193,#13741,#13742);
#11122=AXIS2_PLACEMENT_3D('',#17194,#13743,#13744);
#11123=AXIS2_PLACEMENT_3D('',#17198,#13746,#13747);
#11124=AXIS2_PLACEMENT_3D('',#17199,#13748,#13749);
#11125=AXIS2_PLACEMENT_3D('',#17200,#13750,#13751);
#11126=AXIS2_PLACEMENT_3D('',#17204,#13753,#13754);
#11127=AXIS2_PLACEMENT_3D('',#17205,#13755,#13756);
#11128=AXIS2_PLACEMENT_3D('',#17206,#13757,#13758);
#11129=AXIS2_PLACEMENT_3D('',#17210,#13760,#13761);
#11130=AXIS2_PLACEMENT_3D('',#17211,#13762,#13763);
#11131=AXIS2_PLACEMENT_3D('',#17212,#13764,#13765);
#11132=AXIS2_PLACEMENT_3D('',#17216,#13767,#13768);
#11133=AXIS2_PLACEMENT_3D('',#17217,#13769,#13770);
#11134=AXIS2_PLACEMENT_3D('',#17218,#13771,#13772);
#11135=AXIS2_PLACEMENT_3D('',#17222,#13774,#13775);
#11136=AXIS2_PLACEMENT_3D('',#17223,#13776,#13777);
#11137=AXIS2_PLACEMENT_3D('',#17224,#13778,#13779);
#11138=AXIS2_PLACEMENT_3D('',#17228,#13781,#13782);
#11139=AXIS2_PLACEMENT_3D('',#17229,#13783,#13784);
#11140=AXIS2_PLACEMENT_3D('',#17230,#13785,#13786);
#11141=AXIS2_PLACEMENT_3D('',#17234,#13788,#13789);
#11142=AXIS2_PLACEMENT_3D('',#17235,#13790,#13791);
#11143=AXIS2_PLACEMENT_3D('',#17236,#13792,#13793);
#11144=AXIS2_PLACEMENT_3D('',#17240,#13795,#13796);
#11145=AXIS2_PLACEMENT_3D('',#17241,#13797,#13798);
#11146=AXIS2_PLACEMENT_3D('',#17242,#13799,#13800);
#11147=AXIS2_PLACEMENT_3D('',#17246,#13802,#13803);
#11148=AXIS2_PLACEMENT_3D('',#17247,#13804,#13805);
#11149=AXIS2_PLACEMENT_3D('',#17248,#13806,#13807);
#11150=AXIS2_PLACEMENT_3D('',#17252,#13809,#13810);
#11151=AXIS2_PLACEMENT_3D('',#17253,#13811,#13812);
#11152=AXIS2_PLACEMENT_3D('',#17256,#13814,#13815);
#11153=AXIS2_PLACEMENT_3D('',#17259,#13817,#13818);
#11154=AXIS2_PLACEMENT_3D('',#17263,#13821,#13822);
#11155=AXIS2_PLACEMENT_3D('',#17267,#13825,#13826);
#11156=AXIS2_PLACEMENT_3D('',#17271,#13829,#13830);
#11157=AXIS2_PLACEMENT_3D('',#17275,#13833,#13834);
#11158=AXIS2_PLACEMENT_3D('',#17279,#13837,#13838);
#11159=AXIS2_PLACEMENT_3D('',#17282,#13840,#13841);
#11160=AXIS2_PLACEMENT_3D('',#17283,#13842,#13843);
#11161=AXIS2_PLACEMENT_3D('',#17286,#13845,#13846);
#11162=AXIS2_PLACEMENT_3D('',#17287,#13847,#13848);
#11163=AXIS2_PLACEMENT_3D('',#17290,#13850,#13851);
#11164=AXIS2_PLACEMENT_3D('',#17291,#13852,#13853);
#11165=AXIS2_PLACEMENT_3D('',#17294,#13855,#13856);
#11166=AXIS2_PLACEMENT_3D('',#17295,#13857,#13858);
#11167=AXIS2_PLACEMENT_3D('',#17298,#13860,#13861);
#11168=AXIS2_PLACEMENT_3D('',#17299,#13862,#13863);
#11169=AXIS2_PLACEMENT_3D('',#17302,#13865,#13866);
#11170=AXIS2_PLACEMENT_3D('',#17303,#13867,#13868);
#11171=AXIS2_PLACEMENT_3D('',#17306,#13870,#13871);
#11172=AXIS2_PLACEMENT_3D('',#17307,#13872,#13873);
#11173=AXIS2_PLACEMENT_3D('',#17310,#13875,#13876);
#11174=AXIS2_PLACEMENT_3D('',#17311,#13877,#13878);
#11175=AXIS2_PLACEMENT_3D('',#17312,#13879,#13880);
#11176=AXIS2_PLACEMENT_3D('',#17313,#13881,#13882);
#11177=AXIS2_PLACEMENT_3D('',#17314,#13883,#13884);
#11178=AXIS2_PLACEMENT_3D('',#17315,#13885,#13886);
#11179=AXIS2_PLACEMENT_3D('',#17316,#13887,#13888);
#11180=AXIS2_PLACEMENT_3D('',#17317,#13889,#13890);
#11181=AXIS2_PLACEMENT_3D('',#17318,#13891,#13892);
#11182=AXIS2_PLACEMENT_3D('',#17324,#13896,#13897);
#11183=AXIS2_PLACEMENT_3D('',#17326,#13899,#13900);
#11184=AXIS2_PLACEMENT_3D('',#17330,#13903,#13904);
#11185=AXIS2_PLACEMENT_3D('',#17334,#13907,#13908);
#11186=AXIS2_PLACEMENT_3D('',#17337,#13910,#13911);
#11187=AXIS2_PLACEMENT_3D('',#17338,#13912,#13913);
#11188=AXIS2_PLACEMENT_3D('',#17340,#13915,#13916);
#11189=AXIS2_PLACEMENT_3D('',#17344,#13919,#13920);
#11190=AXIS2_PLACEMENT_3D('',#17347,#13922,#13923);
#11191=AXIS2_PLACEMENT_3D('',#17348,#13924,#13925);
#11192=AXIS2_PLACEMENT_3D('',#17352,#13928,#13929);
#11193=AXIS2_PLACEMENT_3D('',#17355,#13931,#13932);
#11194=AXIS2_PLACEMENT_3D('',#17356,#13933,#13934);
#11195=AXIS2_PLACEMENT_3D('',#17358,#13936,#13937);
#11196=AXIS2_PLACEMENT_3D('',#17362,#13940,#13941);
#11197=AXIS2_PLACEMENT_3D('',#17363,#13942,#13943);
#11198=AXIS2_PLACEMENT_3D('',#17364,#13944,#13945);
#11199=DIRECTION('',(0.,0.,1.));
#11200=DIRECTION('',(1.,0.,0.));
#11201=DIRECTION('',(-1.,0.,0.));
#11202=DIRECTION('',(0.,0.,1.));
#11203=DIRECTION('',(1.,0.,0.));
#11204=DIRECTION('',(0.,0.,-1.));
#11205=DIRECTION('',(1.,0.,0.));
#11206=DIRECTION('',(0.,0.,-1.));
#11207=DIRECTION('',(1.,0.,0.));
#11208=DIRECTION('',(0.,0.,-1.));
#11209=DIRECTION('',(1.,0.,0.));
#11210=DIRECTION('',(0.,0.,-1.));
#11211=DIRECTION('',(0.,0.,-1.));
#11212=DIRECTION('',(1.,0.,0.));
#11213=DIRECTION('',(0.,0.,-1.));
#11214=DIRECTION('',(1.,0.,0.));
#11215=DIRECTION('',(0.,0.,-1.));
#11216=DIRECTION('',(1.,0.,0.));
#11217=DIRECTION('',(0.,0.,-1.));
#11218=DIRECTION('',(1.,0.,0.));
#11219=DIRECTION('',(0.,0.,-1.));
#11220=DIRECTION('',(1.,0.,0.));
#11221=DIRECTION('',(0.,0.,-1.));
#11222=DIRECTION('',(1.,0.,0.));
#11223=DIRECTION('',(0.,0.,-1.));
#11224=DIRECTION('',(0.,0.,1.));
#11225=DIRECTION('',(1.,0.,0.));
#11226=DIRECTION('',(0.,0.,-1.));
#11227=DIRECTION('',(1.,0.,0.));
#11228=DIRECTION('',(0.,0.,-1.));
#11229=DIRECTION('',(1.,0.,0.));
#11230=DIRECTION('',(0.,0.,-1.));
#11231=DIRECTION('',(1.,0.,0.));
#11232=DIRECTION('',(0.,0.,-1.));
#11233=DIRECTION('',(1.,0.,0.));
#11234=DIRECTION('',(0.,0.,-1.));
#11235=DIRECTION('',(1.,0.,0.));
#11236=DIRECTION('',(0.,0.,-1.));
#11237=DIRECTION('',(1.,0.,0.));
#11238=DIRECTION('',(0.,0.,-1.));
#11239=DIRECTION('',(1.,0.,0.));
#11240=DIRECTION('',(0.,0.,-1.));
#11241=DIRECTION('',(1.,0.,0.));
#11242=DIRECTION('',(0.,0.,-1.));
#11243=DIRECTION('',(0.,-1.,0.));
#11244=DIRECTION('',(0.,0.,1.));
#11245=DIRECTION('',(0.,1.,0.));
#11246=DIRECTION('',(0.,0.,-1.));
#11247=DIRECTION('',(0.,-1.,0.));
#11248=DIRECTION('',(1.,0.,0.));
#11249=DIRECTION('',(0.,0.,-1.));
#11250=DIRECTION('',(1.,0.,0.));
#11251=DIRECTION('',(0.,0.,-1.));
#11252=DIRECTION('',(1.,0.,0.));
#11253=DIRECTION('',(0.,0.,-1.));
#11254=DIRECTION('',(1.,0.,0.));
#11255=DIRECTION('',(0.,0.,-1.));
#11256=DIRECTION('',(1.,0.,0.));
#11257=DIRECTION('',(0.,0.,-1.));
#11258=DIRECTION('',(0.,0.,-1.));
#11259=DIRECTION('',(0.,-1.,0.));
#11260=DIRECTION('',(0.,0.,1.));
#11261=DIRECTION('',(0.,1.,0.));
#11262=DIRECTION('',(1.,0.,0.));
#11263=DIRECTION('',(0.,0.,-1.));
#11264=DIRECTION('',(0.,0.,-1.));
#11265=DIRECTION('',(1.,0.,0.));
#11266=DIRECTION('',(0.,0.,-1.));
#11267=DIRECTION('',(1.,0.,0.));
#11268=DIRECTION('',(0.,0.,-1.));
#11269=DIRECTION('',(1.,0.,0.));
#11270=DIRECTION('',(0.,0.,-1.));
#11271=DIRECTION('',(0.,0.,1.));
#11272=DIRECTION('',(1.,0.,0.));
#11273=DIRECTION('',(0.,0.,-1.));
#11274=DIRECTION('',(1.,0.,0.));
#11275=DIRECTION('',(0.,0.,-1.));
#11276=DIRECTION('',(1.,0.,0.));
#11277=DIRECTION('',(0.,0.,-1.));
#11278=DIRECTION('',(1.,0.,0.));
#11279=DIRECTION('',(0.,0.,-1.));
#11280=DIRECTION('',(1.,0.,0.));
#11281=DIRECTION('',(0.,0.,-1.));
#11282=DIRECTION('',(1.,0.,0.));
#11283=DIRECTION('',(0.,0.,-1.));
#11284=DIRECTION('',(1.,0.,0.));
#11285=DIRECTION('',(0.,0.,-1.));
#11286=DIRECTION('',(1.,0.,0.));
#11287=DIRECTION('',(0.,0.,-1.));
#11288=DIRECTION('',(1.,0.,0.));
#11289=DIRECTION('',(0.,0.,-1.));
#11290=DIRECTION('',(1.,0.,0.));
#11291=DIRECTION('',(0.,0.,-1.));
#11292=DIRECTION('',(1.,0.,0.));
#11293=DIRECTION('',(0.,0.,-1.));
#11294=DIRECTION('',(1.,0.,0.));
#11295=DIRECTION('',(0.,0.,-1.));
#11296=DIRECTION('',(1.,0.,0.));
#11297=DIRECTION('',(0.,0.,-1.));
#11298=DIRECTION('',(1.,0.,0.));
#11299=DIRECTION('',(0.,0.,-1.));
#11300=DIRECTION('',(1.,0.,0.));
#11301=DIRECTION('',(0.,0.,-1.));
#11302=DIRECTION('',(1.,0.,0.));
#11303=DIRECTION('',(0.,0.,-1.));
#11304=DIRECTION('',(1.,0.,0.));
#11305=DIRECTION('',(0.,0.,-1.));
#11306=DIRECTION('',(1.,0.,0.));
#11307=DIRECTION('',(0.,0.,-1.));
#11308=DIRECTION('',(1.,0.,0.));
#11309=DIRECTION('',(0.,0.,-1.));
#11310=DIRECTION('',(1.,0.,0.));
#11311=DIRECTION('',(0.,0.,-1.));
#11312=DIRECTION('',(1.,0.,0.));
#11313=DIRECTION('',(0.,0.,-1.));
#11314=DIRECTION('',(1.,0.,0.));
#11315=DIRECTION('',(0.,0.,-1.));
#11316=DIRECTION('',(0.,0.000850969061284583,0.999999637925763));
#11317=DIRECTION('',(0.,-0.999999637925763,0.000850969061284483));
#11318=DIRECTION('',(0.,0.,-1.));
#11319=DIRECTION('',(0.,-1.,0.));
#11320=DIRECTION('',(1.,0.,0.));
#11321=DIRECTION('',(0.,0.,-1.));
#11322=DIRECTION('',(-1.,0.,0.));
#11323=DIRECTION('',(0.,0.,1.));
#11324=DIRECTION('',(0.,0.920542551603466,0.390642305296521));
#11325=DIRECTION('',(0.,0.992534387601406,0.121965115622054));
#11326=DIRECTION('',(0.,0.988366787302114,-0.152089098090879));
#11327=DIRECTION('',(0.,0.911846305791732,-0.410531746170708));
#11328=DIRECTION('',(0.,0.766947823044836,-0.641709464420455));
#11329=DIRECTION('',(0.,0.669238716335164,-0.743047468576579));
#11330=DIRECTION('',(0.,0.994569189129382,0.104077509744058));
#11331=DIRECTION('',(0.,0.999448918436443,-0.0331942681230351));
#11332=DIRECTION('',(0.,0.952820034048385,-0.303535801374457));
#11333=DIRECTION('',(0.,0.836293787018684,-0.548281589873259));
#11334=DIRECTION('',(0.,0.655889196065231,-0.754857180190336));
#11335=DIRECTION('',(0.,0.423645544660584,-0.905828047970053));
#11336=DIRECTION('',(0.,0.161421705114352,-0.986885521789622));
#11337=DIRECTION('',(0.,-0.10793711129247,-0.994157723907951));
#11338=DIRECTION('',(0.,-0.370307840562131,-0.928909093086192));
#11339=DIRECTION('',(0.,-0.5,-0.866025403784438));
#11340=DIRECTION('',(0.,0.406593558169169,-0.91360914972177));
#11341=DIRECTION('',(0.,0.275837921840668,-0.961204161910789));
#11342=DIRECTION('',(0.,0.00555988104233289,-0.99998454374195));
#11343=DIRECTION('',(0.,-0.262574653582392,-0.964911680567754));
#11344=DIRECTION('',(0.,-0.515344386328062,-0.856983175727595));
#11345=DIRECTION('',(0.,-0.73056577285629,-0.682842332849167));
#11346=DIRECTION('',(0.,-0.887951589012851,-0.459936925642586));
#11347=DIRECTION('',(0.,-0.978825248380991,-0.204697662741643));
#11348=DIRECTION('',(0.,-0.997475159977269,0.0710162321467605));
#11349=DIRECTION('',(0.,-0.978289858450839,0.20724129137852));
#11350=DIRECTION('',(0.,-0.743603223993849,-0.668621152272311));
#11351=DIRECTION('',(0.,-0.828330712110887,-0.560239441108773));
#11352=DIRECTION('',(0.,-0.950036352267894,-0.312139278799566));
#11353=DIRECTION('',(0.,-0.998957096237181,-0.0456587327614218));
#11354=DIRECTION('',(0.,-0.974109745379812,0.226075659804586));
#11355=DIRECTION('',(0.,-0.87553144179345,0.483161147476785));
#11356=DIRECTION('',(0.,-0.711127710154434,0.703062856258607));
#11357=DIRECTION('',(0.,-0.495335436685535,0.868701793001229));
#11358=DIRECTION('',(0.,-0.241827700521694,0.970319206890387));
#11359=DIRECTION('',(0.,-0.105291043955027,0.994441449288424));
#11360=DIRECTION('',(0.,-0.865806879381087,0.500378304502089));
#11361=DIRECTION('',(0.,-0.788292536111665,0.615300639940054));
#11362=DIRECTION('',(0.,-0.590013411662423,0.807393444398992));
#11363=DIRECTION('',(0.,-0.350296697144095,0.936638790553721));
#11364=DIRECTION('',(0.,-0.0839500080029832,0.996469967513472));
#11365=DIRECTION('',(0.,0.188720033269346,0.982030930797405));
#11366=DIRECTION('',(0.,0.447712553021338,0.894177538225556));
#11367=DIRECTION('',(0.,0.673111573185958,0.739540945481131));
#11368=DIRECTION('',(0.,0.849921075957584,0.526910015698224));
#11369=DIRECTION('',(0.,0.913360938479364,0.407150827163713));
#11370=DIRECTION('',(0.,0.208592228870647,0.978002700433274));
#11371=DIRECTION('',(0.,0.343341565923763,0.939210609559442));
#11372=DIRECTION('',(0.,0.584416192077287,0.811454074139679));
#11373=DIRECTION('',(0.,0.77990619701502,0.6258964162364));
#11374=DIRECTION('',(1.,0.,0.));
#11375=DIRECTION('',(4.30987199000449E-16,0.,-1.));
#11376=DIRECTION('',(0.,-1.,0.));
#11377=DIRECTION('',(0.,0.,-1.));
#11378=DIRECTION('',(0.,1.,0.));
#11379=DIRECTION('',(0.,0.,-1.));
#11380=DIRECTION('',(0.,1.,0.));
#11381=DIRECTION('',(0.,0.,-1.));
#11382=DIRECTION('',(0.,-1.,0.));
#11383=DIRECTION('',(-1.,0.,0.));
#11384=DIRECTION('',(-4.30982010106632E-16,-0.00490703207595235,0.999987960445627));
#11385=DIRECTION('',(0.,0.000850969061284617,0.999999637925763));
#11386=DIRECTION('',(-1.,0.,0.));
#11387=DIRECTION('',(0.,0.,1.));
#11388=DIRECTION('',(1.,0.,0.));
#11389=DIRECTION('',(0.,0.,-1.));
#11390=DIRECTION('',(1.,0.,0.));
#11391=DIRECTION('',(0.,0.,-1.));
#11392=DIRECTION('',(1.,0.,0.));
#11393=DIRECTION('',(0.,0.,-1.));
#11394=DIRECTION('',(1.,0.,0.));
#11395=DIRECTION('',(0.,0.,-1.));
#11396=DIRECTION('',(1.,0.,0.));
#11397=DIRECTION('',(0.,0.,-1.));
#11398=DIRECTION('',(1.,0.,0.));
#11399=DIRECTION('',(0.,0.,-1.));
#11400=DIRECTION('',(1.,0.,0.));
#11401=DIRECTION('',(0.,0.,-1.));
#11402=DIRECTION('',(1.,0.,0.));
#11403=DIRECTION('',(0.,0.,-1.));
#11404=DIRECTION('',(1.,0.,0.));
#11405=DIRECTION('',(0.,0.,-1.));
#11406=DIRECTION('',(1.,0.,0.));
#11407=DIRECTION('',(0.,0.,-1.));
#11408=DIRECTION('',(0.,1.,0.));
#11409=DIRECTION('',(0.,0.,-1.));
#11410=DIRECTION('',(0.,-1.,0.));
#11411=DIRECTION('',(0.,0.,1.));
#11412=DIRECTION('',(0.,1.,0.));
#11413=DIRECTION('',(0.,0.954552596951861,-0.298042513162901));
#11414=DIRECTION('',(0.,0.,-1.));
#11415=DIRECTION('',(0.,-0.956894223712951,-0.290436644769197));
#11416=DIRECTION('',(0.,0.956894223712951,-0.290436644769197));
#11417=DIRECTION('',(0.,0.,-1.));
#11418=DIRECTION('',(0.,-0.954087049619402,-0.299529467245785));
#11419=DIRECTION('',(0.,0.,1.));
#11420=DIRECTION('',(0.,0.964506306998716,0.264059810951419));
#11421=DIRECTION('',(0.,-0.958913041667543,0.283700156009653));
#11422=DIRECTION('',(0.,0.,1.));
#11423=DIRECTION('',(0.,0.960820255142214,0.277172215974925));
#11424=DIRECTION('',(0.,-0.965634718737753,0.259903039551793));
#11425=DIRECTION('',(0.,0.,1.));
#11426=DIRECTION('',(0.,-1.,0.));
#11427=DIRECTION('',(0.,-5.18601936016983E-16,1.));
#11428=DIRECTION('',(0.,1.,0.));
#11429=DIRECTION('',(0.,0.,1.));
#11430=DIRECTION('',(1.,0.,0.));
#11431=DIRECTION('',(0.,0.,-1.));
#11432=DIRECTION('',(1.,0.,0.));
#11433=DIRECTION('',(0.,0.,-1.));
#11434=DIRECTION('',(0.,1.,0.));
#11435=DIRECTION('',(0.,0.,-1.));
#11436=DIRECTION('',(0.,1.,0.));
#11437=DIRECTION('',(0.,0.,-1.));
#11438=DIRECTION('',(0.,-1.,0.));
#11439=DIRECTION('',(0.,0.,1.));
#11440=DIRECTION('',(0.,1.,0.));
#11441=DIRECTION('',(-1.,0.,0.));
#11442=DIRECTION('',(0.,-0.00524350543264047,0.999986252730895));
#11443=DIRECTION('',(0.,-1.,0.));
#11444=DIRECTION('',(0.,0.,-1.));
#11445=DIRECTION('',(0.,-0.999999637925763,0.000850969061284675));
#11446=DIRECTION('',(0.,0.000850969061284583,0.999999637925763));
#11447=DIRECTION('',(1.,0.,0.));
#11448=DIRECTION('',(0.,0.,-1.));
#11449=DIRECTION('',(0.,0.,-1.));
#11450=DIRECTION('',(0.,-1.,0.));
#11451=DIRECTION('',(0.,0.,-1.));
#11452=DIRECTION('',(0.,-1.,0.));
#11453=DIRECTION('',(0.,0.343341565923779,0.939210609559436));
#11454=DIRECTION('',(0.,0.20805399525405,0.978117342172619));
#11455=DIRECTION('',(0.,0.913321457019801,0.407239384327237));
#11456=DIRECTION('',(0.,0.849921075957587,0.526910015698219));
#11457=DIRECTION('',(0.,0.673111804722172,0.739540734742624));
#11458=DIRECTION('',(0.,0.44771216507245,0.89417773247053));
#11459=DIRECTION('',(0.,0.188720535863538,0.982030834212134));
#11460=DIRECTION('',(0.,-0.083950008002975,0.996469967513472));
#11461=DIRECTION('',(0.,-0.350297238055131,0.936638588256403));
#11462=DIRECTION('',(0.,-0.590013411662433,0.807393444398985));
#11463=DIRECTION('',(0.,-0.788292536111682,0.615300639940032));
#11464=DIRECTION('',(0.,-0.865806879381087,0.500378304502089));
#11465=DIRECTION('',(0.,-0.104684224471279,0.994505511873538));
#11466=DIRECTION('',(0.,-0.241827700521697,0.970319206890386));
#11467=DIRECTION('',(0.,-0.495335436685519,0.868701793001238));
#11468=DIRECTION('',(0.,-0.711128062602999,0.703062499766917));
#11469=DIRECTION('',(0.,-0.875531441793464,0.483161147476759));
#11470=DIRECTION('',(0.,-0.974109684853544,0.226075920598657));
#11471=DIRECTION('',(0.,-0.99895709623718,-0.0456587327614457));
#11472=DIRECTION('',(0.,-0.95003636233437,-0.31213924816094));
#11473=DIRECTION('',(0.,-0.828330712110885,-0.560239441108776));
#11474=DIRECTION('',(0.,-0.743603223993849,-0.668621152272311));
#11475=DIRECTION('',(0.,-0.978347824476794,0.206967471699114));
#11476=DIRECTION('',(0.,-0.997620061665879,0.0689507981227723));
#11477=DIRECTION('',(0.,-0.978833445931104,-0.204658459699667));
#11478=DIRECTION('',(0.,-0.887595993719783,-0.460622787031418));
#11479=DIRECTION('',(0.,-0.72988406709884,-0.683570953592424));
#11480=DIRECTION('',(0.,-0.515344386328055,-0.856983175727599));
#11481=DIRECTION('',(0.,-0.262574170857078,-0.964911811928281));
#11482=DIRECTION('',(0.,0.00555932104991038,-0.999984546855332));
#11483=DIRECTION('',(0.,0.27583792184068,-0.961204161910785));
#11484=DIRECTION('',(0.,0.406036026865377,-0.913857070272687));
#11485=DIRECTION('',(0.,-0.499621600064306,-0.866243762891937));
#11486=DIRECTION('',(0.,-0.370307840562139,-0.928909093086189));
#11487=DIRECTION('',(0.,-0.10793711129247,-0.994157723907951));
#11488=DIRECTION('',(0.,0.161421135586185,-0.986885614945353));
#11489=DIRECTION('',(0.,0.423645544660581,-0.905828047970054));
#11490=DIRECTION('',(0.,0.65588958167976,-0.75485684513287));
#11491=DIRECTION('',(0.,0.836293550274492,-0.548281950978952));
#11492=DIRECTION('',(0.,0.952820128964772,-0.303535503425144));
#11493=DIRECTION('',(0.,0.999448918436445,-0.033194268122981));
#11494=DIRECTION('',(0.,0.994569189510543,0.104077506101663));
#11495=DIRECTION('',(0.,0.669647534893488,-0.742679055185398));
#11496=DIRECTION('',(0.,0.766947823044836,-0.641709464420455));
#11497=DIRECTION('',(0.,0.911846305791747,-0.410531746170675));
#11498=DIRECTION('',(0.,0.988366787302114,-0.152089098090882));
#11499=DIRECTION('',(0.,0.992534397273423,0.121965036912564));
#11500=DIRECTION('',(0.,0.920542551603455,0.390642305296546));
#11501=DIRECTION('',(0.,0.779906197015019,0.625896416236402));
#11502=DIRECTION('',(0.,0.584416192077285,0.81145407413968));
#11503=DIRECTION('',(0.,0.708100690030509,0.706111473337119));
#11504=DIRECTION('',(0.,0.601931206950257,0.798547946024161));
#11505=DIRECTION('',(0.,0.999857149281435,-0.0169021013724054));
#11506=DIRECTION('',(0.,0.992971884435081,0.11835048255687));
#11507=DIRECTION('',(0.,0.922589889969351,0.38578218585925));
#11508=DIRECTION('',(0.,0.783660860540148,0.621188904969716));
#11509=DIRECTION('',(0.,0.586063055357385,0.810265447335111));
#11510=DIRECTION('',(0.,0.345041859572489,0.938587297560946));
#11511=DIRECTION('',(0.,0.0783634574213685,0.996924856015221));
#11512=DIRECTION('',(0.,-0.193514535432989,0.98109740830162));
#11513=DIRECTION('',(0.,-0.454398377041473,0.89079858270098));
#11514=DIRECTION('',(0.,-0.573218507591549,0.819402552201613));
#11515=DIRECTION('',(0.,0.325420062901327,0.945569554639581));
#11516=DIRECTION('',(0.,0.190904288445669,0.981608655551209));
#11517=DIRECTION('',(0.,-0.0817971217340646,0.996649000840327));
#11518=DIRECTION('',(0.,-0.347373849170787,0.937726724004532));
#11519=DIRECTION('',(0.,-0.589308239205547,0.807908286381851));
#11520=DIRECTION('',(0.,-0.787299380225759,0.616570909057616));
#11521=DIRECTION('',(0.,-0.924658809508201,0.380796646517372));
#11522=DIRECTION('',(0.,-0.99294109963044,0.118608484792161));
#11523=DIRECTION('',(0.,-0.987489993387686,-0.157681682383173));
#11524=DIRECTION('',(0.,-0.956504901507571,-0.291716254932754));
#11525=DIRECTION('',(0.,-0.799216018627337,0.601043888222373));
#11526=DIRECTION('',(0.,-0.87501096394347,0.48410310159998));
#11527=DIRECTION('',(0.,-0.973616776748077,0.22818933374434));
#11528=DIRECTION('',(0.,-0.999102762424145,-0.0423517427792826));
#11529=DIRECTION('',(0.,-0.950389181829314,-0.311063342523362));
#11530=DIRECTION('',(0.,-0.829237370401777,-0.558896576773508));
#11531=DIRECTION('',(0.,-0.645762368412681,-0.763538449288604));
#11532=DIRECTION('',(0.,-0.4175732750014,-0.908643252329871));
#11533=DIRECTION('',(0.,-0.156228375560443,-0.987720959922257));
#11534=DIRECTION('',(0.,-0.0182190735525779,-0.999834018904581));
#11535=DIRECTION('',(0.,-0.818901380027104,-0.573934255633609));
#11536=DIRECTION('',(0.,-0.728186825737394,-0.685378688625856));
#11537=DIRECTION('',(0.,-0.517973453648648,-0.855396692368688));
#11538=DIRECTION('',(0.,-0.270778650951037,-0.962641637469072));
#11539=DIRECTION('',(0.,0.00113378100020864,-0.999999357270115));
#11540=DIRECTION('',(0.,0.27542154755944,-0.961323551745178));
#11541=DIRECTION('',(0.,0.526225391795785,-0.850345128185828));
#11542=DIRECTION('',(0.,0.735268655691898,-0.677775777050958));
#11543=DIRECTION('',(0.,0.891779833630396,-0.452469588293118));
#11544=DIRECTION('',(0.,0.945370855915126,-0.325996847816512));
#11545=DIRECTION('',(0.,0.293037044110187,-0.956101088159178));
#11546=DIRECTION('',(0.,0.423892645880403,-0.905712440440404));
#11547=DIRECTION('',(0.,0.652915194563611,-0.757431019108646));
#11548=DIRECTION('',(0.,0.831488885515431,-0.555541387534994));
#11549=DIRECTION('',(0.,0.951086305043766,-0.308925298993456));
#11550=DIRECTION('',(0.,0.999387454843604,-0.0349959297808224));
#11551=DIRECTION('',(0.,0.971350314972418,0.237652194610075));
#11552=DIRECTION('',(0.,0.872596256045263,0.4884421909866));
#11553=DIRECTION('',(0.,-0.974391766231082,0.224857034359773));
#11554=DIRECTION('',(0.,-0.998634580107793,-0.0522395962171614));
#11555=DIRECTION('',(0.,-0.946941280228413,-0.321406614430031));
#11556=DIRECTION('',(0.,-0.826705221902276,-0.562635295799606));
#11557=DIRECTION('',(0.,-0.643864483202156,-0.76513954757993));
#11558=DIRECTION('',(0.,-0.530042637624459,-0.847970991426067));
#11559=DIRECTION('',(0.,-0.997532318264848,-0.0702087887458407));
#11560=DIRECTION('',(0.,-0.978500919447327,-0.206242455960782));
#11561=DIRECTION('',(0.,-0.885636117990864,-0.464379873067376));
#11562=DIRECTION('',(0.,-0.728380506322122,-0.685172852651015));
#11563=DIRECTION('',(0.,-0.514845191663135,-0.857283167116531));
#11564=DIRECTION('',(0.,-0.259914027101235,-0.965631761343846));
#11565=DIRECTION('',(0.,0.0124015257235801,-0.999923098122914));
#11566=DIRECTION('',(0.,0.278930981108684,-0.96031115154295));
#11567=DIRECTION('',(0.,0.525985403619457,-0.850493595025428));
#11568=DIRECTION('',(0.,0.64278760968654,-0.766044443118978));
#11569=DIRECTION('',(0.,-0.241769924460799,-0.970333604296079));
#11570=DIRECTION('',(0.,-0.104735972921793,-0.994500063336411));
#11571=DIRECTION('',(0.,0.168170079759563,-0.985757994780495));
#11572=DIRECTION('',(0.,0.426140709532563,-0.904656893899054));
#11573=DIRECTION('',(0.,0.656328713883503,-0.754475062100814));
#11574=DIRECTION('',(0.,0.838041163927322,-0.545607008352476));
#11575=DIRECTION('',(0.,0.954328818138935,-0.298758274980866));
#11576=DIRECTION('',(0.,0.999500069557467,-0.0316166246556858));
#11577=DIRECTION('',(0.,0.96998943168565,0.243147079805925));
#11578=DIRECTION('',(0.,0.927440364710381,0.373971081643857));
#11579=DIRECTION('',(0.,0.848411064795666,-0.529337949831942));
#11580=DIRECTION('',(0.,0.913031065350599,-0.407890026483549));
#11581=DIRECTION('',(0.,0.989805582298673,-0.142425100492806));
#11582=DIRECTION('',(0.,0.991709249039543,0.128502005312856));
#11583=DIRECTION('',(0.,0.92005320319487,0.391793444675711));
#11584=DIRECTION('',(0.,0.778330099105343,0.627855283346941));
#11585=DIRECTION('',(0.,0.578238498567299,0.815867782655153));
#11586=DIRECTION('',(0.,0.336961695098946,0.941518356717513));
#11587=DIRECTION('',(0.,0.0696596323351381,0.997570817347287));
#11588=DIRECTION('',(0.,-0.0689915090557368,0.997617247083375));
#11589=DIRECTION('',(0.,0.765763546704944,0.643122220528777));
#11590=DIRECTION('',(0.,0.669470766361541,0.742838403010568));
#11591=DIRECTION('',(0.,0.440847381906229,0.897582077509586));
#11592=DIRECTION('',(0.,0.182329284090266,0.983237525811099));
#11593=DIRECTION('',(0.,-0.0903605752117573,0.995909115555933));
#11594=DIRECTION('',(0.,-0.356380833457905,0.934340784480614));
#11595=DIRECTION('',(0.,-0.596183093359866,0.802848503263138));
#11596=DIRECTION('',(0.,-0.791305433408644,0.611421058729545));
#11597=DIRECTION('',(0.,-0.928505829071962,0.371317822598631));
#11598=DIRECTION('',(0.,-0.970185932685546,0.24236182871706));
#11599=DIRECTION('',(0.,-0.375251630893485,0.926922981434693));
#11600=DIRECTION('',(0.,-0.501217646848526,0.865321252765484));
#11601=DIRECTION('',(0.,-0.716445118178345,0.697643456672831));
#11602=DIRECTION('',(0.,-0.876743441530376,0.48095835342935));
#11603=DIRECTION('',(1.,3.1540426835942E-16,0.));
#11604=DIRECTION('',(-3.1540426835942E-16,1.,0.));
#11605=DIRECTION('',(3.1540426835942E-16,-1.,0.));
#11606=DIRECTION('',(0.,0.,1.));
#11607=DIRECTION('',(-3.1540426835942E-16,1.,0.));
#11608=DIRECTION('',(1.63569264199215E-31,-5.18601936016983E-16,1.));
#11609=DIRECTION('',(3.1540426835942E-16,-1.,0.));
#11610=DIRECTION('',(1.,3.1540426835942E-16,0.));
#11611=DIRECTION('',(-3.1540426835942E-16,1.,0.));
#11612=DIRECTION('',(-2.68399274170966E-19,0.000850969061284583,0.999999637925763));
#11613=DIRECTION('',(3.1540415415966E-16,-0.999999637925763,0.000850969061284483));
#11614=DIRECTION('',(0.,0.,-1.));
#11615=DIRECTION('',(3.1540426835942E-16,-1.,0.));
#11616=DIRECTION('',(0.,0.,-1.));
#11617=DIRECTION('',(3.1540426835942E-16,-1.,0.));
#11618=DIRECTION('',(0.,0.,-1.));
#11619=DIRECTION('',(0.,-1.,0.));
#11620=DIRECTION('',(0.,0.,-1.));
#11621=DIRECTION('',(0.,0.,1.));
#11622=DIRECTION('',(1.,0.,0.));
#11623=DIRECTION('',(1.,2.42898935971829E-16,0.));
#11624=DIRECTION('',(-1.21449467985914E-16,1.,0.));
#11625=DIRECTION('',(-1.,-1.21449467985914E-16,0.));
#11626=DIRECTION('',(-1.21449467985914E-16,1.,0.));
#11627=DIRECTION('',(0.,0.,1.));
#11628=DIRECTION('',(1.,0.,0.));
#11629=DIRECTION('',(1.,2.42898935971829E-16,0.));
#11630=DIRECTION('',(-1.21449467985914E-16,1.,0.));
#11631=DIRECTION('',(-1.,-1.21449467985914E-16,0.));
#11632=DIRECTION('',(0.,-1.,0.));
#11633=DIRECTION('',(-1.,0.,0.));
#11634=DIRECTION('',(1.,0.,0.));
#11635=DIRECTION('',(0.,-1.,0.));
#11636=DIRECTION('',(1.,3.33600668457078E-16,0.));
#11637=DIRECTION('',(-3.33600668457078E-16,1.,0.));
#11638=DIRECTION('',(0.,1.,0.));
#11639=DIRECTION('',(0.,0.,-1.));
#11640=DIRECTION('',(3.33600668457078E-16,-1.,0.));
#11641=DIRECTION('',(0.,0.,-1.));
#11642=DIRECTION('',(3.33600668457078E-16,-1.,0.));
#11643=DIRECTION('',(0.,0.,-1.));
#11644=DIRECTION('',(0.,0.,1.));
#11645=DIRECTION('',(1.,0.,0.));
#11646=DIRECTION('',(-1.,-1.21449467985914E-16,0.));
#11647=DIRECTION('',(0.,1.,0.));
#11648=DIRECTION('',(-1.,-1.21449467985914E-16,0.));
#11649=DIRECTION('',(0.,1.,0.));
#11650=DIRECTION('',(-1.,-1.21449467985914E-16,0.));
#11651=DIRECTION('',(0.,-1.,0.));
#11652=DIRECTION('',(-1.,-1.21449467985914E-16,0.));
#11653=DIRECTION('',(0.,0.,1.));
#11654=DIRECTION('',(1.,0.,0.));
#11655=DIRECTION('',(-1.,-1.21449467985914E-16,0.));
#11656=DIRECTION('',(2.42898935971829E-16,-1.,0.));
#11657=DIRECTION('',(1.,2.42898935971829E-16,0.));
#11658=DIRECTION('',(1.,0.,0.));
#11659=DIRECTION('',(-1.,0.,0.));
#11660=DIRECTION('',(-2.42898935971829E-16,1.,0.));
#11661=DIRECTION('',(-1.,-2.42898935971829E-16,0.));
#11662=DIRECTION('',(0.,0.,1.));
#11663=DIRECTION('',(0.,0.,-1.));
#11664=DIRECTION('',(1.,2.42898935971829E-16,0.));
#11665=DIRECTION('',(0.,0.,-1.));
#11666=DIRECTION('',(-2.42898935971829E-16,1.,0.));
#11667=DIRECTION('',(-1.,-2.42898935971829E-16,0.));
#11668=DIRECTION('',(-1.,-2.42898935971829E-16,0.));
#11669=DIRECTION('',(-2.42898935971829E-16,1.,0.));
#11670=DIRECTION('',(-1.,-2.42898935971829E-16,0.));
#11671=DIRECTION('',(0.,0.,1.));
#11672=DIRECTION('',(1.,2.42898935971829E-16,0.));
#11673=DIRECTION('',(0.,0.,-1.));
#11674=DIRECTION('',(-1.,-1.21449467985914E-16,0.));
#11675=DIRECTION('',(1.21449467985914E-16,-1.,0.));
#11676=DIRECTION('',(-1.,-1.15648231731787E-15,0.));
#11677=DIRECTION('',(-1.21449467985914E-16,1.,0.));
#11678=DIRECTION('',(4.85722573273506E-15,0.,1.));
#11679=DIRECTION('',(-1.,-1.21449467985914E-16,0.));
#11680=DIRECTION('',(-1.21449467985914E-16,1.,0.));
#11681=DIRECTION('',(-1.,0.,0.));
#11682=DIRECTION('',(-1.21449467985914E-16,1.,0.));
#11683=DIRECTION('',(1.,5.78241158658941E-16,4.62592926927152E-15));
#11684=DIRECTION('',(-2.42898935971829E-16,1.,0.));
#11685=DIRECTION('',(-1.,-2.42898935971829E-16,0.));
#11686=DIRECTION('',(-2.42898935971829E-16,1.,0.));
#11687=DIRECTION('',(-1.,-2.42898935971829E-16,0.));
#11688=DIRECTION('',(-2.42898935971829E-16,1.,0.));
#11689=DIRECTION('',(-1.,-2.42898935971829E-16,0.));
#11690=DIRECTION('',(-2.42898935971829E-16,1.,0.));
#11691=DIRECTION('',(-1.,-2.42898935971829E-16,0.));
#11692=DIRECTION('',(0.,0.,-1.));
#11693=DIRECTION('',(-1.,-1.21449467985914E-16,0.));
#11694=DIRECTION('',(0.,0.,1.));
#11695=DIRECTION('',(0.,0.,-1.));
#11696=DIRECTION('',(1.,1.21449467985914E-16,0.));
#11697=DIRECTION('',(0.,0.,-1.));
#11698=DIRECTION('',(-1.21449467985914E-16,1.,0.));
#11699=DIRECTION('',(-1.,1.73472347597681E-15,0.));
#11700=DIRECTION('',(-1.,-1.21449467985914E-16,0.));
#11701=DIRECTION('',(-1.21449467985914E-16,1.,0.));
#11702=DIRECTION('',(0.,0.,1.));
#11703=DIRECTION('',(1.21449467985914E-16,-1.,0.));
#11704=DIRECTION('',(1.,1.21449467985914E-16,0.));
#11705=DIRECTION('',(0.,0.,1.));
#11706=DIRECTION('',(-1.,-1.21449467985914E-16,0.));
#11707=DIRECTION('',(0.,0.,-1.));
#11708=DIRECTION('',(1.21449467985914E-16,-1.,0.));
#11709=DIRECTION('',(1.,1.21449467985914E-16,0.));
#11710=DIRECTION('',(1.21449467985914E-16,-1.,0.));
#11711=DIRECTION('',(1.,1.21449467985914E-16,0.));
#11712=DIRECTION('',(1.21449467985914E-16,-1.,0.));
#11713=DIRECTION('',(1.,1.21449467985914E-16,0.));
#11714=DIRECTION('',(1.21449467985914E-16,-1.,0.));
#11715=DIRECTION('',(1.,1.21449467985914E-16,0.));
#11716=DIRECTION('',(1.21449467985914E-16,-1.,0.));
#11717=DIRECTION('',(1.,1.21449467985914E-16,0.));
#11718=DIRECTION('',(0.,0.,1.));
#11719=DIRECTION('',(0.,0.,-1.));
#11720=DIRECTION('',(0.,0.,1.));
#11721=DIRECTION('',(-1.21449467985914E-16,1.,0.));
#11722=DIRECTION('',(1.,5.78241158658941E-16,4.62592926927152E-15));
#11723=DIRECTION('',(-1.21449467985914E-16,1.,0.));
#11724=DIRECTION('',(-1.,0.,0.));
#11725=DIRECTION('',(-1.,-1.21449467985914E-16,0.));
#11726=DIRECTION('',(-1.21449467985914E-16,1.,0.));
#11727=DIRECTION('',(4.85722573273506E-15,0.,1.));
#11728=DIRECTION('',(1.21449467985914E-16,-1.,0.));
#11729=DIRECTION('',(-1.,-1.15648231731787E-15,0.));
#11730=DIRECTION('',(-1.,-1.21449467985914E-16,0.));
#11731=DIRECTION('',(0.,0.,-1.));
#11732=DIRECTION('',(-1.,-1.21449467985914E-16,0.));
#11733=DIRECTION('',(0.,0.,-1.));
#11734=DIRECTION('',(1.21449467985914E-16,-1.,0.));
#11735=DIRECTION('',(1.,1.21449467985914E-16,0.));
#11736=DIRECTION('',(1.,1.21449467985914E-16,0.));
#11737=DIRECTION('',(0.,0.,-1.));
#11738=DIRECTION('',(-1.21449467985914E-16,1.,0.));
#11739=DIRECTION('',(0.,0.,1.));
#11740=DIRECTION('',(-1.,-1.21449467985914E-16,0.));
#11741=DIRECTION('',(-1.21449467985914E-16,1.,0.));
#11742=DIRECTION('',(-1.,1.73472347597681E-15,0.));
#11743=DIRECTION('',(0.,0.,-1.));
#11744=DIRECTION('',(1.,1.21449467985914E-16,0.));
#11745=DIRECTION('',(1.,0.,0.));
#11746=DIRECTION('',(0.,0.,-1.));
#11747=DIRECTION('',(0.,0.,-1.));
#11748=DIRECTION('',(0.,1.,0.));
#11749=DIRECTION('',(0.,0.,-1.));
#11750=DIRECTION('',(0.,-1.,0.));
#11751=DIRECTION('',(0.,0.,-1.));
#11752=DIRECTION('',(0.,1.,0.));
#11753=DIRECTION('',(-0.5,0.,0.866025403784438));
#11754=DIRECTION('',(0.,1.,0.));
#11755=DIRECTION('',(-0.866025403784439,0.,-0.5));
#11756=DIRECTION('',(-1.,-1.21449467985914E-16,0.));
#11757=DIRECTION('',(0.,1.,0.));
#11758=DIRECTION('',(0.,0.,1.));
#11759=DIRECTION('',(0.,1.,0.));
#11760=DIRECTION('',(0.,0.,1.));
#11761=DIRECTION('',(0.,1.,0.));
#11762=DIRECTION('',(0.,0.,1.));
#11763=DIRECTION('',(0.,0.,-1.));
#11764=DIRECTION('',(1.,0.,0.));
#11765=DIRECTION('',(1.,0.,0.));
#11766=DIRECTION('',(0.,0.,-1.));
#11767=DIRECTION('',(1.,0.,0.));
#11768=DIRECTION('',(1.,0.,0.));
#11769=DIRECTION('',(0.,0.,-1.));
#11770=DIRECTION('',(1.,0.,0.));
#11771=DIRECTION('',(0.,-1.,0.));
#11772=DIRECTION('',(0.5,0.,0.866025403784437));
#11773=DIRECTION('',(-1.,-1.21449467985914E-16,0.));
#11774=DIRECTION('',(0.,-1.,0.));
#11775=DIRECTION('',(0.866025403784438,0.,-0.5));
#11776=DIRECTION('',(0.,0.,-1.));
#11777=DIRECTION('',(-1.,-1.21449467985914E-16,0.));
#11778=DIRECTION('',(1.,0.,0.));
#11779=DIRECTION('',(0.,0.,-1.));
#11780=DIRECTION('',(1.,0.,0.));
#11781=DIRECTION('',(1.,0.,0.));
#11782=DIRECTION('',(0.,-1.,0.));
#11783=DIRECTION('',(1.,0.,0.));
#11784=DIRECTION('',(0.,-1.,0.));
#11785=DIRECTION('',(1.,0.,0.));
#11786=DIRECTION('',(1.,0.,0.));
#11787=DIRECTION('',(0.,0.,-1.));
#11788=DIRECTION('',(0.,-1.,0.));
#11789=DIRECTION('',(0.,0.,-1.));
#11790=DIRECTION('',(0.,-1.,0.));
#11791=DIRECTION('',(0.,0.,1.));
#11792=DIRECTION('',(1.,0.,0.));
#11793=DIRECTION('',(-1.21449467985914E-16,1.,0.));
#11794=DIRECTION('',(2.42898935971829E-16,-1.,0.));
#11795=DIRECTION('',(0.,0.,1.));
#11796=DIRECTION('',(1.,0.,0.));
#11797=DIRECTION('',(0.,0.,-1.));
#11798=DIRECTION('',(1.,-1.51898186394739E-15,0.));
#11799=DIRECTION('',(0.,0.,-1.));
#11800=DIRECTION('',(1.,0.,0.));
#11801=DIRECTION('',(0.,0.,-1.));
#11802=DIRECTION('',(1.,-1.97231193173103E-15,0.));
#11803=DIRECTION('',(0.,0.,1.));
#11804=DIRECTION('',(1.,0.,0.));
#11805=DIRECTION('',(-1.,-1.21449467985914E-16,0.));
#11806=DIRECTION('',(0.,-1.,0.));
#11807=DIRECTION('',(0.,-1.,0.));
#11808=DIRECTION('',(-1.,-1.21449467985914E-16,0.));
#11809=DIRECTION('',(2.42898935971829E-16,-1.,0.));
#11810=DIRECTION('',(1.,2.42898935971829E-16,0.));
#11811=DIRECTION('',(2.42898935971829E-16,-1.,0.));
#11812=DIRECTION('',(2.42898935971829E-16,-1.,0.));
#11813=DIRECTION('',(2.42898935971829E-16,-1.,0.));
#11814=DIRECTION('',(1.,2.42898935971829E-16,0.));
#11815=DIRECTION('',(2.42898935971829E-16,-1.,0.));
#11816=DIRECTION('',(2.42898935971829E-16,-1.,0.));
#11817=DIRECTION('',(0.,0.,-1.));
#11818=DIRECTION('',(-1.,0.,0.));
#11819=DIRECTION('',(1.,2.42898935971829E-16,0.));
#11820=DIRECTION('',(-2.42898935971829E-16,1.,0.));
#11821=DIRECTION('',(-1.,-2.42898935971829E-16,0.));
#11822=DIRECTION('',(2.42898935971829E-16,-1.,0.));
#11823=DIRECTION('',(-2.42898935971829E-16,1.,0.));
#11824=DIRECTION('',(-1.,-2.42898935971829E-16,0.));
#11825=DIRECTION('',(2.42898935971829E-16,-1.,0.));
#11826=DIRECTION('',(1.,0.,0.));
#11827=DIRECTION('',(-2.42898935971829E-16,1.,0.));
#11828=DIRECTION('',(-1.,-2.42898935971829E-16,0.));
#11829=DIRECTION('',(2.42898935971829E-16,-1.,0.));
#11830=DIRECTION('',(1.,0.,0.));
#11831=DIRECTION('',(2.42898935971829E-16,-1.,0.));
#11832=DIRECTION('',(1.,2.42898935971829E-16,0.));
#11833=DIRECTION('',(-2.42898935971829E-16,1.,0.));
#11834=DIRECTION('',(-1.,-2.42898935971829E-16,0.));
#11835=DIRECTION('',(2.42898935971829E-16,-1.,0.));
#11836=DIRECTION('',(1.,0.,0.));
#11837=DIRECTION('',(-2.42898935971829E-16,1.,0.));
#11838=DIRECTION('',(-1.,-2.42898935971829E-16,0.));
#11839=DIRECTION('',(2.42898935971829E-16,-1.,0.));
#11840=DIRECTION('',(1.,0.,0.));
#11841=DIRECTION('',(2.42898935971829E-16,-1.,0.));
#11842=DIRECTION('',(1.,2.42898935971829E-16,0.));
#11843=DIRECTION('',(-2.42898935971829E-16,1.,0.));
#11844=DIRECTION('',(-1.,-2.42898935971829E-16,0.));
#11845=DIRECTION('',(2.42898935971829E-16,-1.,0.));
#11846=DIRECTION('',(1.,0.,0.));
#11847=DIRECTION('',(-2.42898935971829E-16,1.,0.));
#11848=DIRECTION('',(-1.,-2.42898935971829E-16,0.));
#11849=DIRECTION('',(2.42898935971829E-16,-1.,0.));
#11850=DIRECTION('',(1.,0.,0.));
#11851=DIRECTION('',(2.42898935971829E-16,-1.,0.));
#11852=DIRECTION('',(1.,2.42898935971829E-16,0.));
#11853=DIRECTION('',(-2.42898935971829E-16,1.,0.));
#11854=DIRECTION('',(-1.,-2.42898935971829E-16,0.));
#11855=DIRECTION('',(2.42898935971829E-16,-1.,0.));
#11856=DIRECTION('',(1.,0.,0.));
#11857=DIRECTION('',(-2.42898935971829E-16,1.,0.));
#11858=DIRECTION('',(-1.,-2.42898935971829E-16,0.));
#11859=DIRECTION('',(2.42898935971829E-16,-1.,0.));
#11860=DIRECTION('',(1.,0.,0.));
#11861=DIRECTION('',(2.42898935971829E-16,-1.,0.));
#11862=DIRECTION('',(1.,2.42898935971829E-16,0.));
#11863=DIRECTION('',(0.,-1.,0.));
#11864=DIRECTION('',(0.,0.,-1.));
#11865=DIRECTION('',(0.,-1.,0.));
#11866=DIRECTION('',(0.5,0.,0.866025403784437));
#11867=DIRECTION('',(0.,-1.,0.));
#11868=DIRECTION('',(0.,0.,-1.));
#11869=DIRECTION('',(0.,-1.,0.));
#11870=DIRECTION('',(1.,0.,0.));
#11871=DIRECTION('',(0.,-1.,0.));
#11872=DIRECTION('',(1.,0.,0.));
#11873=DIRECTION('',(0.,-1.,0.));
#11874=DIRECTION('',(0.,0.,-1.));
#11875=DIRECTION('',(0.,-1.,0.));
#11876=DIRECTION('',(0.866025403784438,0.,-0.5));
#11877=DIRECTION('',(0.,-1.,0.));
#11878=DIRECTION('',(0.,0.,-1.));
#11879=DIRECTION('',(0.,-1.,0.));
#11880=DIRECTION('',(1.,0.,0.));
#11881=DIRECTION('',(0.,-1.,0.));
#11882=DIRECTION('',(1.,0.,0.));
#11883=DIRECTION('',(0.,1.,0.));
#11884=DIRECTION('',(0.,0.,1.));
#11885=DIRECTION('',(0.,1.,0.));
#11886=DIRECTION('',(-0.5,0.,0.866025403784438));
#11887=DIRECTION('',(0.,1.,0.));
#11888=DIRECTION('',(0.,0.,1.));
#11889=DIRECTION('',(0.,1.,0.));
#11890=DIRECTION('',(0.,0.,1.));
#11891=DIRECTION('',(0.,1.,0.));
#11892=DIRECTION('',(-1.,0.,0.));
#11893=DIRECTION('',(0.,1.,0.));
#11894=DIRECTION('',(0.,0.,1.));
#11895=DIRECTION('',(0.,1.,0.));
#11896=DIRECTION('',(-0.866025403784439,0.,-0.5));
#11897=DIRECTION('',(0.,1.,0.));
#11898=DIRECTION('',(0.,0.,1.));
#11899=DIRECTION('',(0.,1.,0.));
#11900=DIRECTION('',(0.,0.,1.));
#11901=DIRECTION('',(0.,1.,0.));
#11902=DIRECTION('',(-1.,0.,0.));
#11903=DIRECTION('',(1.,1.21449467985914E-16,0.));
#11904=DIRECTION('',(-1.21449467985914E-16,1.,0.));
#11905=DIRECTION('',(-1.21449467985914E-16,1.,0.));
#11906=DIRECTION('',(-1.21449467985914E-16,1.,0.));
#11907=DIRECTION('',(-1.21449467985914E-16,1.,0.));
#11908=DIRECTION('',(-1.,-1.21449467985914E-16,0.));
#11909=DIRECTION('',(-1.21449467985914E-16,1.,0.));
#11910=DIRECTION('',(0.,0.,-1.));
#11911=DIRECTION('',(-1.,0.,0.));
#11912=DIRECTION('',(-1.21449467985914E-16,1.,0.));
#11913=DIRECTION('',(-1.21449467985914E-16,1.,0.));
#11914=DIRECTION('',(-1.,-1.21449467985914E-16,0.));
#11915=DIRECTION('',(-1.21449467985914E-16,1.,0.));
#11916=DIRECTION('',(1.,1.21449467985914E-16,0.));
#11917=DIRECTION('',(-1.21449467985914E-16,1.,0.));
#11918=DIRECTION('',(-1.21449467985914E-16,1.,0.));
#11919=DIRECTION('',(0.,0.,-1.));
#11920=DIRECTION('',(-1.,0.,0.));
#11921=DIRECTION('',(-1.21449467985914E-16,1.,0.));
#11922=DIRECTION('',(-1.21449467985914E-16,1.,0.));
#11923=DIRECTION('',(1.,1.21449467985914E-16,0.));
#11924=DIRECTION('',(-1.21449467985914E-16,1.,0.));
#11925=DIRECTION('',(-1.,-1.21449467985914E-16,0.));
#11926=DIRECTION('',(1.21449467985914E-16,-1.,0.));
#11927=DIRECTION('',(-1.21449467985914E-16,1.,0.));
#11928=DIRECTION('',(0.,0.,-1.));
#11929=DIRECTION('',(-1.,0.,0.));
#11930=DIRECTION('',(-1.21449467985914E-16,1.,0.));
#11931=DIRECTION('',(1.,1.21449467985914E-16,0.));
#11932=DIRECTION('',(-1.21449467985914E-16,1.,0.));
#11933=DIRECTION('',(-1.,-1.21449467985914E-16,0.));
#11934=DIRECTION('',(1.21449467985914E-16,-1.,0.));
#11935=DIRECTION('',(-1.21449467985914E-16,1.,0.));
#11936=DIRECTION('',(-1.21449467985914E-16,1.,0.));
#11937=DIRECTION('',(-1.,-1.21449467985914E-16,0.));
#11938=DIRECTION('',(-1.21449467985914E-16,1.,0.));
#11939=DIRECTION('',(-1.21449467985914E-16,1.,0.));
#11940=DIRECTION('',(-1.,-1.21449467985914E-16,0.));
#11941=DIRECTION('',(-1.21449467985914E-16,1.,0.));
#11942=DIRECTION('',(0.,0.,-1.));
#11943=DIRECTION('',(-1.,0.,0.));
#11944=DIRECTION('',(-1.21449467985914E-16,1.,0.));
#11945=DIRECTION('',(-1.21449467985914E-16,1.,0.));
#11946=DIRECTION('',(-1.,-1.21449467985914E-16,0.));
#11947=DIRECTION('',(-1.21449467985914E-16,1.,0.));
#11948=DIRECTION('',(-1.21449467985914E-16,1.,0.));
#11949=DIRECTION('',(-1.,-1.21449467985914E-16,0.));
#11950=DIRECTION('',(0.,0.,1.));
#11951=DIRECTION('',(1.,0.,0.));
#11952=DIRECTION('',(0.,0.,1.));
#11953=DIRECTION('',(1.,0.,0.));
#11954=DIRECTION('',(1.,0.,0.));
#11955=DIRECTION('',(1.,0.,0.));
#11956=DIRECTION('',(1.,0.,0.));
#11957=DIRECTION('',(0.,1.,0.));
#11958=DIRECTION('',(0.,0.,1.));
#11959=DIRECTION('',(1.,0.,0.));
#11960=DIRECTION('',(1.,0.,0.));
#11961=DIRECTION('',(0.,0.,-1.));
#11962=DIRECTION('',(-1.,0.,0.));
#11963=DIRECTION('',(1.,0.,0.));
#11964=DIRECTION('',(1.,0.,0.));
#11965=DIRECTION('',(0.,1.,5.18601936016983E-16));
#11966=DIRECTION('',(0.,-5.18601936016983E-16,1.));
#11967=DIRECTION('',(1.,0.,0.));
#11968=DIRECTION('',(1.,0.,0.));
#11969=DIRECTION('',(1.,0.,0.));
#11970=DIRECTION('',(0.,-1.,0.));
#11971=DIRECTION('',(0.,0.,-1.));
#11972=DIRECTION('',(1.,0.,0.));
#11973=DIRECTION('',(0.,0.,-1.));
#11974=DIRECTION('',(1.,0.,0.));
#11975=DIRECTION('',(0.,0.,-1.));
#11976=DIRECTION('',(-1.,0.,0.));
#11977=DIRECTION('',(1.,0.,0.));
#11978=DIRECTION('',(0.,1.,0.));
#11979=DIRECTION('',(1.,0.,0.));
#11980=DIRECTION('',(0.,1.,0.));
#11981=DIRECTION('',(0.,0.,1.));
#11982=DIRECTION('',(1.,0.,0.));
#11983=DIRECTION('',(0.,0.,1.));
#11984=DIRECTION('',(1.,0.,0.));
#11985=DIRECTION('',(0.,0.,1.));
#11986=DIRECTION('',(1.,0.,0.));
#11987=DIRECTION('',(0.,-1.,0.));
#11988=DIRECTION('',(1.,0.,0.));
#11989=DIRECTION('',(0.,0.,-1.));
#11990=DIRECTION('',(1.,0.,0.));
#11991=DIRECTION('',(1.,0.,0.));
#11992=DIRECTION('',(0.,0.,-1.));
#11993=DIRECTION('',(1.,0.,0.));
#11994=DIRECTION('',(0.,0.999999637925763,-0.000850969061284583));
#11995=DIRECTION('',(0.,0.000850969061284583,0.999999637925763));
#11996=DIRECTION('',(0.,0.000850969061284583,0.999999637925763));
#11997=DIRECTION('',(1.,0.,0.));
#11998=DIRECTION('',(0.,0.,1.));
#11999=DIRECTION('',(1.,0.,0.));
#12000=DIRECTION('',(0.,-1.,0.));
#12001=DIRECTION('',(0.,0.000850969061284483,0.999999637925763));
#12002=DIRECTION('',(0.,-0.999999637925763,0.000850969061284483));
#12003=DIRECTION('',(0.,-0.999999637925763,0.000850969061284483));
#12004=DIRECTION('',(1.,0.,0.));
#12005=DIRECTION('',(0.,1.,0.));
#12006=DIRECTION('',(0.,-0.978117342172619,0.20805399525405));
#12007=DIRECTION('',(0.,-0.20805399525405,-0.978117342172619));
#12008=DIRECTION('',(-1.,0.,0.));
#12009=DIRECTION('',(0.,0.20805399525405,0.978117342172619));
#12010=DIRECTION('',(-1.,0.,0.));
#12011=DIRECTION('',(0.,-0.939210609559436,0.343341565923779));
#12012=DIRECTION('',(0.,-0.343341565923779,-0.939210609559436));
#12013=DIRECTION('',(-1.,0.,0.));
#12014=DIRECTION('',(0.,0.343341565923779,0.939210609559436));
#12015=DIRECTION('',(0.,-0.81145407413968,0.584416192077285));
#12016=DIRECTION('',(0.,-0.584416192077285,-0.81145407413968));
#12017=DIRECTION('',(-1.,0.,0.));
#12018=DIRECTION('',(0.,0.584416192077285,0.81145407413968));
#12019=DIRECTION('',(0.,-0.625896416236402,0.779906197015019));
#12020=DIRECTION('',(0.,-0.779906197015019,-0.625896416236402));
#12021=DIRECTION('',(-1.,0.,0.));
#12022=DIRECTION('',(0.,0.779906197015019,0.625896416236402));
#12023=DIRECTION('',(0.,-0.390642305296546,0.920542551603455));
#12024=DIRECTION('',(0.,-0.920542551603455,-0.390642305296546));
#12025=DIRECTION('',(-1.,0.,0.));
#12026=DIRECTION('',(0.,0.920542551603455,0.390642305296546));
#12027=DIRECTION('',(0.,-0.121965036912564,0.992534397273423));
#12028=DIRECTION('',(0.,-0.992534397273423,-0.121965036912564));
#12029=DIRECTION('',(-1.,0.,0.));
#12030=DIRECTION('',(0.,0.992534397273423,0.121965036912564));
#12031=DIRECTION('',(0.,0.152089098090882,0.988366787302114));
#12032=DIRECTION('',(0.,-0.988366787302114,0.152089098090882));
#12033=DIRECTION('',(-1.,0.,0.));
#12034=DIRECTION('',(0.,0.988366787302114,-0.152089098090882));
#12035=DIRECTION('',(0.,0.410531746170675,0.911846305791747));
#12036=DIRECTION('',(0.,-0.911846305791747,0.410531746170675));
#12037=DIRECTION('',(-1.,0.,0.));
#12038=DIRECTION('',(0.,0.911846305791747,-0.410531746170675));
#12039=DIRECTION('',(0.,0.641709464420455,0.766947823044836));
#12040=DIRECTION('',(0.,-0.766947823044836,0.641709464420455));
#12041=DIRECTION('',(-1.,0.,0.));
#12042=DIRECTION('',(0.,0.766947823044836,-0.641709464420455));
#12043=DIRECTION('',(0.,0.742679055185398,0.669647534893488));
#12044=DIRECTION('',(0.,-0.669647534893488,0.742679055185398));
#12045=DIRECTION('',(-1.,0.,0.));
#12046=DIRECTION('',(0.,0.669647534893488,-0.742679055185398));
#12047=DIRECTION('',(0.,-0.104077506101663,0.994569189510543));
#12048=DIRECTION('',(0.,-0.994569189510543,-0.104077506101663));
#12049=DIRECTION('',(-1.,0.,0.));
#12050=DIRECTION('',(0.,0.994569189510543,0.104077506101663));
#12051=DIRECTION('',(0.,0.033194268122981,0.999448918436445));
#12052=DIRECTION('',(0.,-0.999448918436445,0.033194268122981));
#12053=DIRECTION('',(-1.,0.,0.));
#12054=DIRECTION('',(0.,0.999448918436445,-0.033194268122981));
#12055=DIRECTION('',(0.,0.303535503425144,0.952820128964772));
#12056=DIRECTION('',(0.,-0.952820128964772,0.303535503425144));
#12057=DIRECTION('',(-1.,0.,0.));
#12058=DIRECTION('',(0.,0.952820128964772,-0.303535503425144));
#12059=DIRECTION('',(0.,0.548281950978952,0.836293550274492));
#12060=DIRECTION('',(0.,-0.836293550274492,0.548281950978952));
#12061=DIRECTION('',(-1.,0.,0.));
#12062=DIRECTION('',(0.,0.836293550274492,-0.548281950978952));
#12063=DIRECTION('',(0.,0.75485684513287,0.65588958167976));
#12064=DIRECTION('',(0.,-0.65588958167976,0.75485684513287));
#12065=DIRECTION('',(-1.,0.,0.));
#12066=DIRECTION('',(0.,0.65588958167976,-0.75485684513287));
#12067=DIRECTION('',(0.,0.905828047970054,0.423645544660582));
#12068=DIRECTION('',(0.,-0.423645544660582,0.905828047970054));
#12069=DIRECTION('',(-1.,0.,0.));
#12070=DIRECTION('',(0.,0.423645544660581,-0.905828047970054));
#12071=DIRECTION('',(0.,0.986885614945353,0.161421135586185));
#12072=DIRECTION('',(0.,-0.161421135586185,0.986885614945353));
#12073=DIRECTION('',(-1.,0.,0.));
#12074=DIRECTION('',(0.,0.161421135586185,-0.986885614945353));
#12075=DIRECTION('',(0.,0.994157723907951,-0.10793711129247));
#12076=DIRECTION('',(0.,0.10793711129247,0.994157723907951));
#12077=DIRECTION('',(-1.,0.,0.));
#12078=DIRECTION('',(0.,-0.10793711129247,-0.994157723907951));
#12079=DIRECTION('',(0.,0.928909093086189,-0.370307840562139));
#12080=DIRECTION('',(0.,0.370307840562139,0.928909093086189));
#12081=DIRECTION('',(-1.,0.,0.));
#12082=DIRECTION('',(0.,-0.370307840562139,-0.928909093086189));
#12083=DIRECTION('',(0.,0.866243762891937,-0.499621600064306));
#12084=DIRECTION('',(0.,0.499621600064306,0.866243762891937));
#12085=DIRECTION('',(-1.,0.,0.));
#12086=DIRECTION('',(0.,-0.499621600064306,-0.866243762891937));
#12087=DIRECTION('',(0.,0.913857070272687,0.406036026865377));
#12088=DIRECTION('',(0.,-0.406036026865377,0.913857070272687));
#12089=DIRECTION('',(-1.,0.,0.));
#12090=DIRECTION('',(0.,0.406036026865377,-0.913857070272687));
#12091=DIRECTION('',(0.,0.961204161910785,0.27583792184068));
#12092=DIRECTION('',(0.,-0.27583792184068,0.961204161910785));
#12093=DIRECTION('',(-1.,0.,0.));
#12094=DIRECTION('',(0.,0.27583792184068,-0.961204161910785));
#12095=DIRECTION('',(0.,0.999984546855332,0.00555932104991038));
#12096=DIRECTION('',(0.,-0.00555932104991038,0.999984546855332));
#12097=DIRECTION('',(-1.,0.,0.));
#12098=DIRECTION('',(0.,0.00555932104991038,-0.999984546855332));
#12099=DIRECTION('',(0.,0.964911811928281,-0.262574170857078));
#12100=DIRECTION('',(0.,0.262574170857078,0.964911811928281));
#12101=DIRECTION('',(-1.,0.,0.));
#12102=DIRECTION('',(0.,-0.262574170857078,-0.964911811928281));
#12103=DIRECTION('',(0.,0.856983175727599,-0.515344386328055));
#12104=DIRECTION('',(0.,0.515344386328055,0.856983175727599));
#12105=DIRECTION('',(-1.,0.,0.));
#12106=DIRECTION('',(0.,-0.515344386328055,-0.856983175727599));
#12107=DIRECTION('',(0.,0.683570953592424,-0.72988406709884));
#12108=DIRECTION('',(0.,0.72988406709884,0.683570953592424));
#12109=DIRECTION('',(-1.,0.,0.));
#12110=DIRECTION('',(0.,-0.72988406709884,-0.683570953592424));
#12111=DIRECTION('',(0.,0.460622787031418,-0.887595993719783));
#12112=DIRECTION('',(0.,0.887595993719783,0.460622787031418));
#12113=DIRECTION('',(-1.,0.,0.));
#12114=DIRECTION('',(0.,-0.887595993719783,-0.460622787031418));
#12115=DIRECTION('',(0.,0.204658459699667,-0.978833445931104));
#12116=DIRECTION('',(0.,0.978833445931104,0.204658459699667));
#12117=DIRECTION('',(-1.,0.,0.));
#12118=DIRECTION('',(0.,-0.978833445931104,-0.204658459699667));
#12119=DIRECTION('',(0.,-0.0689507981227723,-0.997620061665879));
#12120=DIRECTION('',(0.,0.997620061665879,-0.0689507981227723));
#12121=DIRECTION('',(-1.,0.,0.));
#12122=DIRECTION('',(0.,-0.997620061665879,0.0689507981227723));
#12123=DIRECTION('',(0.,-0.206967471699114,-0.978347824476794));
#12124=DIRECTION('',(0.,0.978347824476794,-0.206967471699114));
#12125=DIRECTION('',(-1.,0.,0.));
#12126=DIRECTION('',(0.,-0.978347824476794,0.206967471699114));
#12127=DIRECTION('',(0.,0.668621152272312,-0.743603223993849));
#12128=DIRECTION('',(0.,0.743603223993849,0.668621152272312));
#12129=DIRECTION('',(-1.,0.,0.));
#12130=DIRECTION('',(0.,-0.743603223993849,-0.668621152272311));
#12131=DIRECTION('',(0.,0.560239441108776,-0.828330712110885));
#12132=DIRECTION('',(0.,0.828330712110885,0.560239441108776));
#12133=DIRECTION('',(-1.,0.,0.));
#12134=DIRECTION('',(0.,-0.828330712110885,-0.560239441108776));
#12135=DIRECTION('',(0.,0.31213924816094,-0.95003636233437));
#12136=DIRECTION('',(0.,0.95003636233437,0.31213924816094));
#12137=DIRECTION('',(-1.,0.,0.));
#12138=DIRECTION('',(0.,-0.95003636233437,-0.31213924816094));
#12139=DIRECTION('',(0.,0.0456587327614457,-0.99895709623718));
#12140=DIRECTION('',(0.,0.99895709623718,0.0456587327614457));
#12141=DIRECTION('',(-1.,0.,0.));
#12142=DIRECTION('',(0.,-0.99895709623718,-0.0456587327614457));
#12143=DIRECTION('',(0.,-0.226075920598657,-0.974109684853544));
#12144=DIRECTION('',(0.,0.974109684853544,-0.226075920598657));
#12145=DIRECTION('',(-1.,0.,0.));
#12146=DIRECTION('',(0.,-0.974109684853544,0.226075920598657));
#12147=DIRECTION('',(0.,-0.483161147476759,-0.875531441793464));
#12148=DIRECTION('',(0.,0.875531441793464,-0.483161147476759));
#12149=DIRECTION('',(-1.,0.,0.));
#12150=DIRECTION('',(0.,-0.875531441793464,0.483161147476759));
#12151=DIRECTION('',(0.,-0.703062499766917,-0.711128062602999));
#12152=DIRECTION('',(0.,0.711128062602999,-0.703062499766917));
#12153=DIRECTION('',(-1.,0.,0.));
#12154=DIRECTION('',(0.,-0.711128062602999,0.703062499766917));
#12155=DIRECTION('',(0.,-0.868701793001238,-0.495335436685519));
#12156=DIRECTION('',(0.,0.495335436685519,-0.868701793001238));
#12157=DIRECTION('',(-1.,0.,0.));
#12158=DIRECTION('',(0.,-0.495335436685519,0.868701793001238));
#12159=DIRECTION('',(0.,-0.970319206890386,-0.241827700521697));
#12160=DIRECTION('',(0.,0.241827700521697,-0.970319206890386));
#12161=DIRECTION('',(-1.,0.,0.));
#12162=DIRECTION('',(0.,-0.241827700521697,0.970319206890386));
#12163=DIRECTION('',(0.,-0.994505511873538,-0.104684224471279));
#12164=DIRECTION('',(0.,0.104684224471279,-0.994505511873538));
#12165=DIRECTION('',(-1.,0.,0.));
#12166=DIRECTION('',(0.,-0.104684224471279,0.994505511873538));
#12167=DIRECTION('',(0.,-0.500378304502088,-0.865806879381086));
#12168=DIRECTION('',(0.,0.865806879381087,-0.500378304502089));
#12169=DIRECTION('',(-1.,0.,0.));
#12170=DIRECTION('',(0.,-0.865806879381087,0.500378304502089));
#12171=DIRECTION('',(0.,-0.615300639940032,-0.788292536111682));
#12172=DIRECTION('',(0.,0.788292536111682,-0.615300639940032));
#12173=DIRECTION('',(-1.,0.,0.));
#12174=DIRECTION('',(0.,-0.788292536111682,0.615300639940032));
#12175=DIRECTION('',(0.,-0.807393444398984,-0.590013411662433));
#12176=DIRECTION('',(0.,0.590013411662433,-0.807393444398985));
#12177=DIRECTION('',(-1.,0.,0.));
#12178=DIRECTION('',(0.,-0.590013411662433,0.807393444398985));
#12179=DIRECTION('',(0.,-0.936638588256403,-0.350297238055131));
#12180=DIRECTION('',(0.,0.350297238055131,-0.936638588256403));
#12181=DIRECTION('',(-1.,0.,0.));
#12182=DIRECTION('',(0.,-0.350297238055131,0.936638588256403));
#12183=DIRECTION('',(0.,-0.996469967513472,-0.083950008002975));
#12184=DIRECTION('',(0.,0.083950008002975,-0.996469967513472));
#12185=DIRECTION('',(-1.,0.,0.));
#12186=DIRECTION('',(0.,-0.083950008002975,0.996469967513472));
#12187=DIRECTION('',(0.,-0.982030834212134,0.188720535863538));
#12188=DIRECTION('',(0.,-0.188720535863538,-0.982030834212134));
#12189=DIRECTION('',(-1.,0.,0.));
#12190=DIRECTION('',(0.,0.188720535863538,0.982030834212134));
#12191=DIRECTION('',(0.,-0.89417773247053,0.44771216507245));
#12192=DIRECTION('',(0.,-0.44771216507245,-0.89417773247053));
#12193=DIRECTION('',(-1.,0.,0.));
#12194=DIRECTION('',(0.,0.44771216507245,0.89417773247053));
#12195=DIRECTION('',(0.,-0.739540734742624,0.673111804722172));
#12196=DIRECTION('',(0.,-0.673111804722172,-0.739540734742624));
#12197=DIRECTION('',(-1.,0.,0.));
#12198=DIRECTION('',(0.,0.673111804722172,0.739540734742624));
#12199=DIRECTION('',(0.,-0.526910015698219,0.849921075957587));
#12200=DIRECTION('',(0.,-0.849921075957587,-0.526910015698219));
#12201=DIRECTION('',(-1.,0.,0.));
#12202=DIRECTION('',(0.,0.849921075957587,0.526910015698219));
#12203=DIRECTION('',(0.,-0.407239384327237,0.913321457019801));
#12204=DIRECTION('',(0.,-0.913321457019801,-0.407239384327237));
#12205=DIRECTION('',(0.,0.913321457019801,0.407239384327237));
#12206=DIRECTION('',(-1.,0.,0.));
#12207=DIRECTION('',(0.,-1.,0.));
#12208=DIRECTION('',(0.,-0.798547946024161,0.601931206950257));
#12209=DIRECTION('',(0.,-0.601931206950257,-0.798547946024161));
#12210=DIRECTION('',(-1.,0.,0.));
#12211=DIRECTION('',(0.,0.601931206950257,0.798547946024161));
#12212=DIRECTION('',(-1.,0.,0.));
#12213=DIRECTION('',(0.,-0.706111473337119,0.70810069003051));
#12214=DIRECTION('',(0.,-0.708100690030509,-0.706111473337119));
#12215=DIRECTION('',(-1.,0.,0.));
#12216=DIRECTION('',(0.,0.708100690030509,0.706111473337119));
#12217=DIRECTION('',(0.,-0.4884421909866,0.872596256045263));
#12218=DIRECTION('',(0.,-0.872596256045263,-0.4884421909866));
#12219=DIRECTION('',(-1.,0.,0.));
#12220=DIRECTION('',(0.,0.872596256045263,0.4884421909866));
#12221=DIRECTION('',(0.,-0.237652194610075,0.971350314972418));
#12222=DIRECTION('',(0.,-0.971350314972418,-0.237652194610075));
#12223=DIRECTION('',(-1.,0.,0.));
#12224=DIRECTION('',(0.,0.971350314972418,0.237652194610075));
#12225=DIRECTION('',(0.,0.0349959297808224,0.999387454843604));
#12226=DIRECTION('',(0.,-0.999387454843604,0.0349959297808224));
#12227=DIRECTION('',(-1.,0.,0.));
#12228=DIRECTION('',(0.,0.999387454843604,-0.0349959297808224));
#12229=DIRECTION('',(0.,0.308925298993456,0.951086305043766));
#12230=DIRECTION('',(0.,-0.951086305043766,0.308925298993456));
#12231=DIRECTION('',(-1.,0.,0.));
#12232=DIRECTION('',(0.,0.951086305043766,-0.308925298993456));
#12233=DIRECTION('',(0.,0.555541387534994,0.831488885515431));
#12234=DIRECTION('',(0.,-0.831488885515431,0.555541387534994));
#12235=DIRECTION('',(-1.,0.,0.));
#12236=DIRECTION('',(0.,0.831488885515431,-0.555541387534994));
#12237=DIRECTION('',(0.,0.757431019108646,0.652915194563611));
#12238=DIRECTION('',(0.,-0.652915194563611,0.757431019108646));
#12239=DIRECTION('',(-1.,0.,0.));
#12240=DIRECTION('',(0.,0.652915194563611,-0.757431019108646));
#12241=DIRECTION('',(0.,0.905712440440403,0.423892645880403));
#12242=DIRECTION('',(0.,-0.423892645880403,0.905712440440404));
#12243=DIRECTION('',(-1.,0.,0.));
#12244=DIRECTION('',(0.,0.423892645880403,-0.905712440440404));
#12245=DIRECTION('',(0.,0.956101088159178,0.293037044110187));
#12246=DIRECTION('',(0.,-0.293037044110187,0.956101088159178));
#12247=DIRECTION('',(-1.,0.,0.));
#12248=DIRECTION('',(0.,0.293037044110187,-0.956101088159178));
#12249=DIRECTION('',(0.,0.325996847816512,0.945370855915126));
#12250=DIRECTION('',(0.,-0.945370855915126,0.325996847816512));
#12251=DIRECTION('',(-1.,0.,0.));
#12252=DIRECTION('',(0.,0.945370855915126,-0.325996847816512));
#12253=DIRECTION('',(0.,0.452469588293118,0.891779833630396));
#12254=DIRECTION('',(0.,-0.891779833630396,0.452469588293118));
#12255=DIRECTION('',(-1.,0.,0.));
#12256=DIRECTION('',(0.,0.891779833630396,-0.452469588293118));
#12257=DIRECTION('',(0.,0.677775777050958,0.735268655691898));
#12258=DIRECTION('',(0.,-0.735268655691898,0.677775777050958));
#12259=DIRECTION('',(-1.,0.,0.));
#12260=DIRECTION('',(0.,0.735268655691898,-0.677775777050958));
#12261=DIRECTION('',(0.,0.850345128185828,0.526225391795785));
#12262=DIRECTION('',(0.,-0.526225391795785,0.850345128185828));
#12263=DIRECTION('',(-1.,0.,0.));
#12264=DIRECTION('',(0.,0.526225391795785,-0.850345128185828));
#12265=DIRECTION('',(0.,0.961323551745178,0.27542154755944));
#12266=DIRECTION('',(0.,-0.27542154755944,0.961323551745178));
#12267=DIRECTION('',(-1.,0.,0.));
#12268=DIRECTION('',(0.,0.27542154755944,-0.961323551745178));
#12269=DIRECTION('',(0.,0.999999357270115,0.00113378100020864));
#12270=DIRECTION('',(0.,-0.00113378100020864,0.999999357270115));
#12271=DIRECTION('',(-1.,0.,0.));
#12272=DIRECTION('',(0.,0.00113378100020864,-0.999999357270115));
#12273=DIRECTION('',(0.,0.962641637469072,-0.270778650951037));
#12274=DIRECTION('',(0.,0.270778650951037,0.962641637469072));
#12275=DIRECTION('',(-1.,0.,0.));
#12276=DIRECTION('',(0.,-0.270778650951037,-0.962641637469072));
#12277=DIRECTION('',(0.,0.855396692368688,-0.517973453648648));
#12278=DIRECTION('',(0.,0.517973453648648,0.855396692368688));
#12279=DIRECTION('',(-1.,0.,0.));
#12280=DIRECTION('',(0.,-0.517973453648648,-0.855396692368688));
#12281=DIRECTION('',(0.,0.685378688625856,-0.728186825737394));
#12282=DIRECTION('',(0.,0.728186825737394,0.685378688625856));
#12283=DIRECTION('',(-1.,0.,0.));
#12284=DIRECTION('',(0.,-0.728186825737394,-0.685378688625856));
#12285=DIRECTION('',(0.,0.573934255633609,-0.818901380027104));
#12286=DIRECTION('',(0.,0.818901380027104,0.573934255633609));
#12287=DIRECTION('',(-1.,0.,0.));
#12288=DIRECTION('',(0.,-0.818901380027104,-0.573934255633609));
#12289=DIRECTION('',(0.,0.999834018904581,-0.0182190735525779));
#12290=DIRECTION('',(0.,0.0182190735525779,0.999834018904581));
#12291=DIRECTION('',(-1.,0.,0.));
#12292=DIRECTION('',(0.,-0.0182190735525779,-0.999834018904581));
#12293=DIRECTION('',(0.,0.987720959922257,-0.156228375560443));
#12294=DIRECTION('',(0.,0.156228375560443,0.987720959922257));
#12295=DIRECTION('',(-1.,0.,0.));
#12296=DIRECTION('',(0.,-0.156228375560443,-0.987720959922257));
#12297=DIRECTION('',(0.,0.908643252329871,-0.4175732750014));
#12298=DIRECTION('',(0.,0.4175732750014,0.908643252329871));
#12299=DIRECTION('',(-1.,0.,0.));
#12300=DIRECTION('',(0.,-0.4175732750014,-0.908643252329871));
#12301=DIRECTION('',(0.,0.763538449288604,-0.645762368412681));
#12302=DIRECTION('',(0.,0.645762368412681,0.763538449288604));
#12303=DIRECTION('',(-1.,0.,0.));
#12304=DIRECTION('',(0.,-0.645762368412681,-0.763538449288604));
#12305=DIRECTION('',(0.,0.558896576773508,-0.829237370401777));
#12306=DIRECTION('',(0.,0.829237370401777,0.558896576773508));
#12307=DIRECTION('',(-1.,0.,0.));
#12308=DIRECTION('',(0.,-0.829237370401777,-0.558896576773508));
#12309=DIRECTION('',(0.,0.311063342523362,-0.950389181829314));
#12310=DIRECTION('',(0.,0.950389181829314,0.311063342523362));
#12311=DIRECTION('',(-1.,0.,0.));
#12312=DIRECTION('',(0.,-0.950389181829314,-0.311063342523362));
#12313=DIRECTION('',(0.,0.0423517427792826,-0.999102762424145));
#12314=DIRECTION('',(0.,0.999102762424145,0.0423517427792826));
#12315=DIRECTION('',(-1.,0.,0.));
#12316=DIRECTION('',(0.,-0.999102762424145,-0.0423517427792826));
#12317=DIRECTION('',(0.,-0.22818933374434,-0.973616776748077));
#12318=DIRECTION('',(0.,0.973616776748077,-0.22818933374434));
#12319=DIRECTION('',(-1.,0.,0.));
#12320=DIRECTION('',(0.,-0.973616776748077,0.22818933374434));
#12321=DIRECTION('',(0.,-0.48410310159998,-0.87501096394347));
#12322=DIRECTION('',(0.,0.87501096394347,-0.48410310159998));
#12323=DIRECTION('',(-1.,0.,0.));
#12324=DIRECTION('',(0.,-0.87501096394347,0.48410310159998));
#12325=DIRECTION('',(0.,-0.601043888222373,-0.799216018627337));
#12326=DIRECTION('',(0.,0.799216018627337,-0.601043888222373));
#12327=DIRECTION('',(-1.,0.,0.));
#12328=DIRECTION('',(0.,-0.799216018627337,0.601043888222373));
#12329=DIRECTION('',(0.,0.291716254932754,-0.956504901507571));
#12330=DIRECTION('',(0.,0.956504901507571,0.291716254932754));
#12331=DIRECTION('',(-1.,0.,0.));
#12332=DIRECTION('',(0.,-0.956504901507571,-0.291716254932754));
#12333=DIRECTION('',(0.,0.157681682383173,-0.987489993387686));
#12334=DIRECTION('',(0.,0.987489993387686,0.157681682383173));
#12335=DIRECTION('',(-1.,0.,0.));
#12336=DIRECTION('',(0.,-0.987489993387686,-0.157681682383173));
#12337=DIRECTION('',(0.,-0.118608484792161,-0.99294109963044));
#12338=DIRECTION('',(0.,0.99294109963044,-0.118608484792161));
#12339=DIRECTION('',(-1.,0.,0.));
#12340=DIRECTION('',(0.,-0.99294109963044,0.118608484792161));
#12341=DIRECTION('',(0.,-0.380796646517372,-0.924658809508201));
#12342=DIRECTION('',(0.,0.924658809508201,-0.380796646517372));
#12343=DIRECTION('',(-1.,0.,0.));
#12344=DIRECTION('',(0.,-0.924658809508201,0.380796646517372));
#12345=DIRECTION('',(0.,-0.616570909057616,-0.787299380225759));
#12346=DIRECTION('',(0.,0.787299380225759,-0.616570909057616));
#12347=DIRECTION('',(-1.,0.,0.));
#12348=DIRECTION('',(0.,-0.787299380225759,0.616570909057616));
#12349=DIRECTION('',(0.,-0.807908286381851,-0.589308239205547));
#12350=DIRECTION('',(0.,0.589308239205547,-0.807908286381851));
#12351=DIRECTION('',(-1.,0.,0.));
#12352=DIRECTION('',(0.,-0.589308239205547,0.807908286381851));
#12353=DIRECTION('',(0.,-0.937726724004532,-0.347373849170787));
#12354=DIRECTION('',(0.,0.347373849170787,-0.937726724004532));
#12355=DIRECTION('',(-1.,0.,0.));
#12356=DIRECTION('',(0.,-0.347373849170787,0.937726724004532));
#12357=DIRECTION('',(0.,-0.996649000840327,-0.0817971217340646));
#12358=DIRECTION('',(0.,0.0817971217340646,-0.996649000840327));
#12359=DIRECTION('',(-1.,0.,0.));
#12360=DIRECTION('',(0.,-0.0817971217340646,0.996649000840327));
#12361=DIRECTION('',(0.,-0.98160865555121,0.190904288445669));
#12362=DIRECTION('',(0.,-0.190904288445669,-0.98160865555121));
#12363=DIRECTION('',(-1.,0.,0.));
#12364=DIRECTION('',(0.,0.190904288445669,0.981608655551209));
#12365=DIRECTION('',(0.,-0.945569554639581,0.325420062901327));
#12366=DIRECTION('',(0.,-0.325420062901327,-0.945569554639581));
#12367=DIRECTION('',(-1.,0.,0.));
#12368=DIRECTION('',(0.,0.325420062901327,0.945569554639581));
#12369=DIRECTION('',(0.,-0.819402552201613,-0.573218507591549));
#12370=DIRECTION('',(0.,0.573218507591549,-0.819402552201613));
#12371=DIRECTION('',(-1.,0.,0.));
#12372=DIRECTION('',(0.,-0.573218507591549,0.819402552201613));
#12373=DIRECTION('',(0.,-0.890798582700981,-0.454398377041473));
#12374=DIRECTION('',(0.,0.454398377041473,-0.890798582700981));
#12375=DIRECTION('',(-1.,0.,0.));
#12376=DIRECTION('',(0.,-0.454398377041473,0.89079858270098));
#12377=DIRECTION('',(0.,-0.98109740830162,-0.193514535432989));
#12378=DIRECTION('',(0.,0.193514535432989,-0.98109740830162));
#12379=DIRECTION('',(-1.,0.,0.));
#12380=DIRECTION('',(0.,-0.193514535432989,0.98109740830162));
#12381=DIRECTION('',(0.,-0.996924856015221,0.0783634574213685));
#12382=DIRECTION('',(0.,-0.0783634574213685,-0.996924856015221));
#12383=DIRECTION('',(-1.,0.,0.));
#12384=DIRECTION('',(0.,0.0783634574213685,0.996924856015221));
#12385=DIRECTION('',(0.,-0.938587297560946,0.345041859572489));
#12386=DIRECTION('',(0.,-0.345041859572489,-0.938587297560945));
#12387=DIRECTION('',(-1.,0.,0.));
#12388=DIRECTION('',(0.,0.345041859572489,0.938587297560946));
#12389=DIRECTION('',(0.,-0.810265447335111,0.586063055357385));
#12390=DIRECTION('',(0.,-0.586063055357385,-0.810265447335111));
#12391=DIRECTION('',(-1.,0.,0.));
#12392=DIRECTION('',(0.,0.586063055357385,0.810265447335111));
#12393=DIRECTION('',(0.,-0.621188904969716,0.783660860540148));
#12394=DIRECTION('',(0.,-0.783660860540148,-0.621188904969716));
#12395=DIRECTION('',(-1.,0.,0.));
#12396=DIRECTION('',(0.,0.783660860540148,0.621188904969716));
#12397=DIRECTION('',(0.,-0.38578218585925,0.922589889969351));
#12398=DIRECTION('',(0.,-0.922589889969351,-0.38578218585925));
#12399=DIRECTION('',(-1.,0.,0.));
#12400=DIRECTION('',(0.,0.922589889969351,0.38578218585925));
#12401=DIRECTION('',(0.,-0.11835048255687,0.992971884435081));
#12402=DIRECTION('',(0.,-0.992971884435081,-0.11835048255687));
#12403=DIRECTION('',(-1.,0.,0.));
#12404=DIRECTION('',(0.,0.992971884435081,0.11835048255687));
#12405=DIRECTION('',(0.,0.0169021013724054,0.999857149281435));
#12406=DIRECTION('',(0.,-0.999857149281435,0.0169021013724054));
#12407=DIRECTION('',(0.,0.999857149281435,-0.0169021013724054));
#12408=DIRECTION('',(-1.,0.,0.));
#12409=DIRECTION('',(0.,-1.,0.));
#12410=DIRECTION('',(0.,0.926863883478216,0.375397577913977));
#12411=DIRECTION('',(0.,-0.375397577913977,0.926863883478216));
#12412=DIRECTION('',(0.,0.375397577913977,-0.926863883478216));
#12413=DIRECTION('',(-1.,0.,0.));
#12414=DIRECTION('',(0.,0.375397577913977,-0.926863883478216));
#12415=DIRECTION('',(-1.,0.,0.));
#12416=DIRECTION('',(0.,-0.847595619077734,0.530642691950274));
#12417=DIRECTION('',(0.,-0.530642691950274,-0.847595619077734));
#12418=DIRECTION('',(0.,0.530642691950274,0.847595619077734));
#12419=DIRECTION('',(-1.,0.,0.));
#12420=DIRECTION('',(0.,0.530642691950274,0.847595619077734));
#12421=DIRECTION('',(0.,-0.778285313541011,0.627910798383314));
#12422=DIRECTION('',(0.,-0.627910798383314,-0.778285313541011));
#12423=DIRECTION('',(0.,0.627910798383314,0.778285313541011));
#12424=DIRECTION('',(-1.,0.,0.));
#12425=DIRECTION('',(0.,0.627910798383314,0.778285313541011));
#12426=DIRECTION('',(0.,-0.612804909909798,0.790234232611094));
#12427=DIRECTION('',(0.,-0.790234232611094,-0.612804909909798));
#12428=DIRECTION('',(0.,0.790234232611094,0.612804909909798));
#12429=DIRECTION('',(-1.,0.,0.));
#12430=DIRECTION('',(0.,0.790234232611094,0.612804909909798));
#12431=DIRECTION('',(0.,-0.413666309705024,0.910428571725991));
#12432=DIRECTION('',(0.,-0.910428571725991,-0.413666309705024));
#12433=DIRECTION('',(0.,0.910428571725991,0.413666309705024));
#12434=DIRECTION('',(-1.,0.,0.));
#12435=DIRECTION('',(0.,0.910428571725991,0.413666309705024));
#12436=DIRECTION('',(0.,-0.188017424096859,0.982165692862453));
#12437=DIRECTION('',(0.,-0.982165692862453,-0.188017424096859));
#12438=DIRECTION('',(0.,0.982165692862453,0.188017424096859));
#12439=DIRECTION('',(-1.,0.,0.));
#12440=DIRECTION('',(0.,0.982165692862453,0.188017424096859));
#12441=DIRECTION('',(0.,-0.0707081491877243,0.997497046430939));
#12442=DIRECTION('',(0.,-0.997497046430939,-0.0707081491877243));
#12443=DIRECTION('',(0.,0.997497046430939,0.0707081491877243));
#12444=DIRECTION('',(-1.,0.,0.));
#12445=DIRECTION('',(0.,0.997497046430939,0.0707081491877243));
#12446=DIRECTION('',(0.,-0.766402034304823,-0.642361208210325));
#12447=DIRECTION('',(0.,0.642361208210325,-0.766402034304823));
#12448=DIRECTION('',(0.,-0.642361208210325,0.766402034304823));
#12449=DIRECTION('',(-1.,0.,0.));
#12450=DIRECTION('',(0.,-0.642361208210325,0.766402034304823));
#12451=DIRECTION('',(0.,-0.837003016123766,-0.547198273937079));
#12452=DIRECTION('',(0.,0.547198273937079,-0.837003016123766));
#12453=DIRECTION('',(0.,-0.547198273937079,0.837003016123766));
#12454=DIRECTION('',(-1.,0.,0.));
#12455=DIRECTION('',(0.,-0.547198273937079,0.837003016123766));
#12456=DIRECTION('',(0.,-0.9417913358955,-0.336197976841279));
#12457=DIRECTION('',(0.,0.336197976841279,-0.9417913358955));
#12458=DIRECTION('',(0.,-0.336197976841279,0.9417913358955));
#12459=DIRECTION('',(-1.,0.,0.));
#12460=DIRECTION('',(0.,-0.336197976841279,0.9417913358955));
#12461=DIRECTION('',(0.,-0.994037712443196,-0.109036811401917));
#12462=DIRECTION('',(0.,0.109036811401917,-0.994037712443196));
#12463=DIRECTION('',(0.,-0.109036811401917,0.994037712443196));
#12464=DIRECTION('',(-1.,0.,0.));
#12465=DIRECTION('',(0.,-0.109036811401917,0.994037712443196));
#12466=DIRECTION('',(0.,-0.992103762558415,0.12541979236722));
#12467=DIRECTION('',(0.,-0.12541979236722,-0.992103762558415));
#12468=DIRECTION('',(0.,0.12541979236722,0.992103762558415));
#12469=DIRECTION('',(-1.,0.,0.));
#12470=DIRECTION('',(0.,0.12541979236722,0.992103762558415));
#12471=DIRECTION('',(0.,-0.970440824213893,0.241339194286923));
#12472=DIRECTION('',(0.,-0.241339194286923,-0.970440824213893));
#12473=DIRECTION('',(0.,0.241339194286923,0.970440824213893));
#12474=DIRECTION('',(-1.,0.,0.));
#12475=DIRECTION('',(0.,0.241339194286923,0.970440824213893));
#12476=DIRECTION('',(0.,0.373766455837274,-0.927522849578836));
#12477=DIRECTION('',(0.,0.927522849578836,0.373766455837274));
#12478=DIRECTION('',(0.,-0.927522849578836,-0.373766455837274));
#12479=DIRECTION('',(-1.,0.,0.));
#12480=DIRECTION('',(0.,-0.927522849578836,-0.373766455837274));
#12481=DIRECTION('',(0.,0.261603929446195,-0.965175312623728));
#12482=DIRECTION('',(0.,0.965175312623728,0.261603929446195));
#12483=DIRECTION('',(0.,-0.965175312623728,-0.261603929446195));
#12484=DIRECTION('',(-1.,0.,0.));
#12485=DIRECTION('',(0.,-0.965175312623728,-0.261603929446195));
#12486=DIRECTION('',(0.,0.0298699263557236,-0.999553794199944));
#12487=DIRECTION('',(0.,0.999553794199944,0.0298699263557236));
#12488=DIRECTION('',(0.,-0.999553794199944,-0.0298699263557236));
#12489=DIRECTION('',(-1.,0.,0.));
#12490=DIRECTION('',(0.,-0.999553794199944,-0.0298699263557236));
#12491=DIRECTION('',(0.,-0.203370311683105,-0.979101892718994));
#12492=DIRECTION('',(0.,0.979101892718994,-0.203370311683105));
#12493=DIRECTION('',(0.,-0.979101892718994,0.203370311683105));
#12494=DIRECTION('',(-1.,0.,0.));
#12495=DIRECTION('',(0.,-0.979101892718994,0.203370311683105));
#12496=DIRECTION('',(0.,-0.42832981932555,-0.903622468665173));
#12497=DIRECTION('',(0.,0.903622468665173,-0.42832981932555));
#12498=DIRECTION('',(0.,-0.903622468665173,0.42832981932555));
#12499=DIRECTION('',(-1.,0.,0.));
#12500=DIRECTION('',(0.,-0.903622468665173,0.42832981932555));
#12501=DIRECTION('',(0.,-0.529150756098245,-0.848527829432044));
#12502=DIRECTION('',(0.,0.848527829432044,-0.529150756098245));
#12503=DIRECTION('',(0.,-0.848527829432044,0.529150756098245));
#12504=DIRECTION('',(-1.,0.,0.));
#12505=DIRECTION('',(0.,-0.848527829432044,0.529150756098245));
#12506=DIRECTION('',(0.,0.997605760845076,0.0691573996671107));
#12507=DIRECTION('',(0.,-0.0691573996671107,0.997605760845076));
#12508=DIRECTION('',(0.,0.0691573996671107,-0.997605760845076));
#12509=DIRECTION('',(-1.,0.,0.));
#12510=DIRECTION('',(0.,0.0691573996671107,-0.997605760845076));
#12511=DIRECTION('',(0.,0.998810427939834,-0.0487619630310985));
#12512=DIRECTION('',(0.,0.0487619630310985,0.998810427939834));
#12513=DIRECTION('',(0.,-0.0487619630310985,-0.998810427939834));
#12514=DIRECTION('',(-1.,0.,0.));
#12515=DIRECTION('',(0.,-0.0487619630310985,-0.998810427939834));
#12516=DIRECTION('',(0.,0.960002002402023,-0.279993134530305));
#12517=DIRECTION('',(0.,0.279993134530305,0.960002002402023));
#12518=DIRECTION('',(0.,-0.279993134530305,-0.960002002402023));
#12519=DIRECTION('',(-1.,0.,0.));
#12520=DIRECTION('',(0.,-0.279993134530305,-0.960002002402023));
#12521=DIRECTION('',(0.,0.869103243295824,-0.494630723361054));
#12522=DIRECTION('',(0.,0.494630723361054,0.869103243295824));
#12523=DIRECTION('',(0.,-0.494630723361054,-0.869103243295824));
#12524=DIRECTION('',(-1.,0.,0.));
#12525=DIRECTION('',(0.,-0.494630723361054,-0.869103243295824));
#12526=DIRECTION('',(0.,0.729267076481619,-0.684229151059755));
#12527=DIRECTION('',(0.,0.684229151059755,0.729267076481619));
#12528=DIRECTION('',(0.,-0.684229151059755,-0.729267076481619));
#12529=DIRECTION('',(-1.,0.,0.));
#12530=DIRECTION('',(0.,-0.684229151059755,-0.729267076481619));
#12531=DIRECTION('',(0.,0.643213812098068,-0.765686614697078));
#12532=DIRECTION('',(0.,0.765686614697078,0.643213812098068));
#12533=DIRECTION('',(0.,-0.765686614697078,-0.643213812098068));
#12534=DIRECTION('',(-1.,0.,0.));
#12535=DIRECTION('',(0.,-0.765686614697078,-0.643213812098068));
#12536=DIRECTION('',(0.,0.242847477862092,0.970064483679318));
#12537=DIRECTION('',(0.,-0.970064483679318,0.242847477862092));
#12538=DIRECTION('',(0.,0.970064483679318,-0.242847477862092));
#12539=DIRECTION('',(-1.,0.,0.));
#12540=DIRECTION('',(0.,0.970064483679318,-0.242847477862092));
#12541=DIRECTION('',(0.,0.355712469410652,0.934595441410761));
#12542=DIRECTION('',(0.,-0.934595441410761,0.355712469410652));
#12543=DIRECTION('',(0.,0.934595441410761,-0.355712469410652));
#12544=DIRECTION('',(-1.,0.,0.));
#12545=DIRECTION('',(0.,0.934595441410761,-0.355712469410652));
#12546=DIRECTION('',(0.,0.565475777568517,0.82476490285613));
#12547=DIRECTION('',(0.,-0.82476490285613,0.565475777568517));
#12548=DIRECTION('',(0.,0.82476490285613,-0.565475777568517));
#12549=DIRECTION('',(-1.,0.,0.));
#12550=DIRECTION('',(0.,0.82476490285613,-0.565475777568517));
#12551=DIRECTION('',(0.,0.740718069167278,0.67181600309095));
#12552=DIRECTION('',(0.,-0.67181600309095,0.740718069167278));
#12553=DIRECTION('',(0.,0.67181600309095,-0.740718069167278));
#12554=DIRECTION('',(-1.,0.,0.));
#12555=DIRECTION('',(0.,0.67181600309095,-0.740718069167278));
#12556=DIRECTION('',(0.,-0.224857034359773,-0.974391766231082));
#12557=DIRECTION('',(0.,0.974391766231082,-0.224857034359773));
#12558=DIRECTION('',(-1.,0.,0.));
#12559=DIRECTION('',(0.,-0.974391766231082,0.224857034359773));
#12560=DIRECTION('',(-1.,0.,0.));
#12561=DIRECTION('',(0.,-0.48095835342935,-0.876743441530376));
#12562=DIRECTION('',(0.,0.876743441530376,-0.48095835342935));
#12563=DIRECTION('',(-1.,0.,0.));
#12564=DIRECTION('',(0.,-0.876743441530376,0.48095835342935));
#12565=DIRECTION('',(0.,-0.697643456672831,-0.716445118178345));
#12566=DIRECTION('',(0.,0.716445118178345,-0.697643456672831));
#12567=DIRECTION('',(-1.,0.,0.));
#12568=DIRECTION('',(0.,-0.716445118178345,0.697643456672831));
#12569=DIRECTION('',(0.,-0.865321252765484,-0.501217646848526));
#12570=DIRECTION('',(0.,0.501217646848526,-0.865321252765484));
#12571=DIRECTION('',(-1.,0.,0.));
#12572=DIRECTION('',(0.,-0.501217646848526,0.865321252765484));
#12573=DIRECTION('',(0.,-0.926922981434693,-0.375251630893485));
#12574=DIRECTION('',(0.,0.375251630893485,-0.926922981434693));
#12575=DIRECTION('',(-1.,0.,0.));
#12576=DIRECTION('',(0.,-0.375251630893485,0.926922981434693));
#12577=DIRECTION('',(0.,-0.24236182871706,-0.970185932685546));
#12578=DIRECTION('',(0.,0.970185932685546,-0.24236182871706));
#12579=DIRECTION('',(-1.,0.,0.));
#12580=DIRECTION('',(0.,-0.970185932685546,0.24236182871706));
#12581=DIRECTION('',(0.,-0.371317822598631,-0.928505829071962));
#12582=DIRECTION('',(0.,0.928505829071962,-0.371317822598631));
#12583=DIRECTION('',(-1.,0.,0.));
#12584=DIRECTION('',(0.,-0.928505829071962,0.371317822598631));
#12585=DIRECTION('',(0.,-0.611421058729545,-0.791305433408644));
#12586=DIRECTION('',(0.,0.791305433408644,-0.611421058729545));
#12587=DIRECTION('',(-1.,0.,0.));
#12588=DIRECTION('',(0.,-0.791305433408644,0.611421058729545));
#12589=DIRECTION('',(0.,-0.802848503263138,-0.596183093359866));
#12590=DIRECTION('',(0.,0.596183093359866,-0.802848503263138));
#12591=DIRECTION('',(-1.,0.,0.));
#12592=DIRECTION('',(0.,-0.596183093359866,0.802848503263138));
#12593=DIRECTION('',(0.,-0.934340784480614,-0.356380833457905));
#12594=DIRECTION('',(0.,0.356380833457905,-0.934340784480614));
#12595=DIRECTION('',(-1.,0.,0.));
#12596=DIRECTION('',(0.,-0.356380833457905,0.934340784480614));
#12597=DIRECTION('',(0.,-0.995909115555933,-0.0903605752117573));
#12598=DIRECTION('',(0.,0.0903605752117573,-0.995909115555933));
#12599=DIRECTION('',(-1.,0.,0.));
#12600=DIRECTION('',(0.,-0.0903605752117573,0.995909115555933));
#12601=DIRECTION('',(0.,-0.983237525811099,0.182329284090266));
#12602=DIRECTION('',(0.,-0.182329284090266,-0.983237525811099));
#12603=DIRECTION('',(-1.,0.,0.));
#12604=DIRECTION('',(0.,0.182329284090266,0.983237525811099));
#12605=DIRECTION('',(0.,-0.897582077509586,0.440847381906229));
#12606=DIRECTION('',(0.,-0.440847381906229,-0.897582077509586));
#12607=DIRECTION('',(-1.,0.,0.));
#12608=DIRECTION('',(0.,0.440847381906229,0.897582077509586));
#12609=DIRECTION('',(0.,-0.742838403010568,0.669470766361541));
#12610=DIRECTION('',(0.,-0.669470766361541,-0.742838403010568));
#12611=DIRECTION('',(-1.,0.,0.));
#12612=DIRECTION('',(0.,0.669470766361541,0.742838403010568));
#12613=DIRECTION('',(0.,-0.643122220528777,0.765763546704944));
#12614=DIRECTION('',(0.,-0.765763546704944,-0.643122220528777));
#12615=DIRECTION('',(-1.,0.,0.));
#12616=DIRECTION('',(0.,0.765763546704944,0.643122220528777));
#12617=DIRECTION('',(0.,-0.997617247083375,-0.0689915090557368));
#12618=DIRECTION('',(0.,0.0689915090557368,-0.997617247083375));
#12619=DIRECTION('',(-1.,0.,0.));
#12620=DIRECTION('',(0.,-0.0689915090557368,0.997617247083375));
#12621=DIRECTION('',(0.,-0.997570817347287,0.0696596323351381));
#12622=DIRECTION('',(0.,-0.0696596323351381,-0.997570817347287));
#12623=DIRECTION('',(-1.,0.,0.));
#12624=DIRECTION('',(0.,0.0696596323351381,0.997570817347287));
#12625=DIRECTION('',(0.,-0.941518356717513,0.336961695098946));
#12626=DIRECTION('',(0.,-0.336961695098946,-0.941518356717513));
#12627=DIRECTION('',(-1.,0.,0.));
#12628=DIRECTION('',(0.,0.336961695098946,0.941518356717513));
#12629=DIRECTION('',(0.,-0.815867782655153,0.578238498567299));
#12630=DIRECTION('',(0.,-0.578238498567299,-0.815867782655153));
#12631=DIRECTION('',(-1.,0.,0.));
#12632=DIRECTION('',(0.,0.578238498567299,0.815867782655153));
#12633=DIRECTION('',(0.,-0.627855283346941,0.778330099105343));
#12634=DIRECTION('',(0.,-0.778330099105343,-0.627855283346941));
#12635=DIRECTION('',(-1.,0.,0.));
#12636=DIRECTION('',(0.,0.778330099105343,0.627855283346941));
#12637=DIRECTION('',(0.,-0.391793444675711,0.92005320319487));
#12638=DIRECTION('',(0.,-0.92005320319487,-0.391793444675712));
#12639=DIRECTION('',(-1.,0.,0.));
#12640=DIRECTION('',(0.,0.92005320319487,0.391793444675711));
#12641=DIRECTION('',(0.,-0.128502005312856,0.991709249039543));
#12642=DIRECTION('',(0.,-0.991709249039543,-0.128502005312856));
#12643=DIRECTION('',(-1.,0.,0.));
#12644=DIRECTION('',(0.,0.991709249039543,0.128502005312856));
#12645=DIRECTION('',(0.,0.142425100492806,0.989805582298672));
#12646=DIRECTION('',(0.,-0.989805582298673,0.142425100492806));
#12647=DIRECTION('',(-1.,0.,0.));
#12648=DIRECTION('',(0.,0.989805582298673,-0.142425100492806));
#12649=DIRECTION('',(0.,0.407890026483549,0.913031065350599));
#12650=DIRECTION('',(0.,-0.913031065350599,0.407890026483549));
#12651=DIRECTION('',(-1.,0.,0.));
#12652=DIRECTION('',(0.,0.913031065350599,-0.407890026483549));
#12653=DIRECTION('',(0.,0.529337949831942,0.848411064795666));
#12654=DIRECTION('',(0.,-0.848411064795666,0.529337949831942));
#12655=DIRECTION('',(-1.,0.,0.));
#12656=DIRECTION('',(0.,0.848411064795666,-0.529337949831942));
#12657=DIRECTION('',(0.,-0.373971081643857,0.927440364710381));
#12658=DIRECTION('',(0.,-0.927440364710381,-0.373971081643857));
#12659=DIRECTION('',(-1.,0.,0.));
#12660=DIRECTION('',(0.,0.927440364710381,0.373971081643857));
#12661=DIRECTION('',(0.,-0.243147079805925,0.96998943168565));
#12662=DIRECTION('',(0.,-0.96998943168565,-0.243147079805925));
#12663=DIRECTION('',(-1.,0.,0.));
#12664=DIRECTION('',(0.,0.96998943168565,0.243147079805925));
#12665=DIRECTION('',(0.,0.0316166246556858,0.999500069557467));
#12666=DIRECTION('',(0.,-0.999500069557467,0.0316166246556858));
#12667=DIRECTION('',(-1.,0.,0.));
#12668=DIRECTION('',(0.,0.999500069557467,-0.0316166246556858));
#12669=DIRECTION('',(0.,0.298758274980866,0.954328818138935));
#12670=DIRECTION('',(0.,-0.954328818138935,0.298758274980866));
#12671=DIRECTION('',(-1.,0.,0.));
#12672=DIRECTION('',(0.,0.954328818138935,-0.298758274980866));
#12673=DIRECTION('',(0.,0.545607008352476,0.838041163927322));
#12674=DIRECTION('',(0.,-0.838041163927322,0.545607008352476));
#12675=DIRECTION('',(-1.,0.,0.));
#12676=DIRECTION('',(0.,0.838041163927322,-0.545607008352476));
#12677=DIRECTION('',(0.,0.754475062100814,0.656328713883503));
#12678=DIRECTION('',(0.,-0.656328713883503,0.754475062100814));
#12679=DIRECTION('',(-1.,0.,0.));
#12680=DIRECTION('',(0.,0.656328713883503,-0.754475062100814));
#12681=DIRECTION('',(0.,0.904656893899054,0.426140709532563));
#12682=DIRECTION('',(0.,-0.426140709532563,0.904656893899054));
#12683=DIRECTION('',(-1.,0.,0.));
#12684=DIRECTION('',(0.,0.426140709532563,-0.904656893899054));
#12685=DIRECTION('',(0.,0.985757994780495,0.168170079759563));
#12686=DIRECTION('',(0.,-0.168170079759563,0.985757994780495));
#12687=DIRECTION('',(-1.,0.,0.));
#12688=DIRECTION('',(0.,0.168170079759563,-0.985757994780495));
#12689=DIRECTION('',(0.,0.994500063336411,-0.104735972921793));
#12690=DIRECTION('',(0.,0.104735972921793,0.994500063336411));
#12691=DIRECTION('',(-1.,0.,0.));
#12692=DIRECTION('',(0.,-0.104735972921793,-0.994500063336411));
#12693=DIRECTION('',(0.,0.970333604296079,-0.241769924460799));
#12694=DIRECTION('',(0.,0.241769924460799,0.970333604296079));
#12695=DIRECTION('',(-1.,0.,0.));
#12696=DIRECTION('',(0.,-0.241769924460799,-0.970333604296079));
#12697=DIRECTION('',(0.,0.766044443118978,0.64278760968654));
#12698=DIRECTION('',(0.,-0.64278760968654,0.766044443118978));
#12699=DIRECTION('',(-1.,0.,0.));
#12700=DIRECTION('',(0.,0.64278760968654,-0.766044443118978));
#12701=DIRECTION('',(0.,0.850493595025428,0.525985403619457));
#12702=DIRECTION('',(0.,-0.525985403619457,0.850493595025428));
#12703=DIRECTION('',(-1.,0.,0.));
#12704=DIRECTION('',(0.,0.525985403619457,-0.850493595025428));
#12705=DIRECTION('',(0.,0.96031115154295,0.278930981108684));
#12706=DIRECTION('',(0.,-0.278930981108684,0.96031115154295));
#12707=DIRECTION('',(-1.,0.,0.));
#12708=DIRECTION('',(0.,0.278930981108684,-0.96031115154295));
#12709=DIRECTION('',(0.,0.999923098122914,0.0124015257235801));
#12710=DIRECTION('',(0.,-0.0124015257235801,0.999923098122914));
#12711=DIRECTION('',(-1.,0.,0.));
#12712=DIRECTION('',(0.,0.0124015257235801,-0.999923098122914));
#12713=DIRECTION('',(0.,0.965631761343846,-0.259914027101235));
#12714=DIRECTION('',(0.,0.259914027101235,0.965631761343846));
#12715=DIRECTION('',(-1.,0.,0.));
#12716=DIRECTION('',(0.,-0.259914027101235,-0.965631761343846));
#12717=DIRECTION('',(0.,0.857283167116531,-0.514845191663135));
#12718=DIRECTION('',(0.,0.514845191663135,0.857283167116531));
#12719=DIRECTION('',(-1.,0.,0.));
#12720=DIRECTION('',(0.,-0.514845191663135,-0.857283167116531));
#12721=DIRECTION('',(0.,0.685172852651015,-0.728380506322122));
#12722=DIRECTION('',(0.,0.728380506322122,0.685172852651015));
#12723=DIRECTION('',(-1.,0.,0.));
#12724=DIRECTION('',(0.,-0.728380506322122,-0.685172852651015));
#12725=DIRECTION('',(0.,0.464379873067376,-0.885636117990864));
#12726=DIRECTION('',(0.,0.885636117990864,0.464379873067376));
#12727=DIRECTION('',(-1.,0.,0.));
#12728=DIRECTION('',(0.,-0.885636117990864,-0.464379873067376));
#12729=DIRECTION('',(0.,0.206242455960782,-0.978500919447327));
#12730=DIRECTION('',(0.,0.978500919447327,0.206242455960782));
#12731=DIRECTION('',(-1.,0.,0.));
#12732=DIRECTION('',(0.,-0.978500919447327,-0.206242455960782));
#12733=DIRECTION('',(0.,0.0702087887458407,-0.997532318264848));
#12734=DIRECTION('',(0.,0.997532318264848,0.0702087887458407));
#12735=DIRECTION('',(-1.,0.,0.));
#12736=DIRECTION('',(0.,-0.997532318264848,-0.0702087887458407));
#12737=DIRECTION('',(0.,0.847970991426067,-0.530042637624459));
#12738=DIRECTION('',(0.,0.530042637624459,0.847970991426067));
#12739=DIRECTION('',(-1.,0.,0.));
#12740=DIRECTION('',(0.,-0.530042637624459,-0.847970991426067));
#12741=DIRECTION('',(0.,0.76513954757993,-0.643864483202156));
#12742=DIRECTION('',(0.,0.643864483202156,0.76513954757993));
#12743=DIRECTION('',(-1.,0.,0.));
#12744=DIRECTION('',(0.,-0.643864483202156,-0.76513954757993));
#12745=DIRECTION('',(0.,0.562635295799606,-0.826705221902276));
#12746=DIRECTION('',(0.,0.826705221902276,0.562635295799606));
#12747=DIRECTION('',(-1.,0.,0.));
#12748=DIRECTION('',(0.,-0.826705221902276,-0.562635295799606));
#12749=DIRECTION('',(0.,0.321406614430031,-0.946941280228413));
#12750=DIRECTION('',(0.,0.946941280228413,0.321406614430031));
#12751=DIRECTION('',(-1.,0.,0.));
#12752=DIRECTION('',(0.,-0.946941280228413,-0.321406614430031));
#12753=DIRECTION('',(0.,0.0522395962171614,-0.998634580107793));
#12754=DIRECTION('',(0.,0.998634580107793,0.0522395962171614));
#12755=DIRECTION('',(0.,-0.998634580107793,-0.0522395962171614));
#12756=DIRECTION('',(0.,0.87549670897761,0.483224081114937));
#12757=DIRECTION('',(0.,-0.483224081114937,0.87549670897761));
#12758=DIRECTION('',(0.,0.483224081114937,-0.87549670897761));
#12759=DIRECTION('',(0.,0.483224081114937,-0.87549670897761));
#12760=DIRECTION('',(-1.,0.,0.));
#12761=DIRECTION('',(0.,-1.,0.));
#12762=DIRECTION('',(1.,0.,0.));
#12763=DIRECTION('',(0.,0.,-1.));
#12764=DIRECTION('',(0.,-0.977969843741692,0.208746220880402));
#12765=DIRECTION('',(0.,-0.208746220880402,-0.977969843741692));
#12766=DIRECTION('',(0.,-0.208746220880402,-0.977969843741692));
#12767=DIRECTION('',(1.,0.,0.));
#12768=DIRECTION('',(0.,-0.208746220880402,-0.977969843741692));
#12769=DIRECTION('',(1.,0.,0.));
#12770=DIRECTION('',(0.,0.742573600637495,0.669764471763221));
#12771=DIRECTION('',(0.,-0.669764471763221,0.742573600637495));
#12772=DIRECTION('',(0.,-0.669764471763221,0.742573600637495));
#12773=DIRECTION('',(1.,0.,0.));
#12774=DIRECTION('',(0.,-0.669764471763221,0.742573600637495));
#12775=DIRECTION('',(0.,0.657425844954083,0.753519248849298));
#12776=DIRECTION('',(0.,-0.753519248849298,0.657425844954082));
#12777=DIRECTION('',(0.,-0.753519248849298,0.657425844954083));
#12778=DIRECTION('',(1.,0.,0.));
#12779=DIRECTION('',(0.,-0.753519248849298,0.657425844954083));
#12780=DIRECTION('',(0.,0.466272291940155,0.884641254842252));
#12781=DIRECTION('',(0.,-0.884641254842252,0.466272291940155));
#12782=DIRECTION('',(0.,-0.884641254842252,0.466272291940155));
#12783=DIRECTION('',(1.,0.,0.));
#12784=DIRECTION('',(0.,-0.884641254842252,0.466272291940155));
#12785=DIRECTION('',(0.,0.249287526581311,0.968429516842073));
#12786=DIRECTION('',(0.,-0.968429516842074,0.249287526581311));
#12787=DIRECTION('',(0.,-0.968429516842074,0.249287526581312));
#12788=DIRECTION('',(1.,0.,0.));
#12789=DIRECTION('',(0.,-0.968429516842074,0.249287526581312));
#12790=DIRECTION('',(0.,0.0146097342194096,0.999893272137601));
#12791=DIRECTION('',(0.,-0.999893272137601,0.0146097342194096));
#12792=DIRECTION('',(0.,-0.999893272137601,0.0146097342194096));
#12793=DIRECTION('',(1.,0.,0.));
#12794=DIRECTION('',(0.,-0.999893272137601,0.0146097342194096));
#12795=DIRECTION('',(0.,-0.103579610819663,0.994621166184617));
#12796=DIRECTION('',(0.,-0.994621166184617,-0.103579610819663));
#12797=DIRECTION('',(0.,-0.994621166184617,-0.103579610819663));
#12798=DIRECTION('',(1.,0.,0.));
#12799=DIRECTION('',(0.,-0.994621166184617,-0.103579610819663));
#12800=DIRECTION('',(0.,0.866303518517369,-0.499517981462556));
#12801=DIRECTION('',(0.,0.499517981462557,0.866303518517369));
#12802=DIRECTION('',(0.,0.499517981462557,0.866303518517369));
#12803=DIRECTION('',(1.,0.,0.));
#12804=DIRECTION('',(0.,0.499517981462557,0.866303518517369));
#12805=DIRECTION('',(0.,0.919307042664948,-0.393541054156524));
#12806=DIRECTION('',(0.,0.393541054156524,0.919307042664948));
#12807=DIRECTION('',(0.,0.393541054156524,0.919307042664948));
#12808=DIRECTION('',(1.,0.,0.));
#12809=DIRECTION('',(0.,0.393541054156524,0.919307042664948));
#12810=DIRECTION('',(0.,0.985863575323411,-0.167550024919548));
#12811=DIRECTION('',(0.,0.167550024919548,0.985863575323411));
#12812=DIRECTION('',(0.,0.167550024919548,0.985863575323411));
#12813=DIRECTION('',(1.,0.,0.));
#12814=DIRECTION('',(0.,0.167550024919548,0.985863575323411));
#12815=DIRECTION('',(0.,0.997870089599136,0.065232540065616));
#12816=DIRECTION('',(0.,-0.065232540065616,0.997870089599136));
#12817=DIRECTION('',(0.,-0.065232540065616,0.997870089599136));
#12818=DIRECTION('',(1.,0.,0.));
#12819=DIRECTION('',(0.,-0.065232540065616,0.997870089599136));
#12820=DIRECTION('',(0.,0.955252558772173,0.295791394329207));
#12821=DIRECTION('',(0.,-0.295791394329207,0.955252558772173));
#12822=DIRECTION('',(0.,-0.295791394329207,0.955252558772173));
#12823=DIRECTION('',(1.,0.,0.));
#12824=DIRECTION('',(0.,-0.295791394329207,0.955252558772173));
#12825=DIRECTION('',(0.,0.913789536237869,0.406187990297817));
#12826=DIRECTION('',(0.,-0.406187990297817,0.913789536237869));
#12827=DIRECTION('',(0.,-0.406187990297817,0.913789536237869));
#12828=DIRECTION('',(1.,0.,0.));
#12829=DIRECTION('',(0.,-0.406187990297817,0.913789536237869));
#12830=DIRECTION('',(0.,-0.207025450950639,-0.978335557290383));
#12831=DIRECTION('',(0.,0.978335557290383,-0.207025450950639));
#12832=DIRECTION('',(0.,0.978335557290383,-0.207025450950639));
#12833=DIRECTION('',(1.,0.,0.));
#12834=DIRECTION('',(0.,0.978335557290383,-0.207025450950639));
#12835=DIRECTION('',(0.,-0.0900286437708354,-0.99593917650667));
#12836=DIRECTION('',(0.,0.99593917650667,-0.0900286437708354));
#12837=DIRECTION('',(0.,0.99593917650667,-0.0900286437708354));
#12838=DIRECTION('',(1.,0.,0.));
#12839=DIRECTION('',(0.,0.99593917650667,-0.0900286437708354));
#12840=DIRECTION('',(0.,0.144154559785889,-0.989555184359587));
#12841=DIRECTION('',(0.,0.989555184359587,0.144154559785889));
#12842=DIRECTION('',(0.,0.989555184359587,0.144154559785889));
#12843=DIRECTION('',(1.,0.,0.));
#12844=DIRECTION('',(0.,0.989555184359587,0.144154559785889));
#12845=DIRECTION('',(0.,0.370299919098943,-0.928912250923259));
#12846=DIRECTION('',(0.,0.928912250923259,0.370299919098943));
#12847=DIRECTION('',(0.,0.928912250923259,0.370299919098943));
#12848=DIRECTION('',(1.,0.,0.));
#12849=DIRECTION('',(0.,0.928912250923259,0.370299919098943));
#12850=DIRECTION('',(0.,0.578734921900724,-0.815515720371204));
#12851=DIRECTION('',(0.,0.815515720371204,0.578734921900724));
#12852=DIRECTION('',(0.,0.815515720371204,0.578734921900724));
#12853=DIRECTION('',(1.,0.,0.));
#12854=DIRECTION('',(0.,0.815515720371204,0.578734921900724));
#12855=DIRECTION('',(0.,0.668457078398374,-0.743750720563758));
#12856=DIRECTION('',(0.,0.743750720563758,0.668457078398374));
#12857=DIRECTION('',(0.,0.743750720563758,0.668457078398374));
#12858=DIRECTION('',(1.,0.,0.));
#12859=DIRECTION('',(0.,0.743750720563758,0.668457078398374));
#12860=DIRECTION('',(0.,-0.994458944154251,-0.105125679030445));
#12861=DIRECTION('',(0.,0.105125679030445,-0.994458944154251));
#12862=DIRECTION('',(0.,0.105125679030445,-0.994458944154251));
#12863=DIRECTION('',(1.,0.,0.));
#12864=DIRECTION('',(0.,0.105125679030445,-0.994458944154251));
#12865=DIRECTION('',(0.,-0.975168827204779,-0.22146276989159));
#12866=DIRECTION('',(0.,0.22146276989159,-0.975168827204779));
#12867=DIRECTION('',(0.,0.22146276989159,-0.975168827204779));
#12868=DIRECTION('',(1.,0.,0.));
#12869=DIRECTION('',(0.,0.22146276989159,-0.975168827204779));
#12870=DIRECTION('',(0.,-0.896797117302316,-0.442442007949355));
#12871=DIRECTION('',(0.,0.442442007949355,-0.896797117302316));
#12872=DIRECTION('',(0.,0.442442007949355,-0.896797117302316));
#12873=DIRECTION('',(1.,0.,0.));
#12874=DIRECTION('',(0.,0.442442007949355,-0.896797117302316));
#12875=DIRECTION('',(0.,-0.770007888436062,-0.638034365646739));
#12876=DIRECTION('',(0.,0.638034365646739,-0.770007888436062));
#12877=DIRECTION('',(0.,0.638034365646739,-0.770007888436062));
#12878=DIRECTION('',(1.,0.,0.));
#12879=DIRECTION('',(0.,0.638034365646739,-0.770007888436062));
#12880=DIRECTION('',(0.,-0.59937272574752,-0.800470071664137));
#12881=DIRECTION('',(0.,0.800470071664137,-0.59937272574752));
#12882=DIRECTION('',(0.,0.800470071664137,-0.59937272574752));
#12883=DIRECTION('',(1.,0.,0.));
#12884=DIRECTION('',(0.,0.800470071664137,-0.59937272574752));
#12885=DIRECTION('',(0.,-0.500481863692607,-0.865747020852382));
#12886=DIRECTION('',(0.,0.865747020852382,-0.500481863692607));
#12887=DIRECTION('',(0.,0.865747020852382,-0.500481863692607));
#12888=DIRECTION('',(1.,0.,0.));
#12889=DIRECTION('',(0.,0.865747020852382,-0.500481863692607));
#12890=DIRECTION('',(0.,-0.407608008808374,0.913157002467414));
#12891=DIRECTION('',(0.,-0.913157002467414,-0.407608008808374));
#12892=DIRECTION('',(0.,-0.913157002467414,-0.407608008808374));
#12893=DIRECTION('',(1.,0.,0.));
#12894=DIRECTION('',(0.,-0.913157002467414,-0.407608008808374));
#12895=DIRECTION('',(0.,-0.512599192975526,0.858628014544622));
#12896=DIRECTION('',(0.,-0.858628014544622,-0.512599192975526));
#12897=DIRECTION('',(0.,-0.858628014544622,-0.512599192975526));
#12898=DIRECTION('',(1.,0.,0.));
#12899=DIRECTION('',(0.,-0.858628014544622,-0.512599192975526));
#12900=DIRECTION('',(0.,-0.700103852274694,0.714041032455512));
#12901=DIRECTION('',(0.,-0.714041032455512,-0.700103852274694));
#12902=DIRECTION('',(0.,-0.714041032455512,-0.700103852274694));
#12903=DIRECTION('',(1.,0.,0.));
#12904=DIRECTION('',(0.,-0.714041032455512,-0.700103852274694));
#12905=DIRECTION('',(0.,-0.846124521976397,0.53298526556577));
#12906=DIRECTION('',(0.,-0.53298526556577,-0.846124521976397));
#12907=DIRECTION('',(0.,-0.53298526556577,-0.846124521976397));
#12908=DIRECTION('',(1.,0.,0.));
#12909=DIRECTION('',(0.,-0.53298526556577,-0.846124521976397));
#12910=DIRECTION('',(0.,0.390642305296521,-0.920542551603466));
#12911=DIRECTION('',(0.,0.920542551603466,0.390642305296521));
#12912=DIRECTION('',(1.,0.,0.));
#12913=DIRECTION('',(0.,0.920542551603466,0.390642305296521));
#12914=DIRECTION('',(1.,0.,0.));
#12915=DIRECTION('',(0.,0.6258964162364,-0.77990619701502));
#12916=DIRECTION('',(0.,0.77990619701502,0.6258964162364));
#12917=DIRECTION('',(1.,0.,0.));
#12918=DIRECTION('',(0.,0.77990619701502,0.6258964162364));
#12919=DIRECTION('',(0.,0.811454074139679,-0.584416192077287));
#12920=DIRECTION('',(0.,0.584416192077287,0.811454074139679));
#12921=DIRECTION('',(1.,0.,0.));
#12922=DIRECTION('',(0.,0.584416192077287,0.811454074139679));
#12923=DIRECTION('',(0.,0.939210609559442,-0.343341565923763));
#12924=DIRECTION('',(0.,0.343341565923763,0.939210609559442));
#12925=DIRECTION('',(1.,0.,0.));
#12926=DIRECTION('',(0.,0.343341565923763,0.939210609559442));
#12927=DIRECTION('',(0.,0.978002700433274,-0.208592228870647));
#12928=DIRECTION('',(0.,0.208592228870647,0.978002700433274));
#12929=DIRECTION('',(1.,0.,0.));
#12930=DIRECTION('',(0.,0.208592228870647,0.978002700433274));
#12931=DIRECTION('',(0.,0.407150827163713,-0.913360938479364));
#12932=DIRECTION('',(0.,0.913360938479364,0.407150827163713));
#12933=DIRECTION('',(1.,0.,0.));
#12934=DIRECTION('',(0.,0.913360938479364,0.407150827163713));
#12935=DIRECTION('',(0.,0.526910015698224,-0.849921075957584));
#12936=DIRECTION('',(0.,0.849921075957584,0.526910015698224));
#12937=DIRECTION('',(1.,0.,0.));
#12938=DIRECTION('',(0.,0.849921075957584,0.526910015698224));
#12939=DIRECTION('',(0.,0.739540945481131,-0.673111573185959));
#12940=DIRECTION('',(0.,0.673111573185958,0.73954094548113));
#12941=DIRECTION('',(1.,0.,0.));
#12942=DIRECTION('',(0.,0.673111573185958,0.739540945481131));
#12943=DIRECTION('',(0.,0.894177538225556,-0.447712553021338));
#12944=DIRECTION('',(0.,0.447712553021338,0.894177538225556));
#12945=DIRECTION('',(1.,0.,0.));
#12946=DIRECTION('',(0.,0.447712553021338,0.894177538225556));
#12947=DIRECTION('',(0.,0.982030930797405,-0.188720033269346));
#12948=DIRECTION('',(0.,0.188720033269346,0.982030930797405));
#12949=DIRECTION('',(1.,0.,0.));
#12950=DIRECTION('',(0.,0.188720033269346,0.982030930797405));
#12951=DIRECTION('',(0.,0.996469967513471,0.0839500080029831));
#12952=DIRECTION('',(0.,-0.0839500080029831,0.996469967513472));
#12953=DIRECTION('',(1.,0.,0.));
#12954=DIRECTION('',(0.,-0.0839500080029832,0.996469967513472));
#12955=DIRECTION('',(0.,0.936638790553721,0.350296697144095));
#12956=DIRECTION('',(0.,-0.350296697144095,0.936638790553721));
#12957=DIRECTION('',(1.,0.,0.));
#12958=DIRECTION('',(0.,-0.350296697144095,0.936638790553721));
#12959=DIRECTION('',(0.,0.807393444398992,0.590013411662423));
#12960=DIRECTION('',(0.,-0.590013411662423,0.807393444398992));
#12961=DIRECTION('',(1.,0.,0.));
#12962=DIRECTION('',(0.,-0.590013411662423,0.807393444398992));
#12963=DIRECTION('',(0.,0.615300639940054,0.788292536111665));
#12964=DIRECTION('',(0.,-0.788292536111665,0.615300639940054));
#12965=DIRECTION('',(1.,0.,0.));
#12966=DIRECTION('',(0.,-0.788292536111665,0.615300639940054));
#12967=DIRECTION('',(0.,0.500378304502089,0.865806879381086));
#12968=DIRECTION('',(0.,-0.865806879381087,0.500378304502089));
#12969=DIRECTION('',(1.,0.,0.));
#12970=DIRECTION('',(0.,-0.865806879381087,0.500378304502089));
#12971=DIRECTION('',(0.,0.994441449288424,0.105291043955027));
#12972=DIRECTION('',(0.,-0.105291043955027,0.994441449288424));
#12973=DIRECTION('',(1.,0.,0.));
#12974=DIRECTION('',(0.,-0.105291043955027,0.994441449288424));
#12975=DIRECTION('',(0.,0.970319206890387,0.241827700521694));
#12976=DIRECTION('',(0.,-0.241827700521694,0.970319206890387));
#12977=DIRECTION('',(1.,0.,0.));
#12978=DIRECTION('',(0.,-0.241827700521694,0.970319206890387));
#12979=DIRECTION('',(0.,0.868701793001229,0.495335436685535));
#12980=DIRECTION('',(0.,-0.495335436685535,0.868701793001229));
#12981=DIRECTION('',(1.,0.,0.));
#12982=DIRECTION('',(0.,-0.495335436685535,0.868701793001229));
#12983=DIRECTION('',(0.,0.703062856258608,0.711127710154434));
#12984=DIRECTION('',(0.,-0.711127710154434,0.703062856258607));
#12985=DIRECTION('',(1.,0.,0.));
#12986=DIRECTION('',(0.,-0.711127710154434,0.703062856258607));
#12987=DIRECTION('',(0.,0.483161147476785,0.87553144179345));
#12988=DIRECTION('',(0.,-0.87553144179345,0.483161147476785));
#12989=DIRECTION('',(1.,0.,0.));
#12990=DIRECTION('',(0.,-0.87553144179345,0.483161147476785));
#12991=DIRECTION('',(0.,0.226075659804586,0.974109745379812));
#12992=DIRECTION('',(0.,-0.974109745379812,0.226075659804586));
#12993=DIRECTION('',(1.,0.,0.));
#12994=DIRECTION('',(0.,-0.974109745379812,0.226075659804586));
#12995=DIRECTION('',(0.,-0.0456587327614218,0.998957096237181));
#12996=DIRECTION('',(0.,-0.998957096237181,-0.0456587327614218));
#12997=DIRECTION('',(1.,0.,0.));
#12998=DIRECTION('',(0.,-0.998957096237181,-0.0456587327614218));
#12999=DIRECTION('',(0.,-0.312139278799567,0.950036352267894));
#13000=DIRECTION('',(0.,-0.950036352267894,-0.312139278799567));
#13001=DIRECTION('',(1.,0.,0.));
#13002=DIRECTION('',(0.,-0.950036352267894,-0.312139278799566));
#13003=DIRECTION('',(0.,-0.560239441108773,0.828330712110887));
#13004=DIRECTION('',(0.,-0.828330712110887,-0.560239441108773));
#13005=DIRECTION('',(1.,0.,0.));
#13006=DIRECTION('',(0.,-0.828330712110887,-0.560239441108773));
#13007=DIRECTION('',(0.,-0.668621152272311,0.743603223993849));
#13008=DIRECTION('',(0.,-0.743603223993849,-0.668621152272311));
#13009=DIRECTION('',(1.,0.,0.));
#13010=DIRECTION('',(0.,-0.743603223993849,-0.668621152272311));
#13011=DIRECTION('',(0.,0.20724129137852,0.978289858450839));
#13012=DIRECTION('',(0.,-0.978289858450839,0.20724129137852));
#13013=DIRECTION('',(1.,0.,0.));
#13014=DIRECTION('',(0.,-0.978289858450839,0.20724129137852));
#13015=DIRECTION('',(0.,0.0710162321467605,0.997475159977268));
#13016=DIRECTION('',(0.,-0.997475159977269,0.0710162321467605));
#13017=DIRECTION('',(1.,0.,0.));
#13018=DIRECTION('',(0.,-0.997475159977269,0.0710162321467605));
#13019=DIRECTION('',(0.,-0.204697662741643,0.978825248380991));
#13020=DIRECTION('',(0.,-0.978825248380991,-0.204697662741643));
#13021=DIRECTION('',(1.,0.,0.));
#13022=DIRECTION('',(0.,-0.978825248380991,-0.204697662741643));
#13023=DIRECTION('',(0.,-0.459936925642586,0.887951589012851));
#13024=DIRECTION('',(0.,-0.887951589012851,-0.459936925642586));
#13025=DIRECTION('',(1.,0.,0.));
#13026=DIRECTION('',(0.,-0.887951589012851,-0.459936925642586));
#13027=DIRECTION('',(0.,-0.682842332849167,0.73056577285629));
#13028=DIRECTION('',(0.,-0.73056577285629,-0.682842332849167));
#13029=DIRECTION('',(1.,0.,0.));
#13030=DIRECTION('',(0.,-0.73056577285629,-0.682842332849167));
#13031=DIRECTION('',(0.,-0.856983175727595,0.515344386328062));
#13032=DIRECTION('',(0.,-0.515344386328062,-0.856983175727595));
#13033=DIRECTION('',(1.,0.,0.));
#13034=DIRECTION('',(0.,-0.515344386328062,-0.856983175727595));
#13035=DIRECTION('',(0.,-0.964911680567754,0.262574653582392));
#13036=DIRECTION('',(0.,-0.262574653582392,-0.964911680567754));
#13037=DIRECTION('',(1.,0.,0.));
#13038=DIRECTION('',(0.,-0.262574653582392,-0.964911680567754));
#13039=DIRECTION('',(0.,-0.99998454374195,-0.00555988104233289));
#13040=DIRECTION('',(0.,0.00555988104233289,-0.99998454374195));
#13041=DIRECTION('',(1.,0.,0.));
#13042=DIRECTION('',(0.,0.00555988104233289,-0.99998454374195));
#13043=DIRECTION('',(0.,-0.961204161910789,-0.275837921840668));
#13044=DIRECTION('',(0.,0.275837921840668,-0.961204161910789));
#13045=DIRECTION('',(1.,0.,0.));
#13046=DIRECTION('',(0.,0.275837921840668,-0.961204161910789));
#13047=DIRECTION('',(0.,-0.91360914972177,-0.406593558169169));
#13048=DIRECTION('',(0.,0.406593558169169,-0.91360914972177));
#13049=DIRECTION('',(1.,0.,0.));
#13050=DIRECTION('',(0.,0.406593558169169,-0.91360914972177));
#13051=DIRECTION('',(0.,-0.866025403784438,0.5));
#13052=DIRECTION('',(0.,-0.5,-0.866025403784438));
#13053=DIRECTION('',(1.,0.,0.));
#13054=DIRECTION('',(0.,-0.5,-0.866025403784438));
#13055=DIRECTION('',(0.,-0.928909093086192,0.370307840562131));
#13056=DIRECTION('',(0.,-0.370307840562131,-0.928909093086192));
#13057=DIRECTION('',(1.,0.,0.));
#13058=DIRECTION('',(0.,-0.370307840562131,-0.928909093086192));
#13059=DIRECTION('',(0.,-0.994157723907951,0.10793711129247));
#13060=DIRECTION('',(0.,-0.10793711129247,-0.994157723907951));
#13061=DIRECTION('',(1.,0.,0.));
#13062=DIRECTION('',(0.,-0.10793711129247,-0.994157723907951));
#13063=DIRECTION('',(0.,-0.986885521789622,-0.161421705114352));
#13064=DIRECTION('',(0.,0.161421705114352,-0.986885521789622));
#13065=DIRECTION('',(1.,0.,0.));
#13066=DIRECTION('',(0.,0.161421705114352,-0.986885521789622));
#13067=DIRECTION('',(0.,-0.905828047970053,-0.423645544660584));
#13068=DIRECTION('',(0.,0.423645544660584,-0.905828047970053));
#13069=DIRECTION('',(1.,0.,0.));
#13070=DIRECTION('',(0.,0.423645544660584,-0.905828047970053));
#13071=DIRECTION('',(0.,-0.754857180190336,-0.655889196065231));
#13072=DIRECTION('',(0.,0.655889196065231,-0.754857180190336));
#13073=DIRECTION('',(1.,0.,0.));
#13074=DIRECTION('',(0.,0.655889196065231,-0.754857180190336));
#13075=DIRECTION('',(0.,-0.548281589873259,-0.836293787018684));
#13076=DIRECTION('',(0.,0.836293787018684,-0.548281589873259));
#13077=DIRECTION('',(1.,0.,0.));
#13078=DIRECTION('',(0.,0.836293787018684,-0.548281589873259));
#13079=DIRECTION('',(0.,-0.303535801374457,-0.952820034048385));
#13080=DIRECTION('',(0.,0.952820034048385,-0.303535801374457));
#13081=DIRECTION('',(1.,0.,0.));
#13082=DIRECTION('',(0.,0.952820034048385,-0.303535801374457));
#13083=DIRECTION('',(0.,-0.0331942681230351,-0.999448918436443));
#13084=DIRECTION('',(0.,0.999448918436443,-0.0331942681230351));
#13085=DIRECTION('',(1.,0.,0.));
#13086=DIRECTION('',(0.,0.999448918436443,-0.0331942681230351));
#13087=DIRECTION('',(0.,0.104077509744058,-0.994569189129382));
#13088=DIRECTION('',(0.,0.994569189129382,0.104077509744058));
#13089=DIRECTION('',(1.,0.,0.));
#13090=DIRECTION('',(0.,0.994569189129382,0.104077509744058));
#13091=DIRECTION('',(0.,-0.743047468576579,-0.669238716335164));
#13092=DIRECTION('',(0.,0.669238716335164,-0.743047468576579));
#13093=DIRECTION('',(1.,0.,0.));
#13094=DIRECTION('',(0.,0.669238716335164,-0.743047468576579));
#13095=DIRECTION('',(0.,-0.641709464420455,-0.766947823044836));
#13096=DIRECTION('',(0.,0.766947823044836,-0.641709464420455));
#13097=DIRECTION('',(1.,0.,0.));
#13098=DIRECTION('',(0.,0.766947823044836,-0.641709464420455));
#13099=DIRECTION('',(0.,-0.410531746170708,-0.911846305791732));
#13100=DIRECTION('',(0.,0.911846305791732,-0.410531746170708));
#13101=DIRECTION('',(1.,0.,0.));
#13102=DIRECTION('',(0.,0.911846305791732,-0.410531746170708));
#13103=DIRECTION('',(0.,-0.152089098090879,-0.988366787302114));
#13104=DIRECTION('',(0.,0.988366787302114,-0.152089098090879));
#13105=DIRECTION('',(1.,0.,0.));
#13106=DIRECTION('',(0.,0.988366787302114,-0.152089098090879));
#13107=DIRECTION('',(0.,0.121965115622054,-0.992534387601406));
#13108=DIRECTION('',(0.,0.992534387601406,0.121965115622054));
#13109=DIRECTION('',(0.,0.992534387601406,0.121965115622054));
#13110=DIRECTION('',(0.,-0.946106927828209,0.32385441345683));
#13111=DIRECTION('',(0.,-0.32385441345683,-0.946106927828209));
#13112=DIRECTION('',(0.,-0.32385441345683,-0.946106927828209));
#13113=DIRECTION('',(0.,-0.32385441345683,-0.946106927828209));
#13114=DIRECTION('',(1.,0.,0.));
#13115=DIRECTION('',(0.,1.,0.));
#13116=DIRECTION('',(-1.,0.,0.));
#13117=DIRECTION('',(0.,0.,1.));
#13118=DIRECTION('',(0.,0.,-1.));
#13119=DIRECTION('',(-1.,0.,0.));
#13120=DIRECTION('',(0.,0.,-1.));
#13121=DIRECTION('',(1.,-1.97231193173103E-15,0.));
#13122=DIRECTION('',(0.,0.,-1.));
#13123=DIRECTION('',(1.,0.,0.));
#13124=DIRECTION('',(0.,0.,-1.));
#13125=DIRECTION('',(-1.,0.,0.));
#13126=DIRECTION('',(0.,0.,-1.));
#13127=DIRECTION('',(1.,0.,0.));
#13128=DIRECTION('',(0.,0.,-1.));
#13129=DIRECTION('',(1.,0.,0.));
#13130=DIRECTION('',(0.,0.,-1.));
#13131=DIRECTION('',(-1.,0.,0.));
#13132=DIRECTION('',(0.,0.,-1.));
#13133=DIRECTION('',(1.,-1.51898186394739E-15,0.));
#13134=DIRECTION('',(0.,0.,-1.));
#13135=DIRECTION('',(1.,0.,0.));
#13136=DIRECTION('',(1.,0.,0.));
#13137=DIRECTION('',(0.,-0.256702614620713,0.966490438466356));
#13138=DIRECTION('',(1.,0.,0.));
#13139=DIRECTION('',(0.,0.,-1.));
#13140=DIRECTION('',(1.,0.,0.));
#13141=DIRECTION('',(1.,0.,0.));
#13142=DIRECTION('',(0.,0.,-1.));
#13143=DIRECTION('',(1.,0.,0.));
#13144=DIRECTION('',(0.,1.,0.));
#13145=DIRECTION('',(0.,0.,1.));
#13146=DIRECTION('',(0.,0.,1.));
#13147=DIRECTION('',(1.,0.,0.));
#13148=DIRECTION('',(0.,0.,1.));
#13149=DIRECTION('',(1.,0.,0.));
#13150=DIRECTION('',(1.,0.,0.));
#13151=DIRECTION('',(0.,-0.93518602235346,-0.354156891214492));
#13152=DIRECTION('',(1.,0.,0.));
#13153=DIRECTION('',(0.,0.,-1.));
#13154=DIRECTION('',(1.,0.,0.));
#13155=DIRECTION('',(1.,0.,0.));
#13156=DIRECTION('',(0.,0.,-1.));
#13157=DIRECTION('',(1.,0.,0.));
#13158=DIRECTION('',(0.,-0.975240739041348,0.22114588152187));
#13159=DIRECTION('',(1.,0.,0.));
#13160=DIRECTION('',(0.,0.,-1.));
#13161=DIRECTION('',(1.,0.,0.));
#13162=DIRECTION('',(1.,0.,0.));
#13163=DIRECTION('',(0.,0.,-1.));
#13164=DIRECTION('',(1.,0.,0.));
#13165=DIRECTION('',(0.,0.0529025836553827,0.998599677870259));
#13166=DIRECTION('',(1.,0.,0.));
#13167=DIRECTION('',(1.,0.,0.));
#13168=DIRECTION('',(0.,0.,-1.));
#13169=DIRECTION('',(1.,0.,0.));
#13170=DIRECTION('',(1.,0.,0.));
#13171=DIRECTION('',(0.,-0.239127269912634,0.970988233082219));
#13172=DIRECTION('',(1.,0.,0.));
#13173=DIRECTION('',(1.,0.,0.));
#13174=DIRECTION('',(0.,0.,-1.));
#13175=DIRECTION('',(1.,0.,0.));
#13176=DIRECTION('',(0.,-0.702647379815129,0.711538234839797));
#13177=DIRECTION('',(1.,0.,0.));
#13178=DIRECTION('',(1.,0.,0.));
#13179=DIRECTION('',(0.,0.,-1.));
#13180=DIRECTION('',(1.,0.,0.));
#13181=DIRECTION('',(0.,-0.969624877445345,0.244596805046795));
#13182=DIRECTION('',(1.,0.,0.));
#13183=DIRECTION('',(1.,0.,0.));
#13184=DIRECTION('',(0.,0.,-1.));
#13185=DIRECTION('',(1.,0.,0.));
#13186=DIRECTION('',(0.,-0.970160956102737,-0.242461789265493));
#13187=DIRECTION('',(1.,0.,0.));
#13188=DIRECTION('',(1.,0.,0.));
#13189=DIRECTION('',(0.,0.,-1.));
#13190=DIRECTION('',(1.,0.,0.));
#13191=DIRECTION('',(0.,-0.697173744810828,-0.716902203613886));
#13192=DIRECTION('',(1.,0.,0.));
#13193=DIRECTION('',(1.,0.,0.));
#13194=DIRECTION('',(0.,0.,-1.));
#13195=DIRECTION('',(1.,0.,0.));
#13196=DIRECTION('',(0.,-0.229027851489625,-0.973419869964676));
#13197=DIRECTION('',(1.,0.,0.));
#13198=DIRECTION('',(1.,0.,0.));
#13199=DIRECTION('',(0.,0.,-1.));
#13200=DIRECTION('',(1.,0.,0.));
#13201=DIRECTION('',(0.,0.234116634850466,-0.972208517390325));
#13202=DIRECTION('',(1.,0.,0.));
#13203=DIRECTION('',(1.,0.,0.));
#13204=DIRECTION('',(0.,0.,-1.));
#13205=DIRECTION('',(1.,0.,0.));
#13206=DIRECTION('',(0.,0.697357944931283,-0.716723026448305));
#13207=DIRECTION('',(1.,0.,0.));
#13208=DIRECTION('',(1.,0.,0.));
#13209=DIRECTION('',(0.,0.,-1.));
#13210=DIRECTION('',(1.,0.,0.));
#13211=DIRECTION('',(0.,0.968866901196188,-0.247582163667935));
#13212=DIRECTION('',(1.,0.,0.));
#13213=DIRECTION('',(1.,0.,0.));
#13214=DIRECTION('',(0.,0.,-1.));
#13215=DIRECTION('',(1.,0.,0.));
#13216=DIRECTION('',(1.,0.,0.));
#13217=DIRECTION('',(0.,0.563964219975726,0.825799224138151));
#13218=DIRECTION('',(1.,0.,0.));
#13219=DIRECTION('',(1.,0.,0.));
#13220=DIRECTION('',(0.,0.,-1.));
#13221=DIRECTION('',(0.,1.,0.));
#13222=DIRECTION('',(0.,0.,1.));
#13223=DIRECTION('',(1.,0.,0.));
#13224=DIRECTION('',(0.,0.,1.));
#13225=DIRECTION('',(1.,0.,0.));
#13226=DIRECTION('',(0.,0.602486502074088,0.79812907152824));
#13227=DIRECTION('',(1.,0.,0.));
#13228=DIRECTION('',(1.,0.,0.));
#13229=DIRECTION('',(0.,0.,-1.));
#13230=DIRECTION('',(1.,0.,0.));
#13231=DIRECTION('',(0.,0.960101476282586,0.27965184648058));
#13232=DIRECTION('',(1.,0.,0.));
#13233=DIRECTION('',(1.,0.,0.));
#13234=DIRECTION('',(0.,0.,-1.));
#13235=DIRECTION('',(1.,0.,0.));
#13236=DIRECTION('',(0.,0.935978406018719,-0.352057415014452));
#13237=DIRECTION('',(1.,0.,0.));
#13238=DIRECTION('',(1.,0.,0.));
#13239=DIRECTION('',(0.,0.,-1.));
#13240=DIRECTION('',(1.,0.,0.));
#13241=DIRECTION('',(0.,-1.,0.));
#13242=DIRECTION('',(0.,0.,-1.));
#13243=DIRECTION('',(0.,0.,-1.));
#13244=DIRECTION('',(1.,0.,0.));
#13245=DIRECTION('',(0.,-0.738593910446934,0.674150602944703));
#13246=DIRECTION('',(1.,0.,0.));
#13247=DIRECTION('',(0.,0.,-1.));
#13248=DIRECTION('',(1.,0.,0.));
#13249=DIRECTION('',(0.,0.,-1.));
#13250=DIRECTION('',(1.,0.,0.));
#13251=DIRECTION('',(0.,1.,0.));
#13252=DIRECTION('',(1.,0.,0.));
#13253=DIRECTION('',(0.,-0.232595420789515,0.972573580881029));
#13254=DIRECTION('',(1.,0.,0.));
#13255=DIRECTION('',(0.,0.,-1.));
#13256=DIRECTION('',(1.,0.,0.));
#13257=DIRECTION('',(1.,0.,0.));
#13258=DIRECTION('',(0.,0.,-1.));
#13259=DIRECTION('',(1.,0.,0.));
#13260=DIRECTION('',(1.,0.,0.));
#13261=DIRECTION('',(0.,0.231281909508739,0.972886775701053));
#13262=DIRECTION('',(1.,0.,0.));
#13263=DIRECTION('',(0.,0.,-1.));
#13264=DIRECTION('',(1.,0.,0.));
#13265=DIRECTION('',(1.,0.,0.));
#13266=DIRECTION('',(0.,0.,-1.));
#13267=DIRECTION('',(1.,0.,0.));
#13268=DIRECTION('',(0.,0.691558059298373,0.722320877878709));
#13269=DIRECTION('',(1.,0.,0.));
#13270=DIRECTION('',(0.,0.,-1.));
#13271=DIRECTION('',(1.,0.,0.));
#13272=DIRECTION('',(1.,0.,0.));
#13273=DIRECTION('',(0.,0.,-1.));
#13274=DIRECTION('',(1.,0.,0.));
#13275=DIRECTION('',(0.,0.966846098816845,0.255359787755723));
#13276=DIRECTION('',(1.,0.,0.));
#13277=DIRECTION('',(0.,0.,-1.));
#13278=DIRECTION('',(1.,0.,0.));
#13279=DIRECTION('',(1.,0.,0.));
#13280=DIRECTION('',(0.,0.,-1.));
#13281=DIRECTION('',(1.,0.,0.));
#13282=DIRECTION('',(0.,0.966355521042226,-0.257210044421299));
#13283=DIRECTION('',(1.,0.,0.));
#13284=DIRECTION('',(0.,0.,-1.));
#13285=DIRECTION('',(1.,0.,0.));
#13286=DIRECTION('',(1.,0.,0.));
#13287=DIRECTION('',(0.,0.,-1.));
#13288=DIRECTION('',(1.,0.,0.));
#13289=DIRECTION('',(0.,0.689308246783532,-0.724468177987283));
#13290=DIRECTION('',(1.,0.,0.));
#13291=DIRECTION('',(0.,0.,-1.));
#13292=DIRECTION('',(1.,0.,0.));
#13293=DIRECTION('',(1.,0.,0.));
#13294=DIRECTION('',(0.,0.,-1.));
#13295=DIRECTION('',(1.,0.,0.));
#13296=DIRECTION('',(0.,0.230071472308549,-0.973173734556054));
#13297=DIRECTION('',(1.,0.,0.));
#13298=DIRECTION('',(0.,0.,-1.));
#13299=DIRECTION('',(1.,0.,0.));
#13300=DIRECTION('',(1.,0.,0.));
#13301=DIRECTION('',(0.,0.,-1.));
#13302=DIRECTION('',(1.,0.,0.));
#13303=DIRECTION('',(0.,-0.232595420789514,-0.97257358088103));
#13304=DIRECTION('',(1.,0.,0.));
#13305=DIRECTION('',(0.,0.,-1.));
#13306=DIRECTION('',(1.,0.,0.));
#13307=DIRECTION('',(1.,0.,0.));
#13308=DIRECTION('',(0.,0.,-1.));
#13309=DIRECTION('',(1.,0.,0.));
#13310=DIRECTION('',(0.,-0.694456618913183,-0.71953457487995));
#13311=DIRECTION('',(1.,0.,0.));
#13312=DIRECTION('',(0.,0.,-1.));
#13313=DIRECTION('',(1.,0.,0.));
#13314=DIRECTION('',(1.,0.,0.));
#13315=DIRECTION('',(0.,0.,-1.));
#13316=DIRECTION('',(1.,0.,0.));
#13317=DIRECTION('',(0.,-0.967703620871415,-0.252090662564786));
#13318=DIRECTION('',(1.,0.,0.));
#13319=DIRECTION('',(0.,0.,-1.));
#13320=DIRECTION('',(1.,0.,0.));
#13321=DIRECTION('',(1.,0.,0.));
#13322=DIRECTION('',(0.,0.,-1.));
#13323=DIRECTION('',(1.,0.,0.));
#13324=DIRECTION('',(0.,-0.967037355080795,0.254634549655659));
#13325=DIRECTION('',(1.,0.,0.));
#13326=DIRECTION('',(0.,0.,-1.));
#13327=DIRECTION('',(1.,0.,0.));
#13328=DIRECTION('',(1.,0.,0.));
#13329=DIRECTION('',(0.,0.,-1.));
#13330=DIRECTION('',(1.,0.,0.));
#13331=DIRECTION('',(0.,-0.230865005304516,-0.972985790916674));
#13332=DIRECTION('',(1.,0.,0.));
#13333=DIRECTION('',(1.,0.,0.));
#13334=DIRECTION('',(0.,0.,-1.));
#13335=DIRECTION('',(1.,0.,0.));
#13336=DIRECTION('',(1.,0.,0.));
#13337=DIRECTION('',(0.,0.228906367093181,-0.973448445016069));
#13338=DIRECTION('',(1.,0.,0.));
#13339=DIRECTION('',(1.,0.,0.));
#13340=DIRECTION('',(0.,0.,-1.));
#13341=DIRECTION('',(1.,0.,0.));
#13342=DIRECTION('',(0.,0.6812282127999,-0.732071118188291));
#13343=DIRECTION('',(1.,0.,0.));
#13344=DIRECTION('',(1.,0.,0.));
#13345=DIRECTION('',(0.,0.,-1.));
#13346=DIRECTION('',(1.,0.,0.));
#13347=DIRECTION('',(0.,0.964375821536038,-0.264535961329818));
#13348=DIRECTION('',(1.,0.,0.));
#13349=DIRECTION('',(1.,0.,0.));
#13350=DIRECTION('',(0.,0.,-1.));
#13351=DIRECTION('',(1.,0.,0.));
#13352=DIRECTION('',(0.,0.967433309311768,0.253126039818272));
#13353=DIRECTION('',(1.,0.,0.));
#13354=DIRECTION('',(1.,0.,0.));
#13355=DIRECTION('',(0.,0.,-1.));
#13356=DIRECTION('',(1.,0.,0.));
#13357=DIRECTION('',(0.,0.701751941760897,0.712421372668459));
#13358=DIRECTION('',(1.,0.,0.));
#13359=DIRECTION('',(1.,0.,0.));
#13360=DIRECTION('',(0.,0.,-1.));
#13361=DIRECTION('',(0.,0.,1.));
#13362=DIRECTION('',(1.,0.,0.));
#13363=DIRECTION('',(1.,0.,0.));
#13364=DIRECTION('',(0.,-1.,0.));
#13365=DIRECTION('',(0.,-1.,0.));
#13366=DIRECTION('',(0.,0.,-1.));
#13367=DIRECTION('',(1.,0.,0.));
#13368=DIRECTION('',(0.,0.,-1.));
#13369=DIRECTION('',(0.,0.,-1.));
#13370=DIRECTION('',(-1.,0.,0.));
#13371=DIRECTION('',(1.,0.,0.));
#13372=DIRECTION('',(0.,1.,0.));
#13373=DIRECTION('',(0.,1.,0.));
#13374=DIRECTION('',(0.,0.,1.));
#13375=DIRECTION('',(1.,0.,0.));
#13376=DIRECTION('',(0.,0.,1.));
#13377=DIRECTION('',(0.,0.,1.));
#13378=DIRECTION('',(1.,0.,0.));
#13379=DIRECTION('',(1.,0.,0.));
#13380=DIRECTION('',(0.,-1.,0.));
#13381=DIRECTION('',(1.,0.,0.));
#13382=DIRECTION('',(0.,-0.731769367939995,0.681552339989161));
#13383=DIRECTION('',(1.,0.,0.));
#13384=DIRECTION('',(1.,0.,0.));
#13385=DIRECTION('',(0.,0.,-1.));
#13386=DIRECTION('',(1.,0.,0.));
#13387=DIRECTION('',(0.,-0.970270200481404,0.242024250970383));
#13388=DIRECTION('',(1.,0.,0.));
#13389=DIRECTION('',(1.,0.,0.));
#13390=DIRECTION('',(0.,0.,-1.));
#13391=DIRECTION('',(1.,0.,0.));
#13392=DIRECTION('',(0.,-0.966507017174238,-0.256640187330349));
#13393=DIRECTION('',(1.,0.,0.));
#13394=DIRECTION('',(1.,0.,0.));
#13395=DIRECTION('',(0.,0.,-1.));
#13396=DIRECTION('',(1.,0.,0.));
#13397=DIRECTION('',(0.,-0.689966007338215,-0.723841770498058));
#13398=DIRECTION('',(1.,0.,0.));
#13399=DIRECTION('',(0.,0.,-1.));
#13400=DIRECTION('',(1.,0.,0.));
#13401=DIRECTION('',(0.,-0.694076460495514,0.719901289751601));
#13402=DIRECTION('',(1.,0.,0.));
#13403=DIRECTION('',(0.,0.,-1.));
#13404=DIRECTION('',(1.,0.,0.));
#13405=DIRECTION('',(0.,0.,-1.));
#13406=DIRECTION('',(1.,0.,0.));
#13407=DIRECTION('',(0.,1.,0.));
#13408=DIRECTION('',(1.,0.,0.));
#13409=DIRECTION('',(0.,0.969980026450217,0.243184597143067));
#13410=DIRECTION('',(1.,0.,0.));
#13411=DIRECTION('',(0.,0.,-1.));
#13412=DIRECTION('',(1.,0.,0.));
#13413=DIRECTION('',(1.,0.,0.));
#13414=DIRECTION('',(0.,0.,-1.));
#13415=DIRECTION('',(1.,0.,0.));
#13416=DIRECTION('',(1.,0.,0.));
#13417=DIRECTION('',(0.,0.969612365654981,-0.24464639864292));
#13418=DIRECTION('',(1.,0.,0.));
#13419=DIRECTION('',(0.,0.,-1.));
#13420=DIRECTION('',(1.,0.,0.));
#13421=DIRECTION('',(1.,0.,0.));
#13422=DIRECTION('',(0.,0.,-1.));
#13423=DIRECTION('',(1.,0.,0.));
#13424=DIRECTION('',(0.,0.695365914855357,-0.718655859544311));
#13425=DIRECTION('',(1.,0.,0.));
#13426=DIRECTION('',(0.,0.,-1.));
#13427=DIRECTION('',(1.,0.,0.));
#13428=DIRECTION('',(1.,0.,0.));
#13429=DIRECTION('',(0.,0.,-1.));
#13430=DIRECTION('',(1.,0.,0.));
#13431=DIRECTION('',(1.,0.,0.));
#13432=DIRECTION('',(0.,-0.227610308094518,-0.973752303026349));
#13433=DIRECTION('',(1.,0.,0.));
#13434=DIRECTION('',(0.,0.,-1.));
#13435=DIRECTION('',(1.,0.,0.));
#13436=DIRECTION('',(1.,0.,0.));
#13437=DIRECTION('',(0.,0.,-1.));
#13438=DIRECTION('',(1.,0.,0.));
#13439=DIRECTION('',(0.,-0.700628170734471,-0.713526570194319));
#13440=DIRECTION('',(1.,0.,0.));
#13441=DIRECTION('',(0.,0.,-1.));
#13442=DIRECTION('',(1.,0.,0.));
#13443=DIRECTION('',(1.,0.,0.));
#13444=DIRECTION('',(0.,0.,-1.));
#13445=DIRECTION('',(1.,0.,0.));
#13446=DIRECTION('',(0.,-0.970517637450755,-0.241030113050228));
#13447=DIRECTION('',(1.,0.,0.));
#13448=DIRECTION('',(0.,0.,-1.));
#13449=DIRECTION('',(1.,0.,0.));
#13450=DIRECTION('',(1.,0.,0.));
#13451=DIRECTION('',(0.,0.,-1.));
#13452=DIRECTION('',(1.,0.,0.));
#13453=DIRECTION('',(0.,-0.97046189919042,0.241254434611516));
#13454=DIRECTION('',(1.,0.,0.));
#13455=DIRECTION('',(0.,0.,-1.));
#13456=DIRECTION('',(1.,0.,0.));
#13457=DIRECTION('',(1.,0.,0.));
#13458=DIRECTION('',(0.,0.,-1.));
#13459=DIRECTION('',(1.,0.,0.));
#13460=DIRECTION('',(0.,-0.708382210340765,0.70582904734272));
#13461=DIRECTION('',(1.,0.,0.));
#13462=DIRECTION('',(0.,0.,-1.));
#13463=DIRECTION('',(1.,0.,0.));
#13464=DIRECTION('',(1.,0.,0.));
#13465=DIRECTION('',(0.,0.,-1.));
#13466=DIRECTION('',(1.,0.,0.));
#13467=DIRECTION('',(0.,-0.235983330184763,0.971757103331336));
#13468=DIRECTION('',(1.,0.,0.));
#13469=DIRECTION('',(0.,0.,-1.));
#13470=DIRECTION('',(1.,0.,0.));
#13471=DIRECTION('',(1.,0.,0.));
#13472=DIRECTION('',(0.,0.,-1.));
#13473=DIRECTION('',(1.,0.,0.));
#13474=DIRECTION('',(0.,0.240453798922356,0.970660584645224));
#13475=DIRECTION('',(1.,0.,0.));
#13476=DIRECTION('',(0.,0.,-1.));
#13477=DIRECTION('',(1.,0.,0.));
#13478=DIRECTION('',(1.,0.,0.));
#13479=DIRECTION('',(0.,0.,-1.));
#13480=DIRECTION('',(1.,0.,0.));
#13481=DIRECTION('',(0.,0.969103169602653,-0.246655724981385));
#13482=DIRECTION('',(1.,0.,0.));
#13483=DIRECTION('',(1.,0.,0.));
#13484=DIRECTION('',(0.,0.,-1.));
#13485=DIRECTION('',(1.,0.,0.));
#13486=DIRECTION('',(1.,0.,0.));
#13487=DIRECTION('',(0.,0.970252314551698,0.242095944012022));
#13488=DIRECTION('',(1.,0.,0.));
#13489=DIRECTION('',(1.,0.,0.));
#13490=DIRECTION('',(0.,0.,-1.));
#13491=DIRECTION('',(1.,0.,0.));
#13492=DIRECTION('',(0.,0.714731632199159,0.699398808930875));
#13493=DIRECTION('',(1.,0.,0.));
#13494=DIRECTION('',(1.,0.,0.));
#13495=DIRECTION('',(0.,0.,-1.));
#13496=DIRECTION('',(1.,0.,0.));
#13497=DIRECTION('',(0.,0.249125730949136,0.968471150927615));
#13498=DIRECTION('',(1.,0.,0.));
#13499=DIRECTION('',(1.,0.,0.));
#13500=DIRECTION('',(0.,0.,-1.));
#13501=DIRECTION('',(1.,0.,0.));
#13502=DIRECTION('',(0.,-0.244214201560711,0.969721312417163));
#13503=DIRECTION('',(1.,0.,0.));
#13504=DIRECTION('',(1.,0.,0.));
#13505=DIRECTION('',(0.,0.,-1.));
#13506=DIRECTION('',(1.,0.,0.));
#13507=DIRECTION('',(0.,-0.711571558037201,0.702613633366525));
#13508=DIRECTION('',(1.,0.,0.));
#13509=DIRECTION('',(1.,0.,0.));
#13510=DIRECTION('',(0.,0.,-1.));
#13511=DIRECTION('',(1.,0.,0.));
#13512=DIRECTION('',(0.,-0.970440999147984,0.24133849086431));
#13513=DIRECTION('',(1.,0.,0.));
#13514=DIRECTION('',(1.,0.,0.));
#13515=DIRECTION('',(0.,0.,-1.));
#13516=DIRECTION('',(1.,0.,0.));
#13517=DIRECTION('',(0.,-0.970440999148158,-0.241338490863609));
#13518=DIRECTION('',(1.,0.,0.));
#13519=DIRECTION('',(1.,0.,0.));
#13520=DIRECTION('',(0.,0.,-1.));
#13521=DIRECTION('',(1.,0.,0.));
#13522=DIRECTION('',(0.,-0.710101343948053,-0.704099482547154));
#13523=DIRECTION('',(1.,0.,0.));
#13524=DIRECTION('',(1.,0.,0.));
#13525=DIRECTION('',(0.,0.,-1.));
#13526=DIRECTION('',(1.,0.,0.));
#13527=DIRECTION('',(0.,-0.24415663128929,-0.969735809072484));
#13528=DIRECTION('',(1.,0.,0.));
#13529=DIRECTION('',(1.,0.,0.));
#13530=DIRECTION('',(0.,0.,-1.));
#13531=DIRECTION('',(1.,0.,0.));
#13532=DIRECTION('',(0.,0.237425647295584,-0.971405714419198));
#13533=DIRECTION('',(1.,0.,0.));
#13534=DIRECTION('',(1.,0.,0.));
#13535=DIRECTION('',(0.,0.,-1.));
#13536=DIRECTION('',(1.,0.,0.));
#13537=DIRECTION('',(0.,0.702776811895132,-0.711410396791131));
#13538=DIRECTION('',(1.,0.,0.));
#13539=DIRECTION('',(0.,0.,-1.));
#13540=DIRECTION('',(1.,0.,0.));
#13541=DIRECTION('',(0.,0.712499776019562,0.701672337471041));
#13542=DIRECTION('',(1.,0.,0.));
#13543=DIRECTION('',(0.,0.,-1.));
#13544=DIRECTION('',(1.,0.,0.));
#13545=DIRECTION('',(0.,0.,-1.));
#13546=DIRECTION('',(1.,0.,0.));
#13547=DIRECTION('',(0.,1.,0.));
#13548=DIRECTION('',(1.,0.,0.));
#13549=DIRECTION('',(0.,-0.229974528810702,-0.973196648215712));
#13550=DIRECTION('',(1.,0.,0.));
#13551=DIRECTION('',(1.,0.,0.));
#13552=DIRECTION('',(0.,0.,-1.));
#13553=DIRECTION('',(1.,0.,0.));
#13554=DIRECTION('',(1.,0.,0.));
#13555=DIRECTION('',(0.,0.227995768045175,-0.973662122994158));
#13556=DIRECTION('',(1.,0.,0.));
#13557=DIRECTION('',(1.,0.,0.));
#13558=DIRECTION('',(0.,0.,-1.));
#13559=DIRECTION('',(1.,0.,0.));
#13560=DIRECTION('',(0.,0.691686431150382,-0.722197951369601));
#13561=DIRECTION('',(1.,0.,0.));
#13562=DIRECTION('',(1.,0.,0.));
#13563=DIRECTION('',(0.,0.,-1.));
#13564=DIRECTION('',(1.,0.,0.));
#13565=DIRECTION('',(0.,0.968277622956845,-0.249876859434887));
#13566=DIRECTION('',(1.,0.,0.));
#13567=DIRECTION('',(1.,0.,0.));
#13568=DIRECTION('',(0.,0.,-1.));
#13569=DIRECTION('',(1.,0.,0.));
#13570=DIRECTION('',(1.,0.,0.));
#13571=DIRECTION('',(0.,0.549718552707508,0.835349934344382));
#13572=DIRECTION('',(1.,0.,0.));
#13573=DIRECTION('',(1.,0.,0.));
#13574=DIRECTION('',(0.,0.,-1.));
#13575=DIRECTION('',(0.,1.,0.));
#13576=DIRECTION('',(0.,0.,1.));
#13577=DIRECTION('',(1.,0.,0.));
#13578=DIRECTION('',(0.,0.,1.));
#13579=DIRECTION('',(1.,0.,0.));
#13580=DIRECTION('',(0.,0.572118621059035,0.820170886728801));
#13581=DIRECTION('',(1.,0.,0.));
#13582=DIRECTION('',(1.,0.,0.));
#13583=DIRECTION('',(0.,0.,-1.));
#13584=DIRECTION('',(1.,0.,0.));
#13585=DIRECTION('',(0.,0.959732178267289,0.280916617519017));
#13586=DIRECTION('',(1.,0.,0.));
#13587=DIRECTION('',(1.,0.,0.));
#13588=DIRECTION('',(0.,0.,-1.));
#13589=DIRECTION('',(1.,0.,0.));
#13590=DIRECTION('',(0.,0.916651444243954,-0.399687540167909));
#13591=DIRECTION('',(1.,0.,0.));
#13592=DIRECTION('',(1.,0.,0.));
#13593=DIRECTION('',(0.,0.,-1.));
#13594=DIRECTION('',(1.,0.,0.));
#13595=DIRECTION('',(1.,0.,0.));
#13596=DIRECTION('',(1.,0.,0.));
#13597=DIRECTION('',(0.,-0.917762206690442,-0.397130371503731));
#13598=DIRECTION('',(1.,0.,0.));
#13599=DIRECTION('',(1.,0.,0.));
#13600=DIRECTION('',(0.,0.,-1.));
#13601=DIRECTION('',(1.,0.,0.));
#13602=DIRECTION('',(0.,-0.957849151367387,0.28727165405723));
#13603=DIRECTION('',(1.,0.,0.));
#13604=DIRECTION('',(1.,0.,0.));
#13605=DIRECTION('',(0.,0.,-1.));
#13606=DIRECTION('',(1.,0.,0.));
#13607=DIRECTION('',(0.,-0.570362186190638,0.821393314170402));
#13608=DIRECTION('',(1.,0.,0.));
#13609=DIRECTION('',(1.,0.,0.));
#13610=DIRECTION('',(0.,0.,-1.));
#13611=DIRECTION('',(0.,-1.,0.));
#13612=DIRECTION('',(0.,0.,-1.));
#13613=DIRECTION('',(1.,0.,0.));
#13614=DIRECTION('',(0.,0.,-1.));
#13615=DIRECTION('',(1.,0.,0.));
#13616=DIRECTION('',(0.,-0.541489865229482,0.84070727715047));
#13617=DIRECTION('',(1.,0.,0.));
#13618=DIRECTION('',(1.,0.,0.));
#13619=DIRECTION('',(0.,0.,-1.));
#13620=DIRECTION('',(1.,0.,0.));
#13621=DIRECTION('',(1.,0.,0.));
#13622=DIRECTION('',(0.,-0.968277622956841,-0.249876859434902));
#13623=DIRECTION('',(1.,0.,0.));
#13624=DIRECTION('',(1.,0.,0.));
#13625=DIRECTION('',(0.,0.,-1.));
#13626=DIRECTION('',(1.,0.,0.));
#13627=DIRECTION('',(0.,-0.693430964740927,-0.720523071898789));
#13628=DIRECTION('',(1.,0.,0.));
#13629=DIRECTION('',(0.,0.,-1.));
#13630=DIRECTION('',(1.,0.,0.));
#13631=DIRECTION('',(0.,1.,0.));
#13632=DIRECTION('',(-1.,0.,0.));
#13633=DIRECTION('',(0.,0.,1.));
#13634=DIRECTION('',(-1.,0.,0.));
#13635=DIRECTION('',(0.,0.,1.));
#13636=DIRECTION('',(-1.,0.,0.));
#13637=DIRECTION('',(0.,0.,1.));
#13638=DIRECTION('',(0.,-0.298042513162901,-0.954552596951861));
#13639=DIRECTION('',(0.,0.954552596951861,-0.298042513162901));
#13640=DIRECTION('',(1.,0.,0.));
#13641=DIRECTION('',(0.,0.954552596951861,-0.298042513162901));
#13642=DIRECTION('',(1.,0.,0.));
#13643=DIRECTION('',(0.,1.,0.));
#13644=DIRECTION('',(0.,0.,1.));
#13645=DIRECTION('',(1.,0.,0.));
#13646=DIRECTION('',(0.,0.,1.));
#13647=DIRECTION('',(0.,0.259903039551793,0.965634718737753));
#13648=DIRECTION('',(0.,-0.965634718737753,0.259903039551793));
#13649=DIRECTION('',(1.,0.,0.));
#13650=DIRECTION('',(0.,-0.965634718737753,0.259903039551793));
#13651=DIRECTION('',(0.,0.277172215974925,-0.960820255142214));
#13652=DIRECTION('',(0.,0.960820255142214,0.277172215974925));
#13653=DIRECTION('',(1.,0.,0.));
#13654=DIRECTION('',(0.,0.960820255142214,0.277172215974925));
#13655=DIRECTION('',(0.,1.,0.));
#13656=DIRECTION('',(0.,0.,1.));
#13657=DIRECTION('',(1.,0.,0.));
#13658=DIRECTION('',(0.,0.,1.));
#13659=DIRECTION('',(0.,0.283700156009653,0.958913041667543));
#13660=DIRECTION('',(0.,-0.958913041667543,0.283700156009653));
#13661=DIRECTION('',(1.,0.,0.));
#13662=DIRECTION('',(0.,-0.958913041667543,0.283700156009653));
#13663=DIRECTION('',(0.,0.264059810951419,-0.964506306998716));
#13664=DIRECTION('',(0.,0.964506306998716,0.264059810951419));
#13665=DIRECTION('',(1.,0.,0.));
#13666=DIRECTION('',(0.,0.964506306998716,0.264059810951419));
#13667=DIRECTION('',(0.,1.,0.));
#13668=DIRECTION('',(0.,0.,1.));
#13669=DIRECTION('',(1.,0.,0.));
#13670=DIRECTION('',(0.,0.,1.));
#13671=DIRECTION('',(0.,-0.299529467245785,0.954087049619402));
#13672=DIRECTION('',(0.,-0.954087049619402,-0.299529467245785));
#13673=DIRECTION('',(1.,0.,0.));
#13674=DIRECTION('',(0.,-0.954087049619402,-0.299529467245785));
#13675=DIRECTION('',(0.,-1.,0.));
#13676=DIRECTION('',(0.,0.,-1.));
#13677=DIRECTION('',(1.,0.,0.));
#13678=DIRECTION('',(0.,0.,-1.));
#13679=DIRECTION('',(0.,-0.290436644769197,-0.956894223712951));
#13680=DIRECTION('',(0.,0.956894223712951,-0.290436644769197));
#13681=DIRECTION('',(1.,0.,0.));
#13682=DIRECTION('',(0.,0.956894223712951,-0.290436644769197));
#13683=DIRECTION('',(0.,-0.290436644769197,0.956894223712951));
#13684=DIRECTION('',(0.,-0.956894223712951,-0.290436644769197));
#13685=DIRECTION('',(1.,0.,0.));
#13686=DIRECTION('',(0.,-0.956894223712951,-0.290436644769197));
#13687=DIRECTION('',(0.,-1.,0.));
#13688=DIRECTION('',(0.,0.,-1.));
#13689=DIRECTION('',(0.,0.,-1.));
#13690=DIRECTION('',(1.,0.,0.));
#13691=DIRECTION('',(0.,1.,0.));
#13692=DIRECTION('',(1.,0.,0.));
#13693=DIRECTION('',(0.,-0.685749063750843,-0.727838046247132));
#13694=DIRECTION('',(1.,0.,0.));
#13695=DIRECTION('',(1.,0.,0.));
#13696=DIRECTION('',(0.,0.,-1.));
#13697=DIRECTION('',(1.,0.,0.));
#13698=DIRECTION('',(0.,0.,-1.));
#13699=DIRECTION('',(-1.,0.,0.));
#13700=DIRECTION('',(1.,0.,0.));
#13701=DIRECTION('',(0.,1.,0.));
#13702=DIRECTION('',(0.,1.,0.));
#13703=DIRECTION('',(0.,0.,1.));
#13704=DIRECTION('',(1.,0.,0.));
#13705=DIRECTION('',(0.,0.,1.));
#13706=DIRECTION('',(0.,0.,1.));
#13707=DIRECTION('',(1.,0.,0.));
#13708=DIRECTION('',(1.,0.,0.));
#13709=DIRECTION('',(0.,-1.,0.));
#13710=DIRECTION('',(0.,-1.,0.));
#13711=DIRECTION('',(0.,0.,-1.));
#13712=DIRECTION('',(1.,0.,0.));
#13713=DIRECTION('',(0.,0.,-1.));
#13714=DIRECTION('',(0.,0.,-1.));
#13715=DIRECTION('',(-1.,0.,0.));
#13716=DIRECTION('',(1.,0.,0.));
#13717=DIRECTION('',(0.,1.,0.));
#13718=DIRECTION('',(1.,0.,0.));
#13719=DIRECTION('',(0.,-1.,0.));
#13720=DIRECTION('',(0.,0.,-1.));
#13721=DIRECTION('',(1.,0.,0.));
#13722=DIRECTION('',(0.,0.,-1.));
#13723=DIRECTION('',(0.,0.,-1.));
#13724=DIRECTION('',(-1.,0.,0.));
#13725=DIRECTION('',(1.,0.,0.));
#13726=DIRECTION('',(0.,1.,0.));
#13727=DIRECTION('',(1.,0.,0.));
#13728=DIRECTION('',(0.,-0.970038954499645,-0.242949432502395));
#13729=DIRECTION('',(1.,0.,0.));
#13730=DIRECTION('',(0.,0.,-1.));
#13731=DIRECTION('',(1.,0.,0.));
#13732=DIRECTION('',(0.,1.,0.));
#13733=DIRECTION('',(1.,0.,0.));
#13734=DIRECTION('',(0.,-0.232595420789447,0.972573580881046));
#13735=DIRECTION('',(1.,0.,0.));
#13736=DIRECTION('',(0.,0.,-1.));
#13737=DIRECTION('',(1.,0.,0.));
#13738=DIRECTION('',(1.,0.,0.));
#13739=DIRECTION('',(0.,0.,-1.));
#13740=DIRECTION('',(1.,0.,0.));
#13741=DIRECTION('',(1.,0.,0.));
#13742=DIRECTION('',(0.,0.23007147230845,0.973173734556077));
#13743=DIRECTION('',(1.,0.,0.));
#13744=DIRECTION('',(0.,0.,-1.));
#13745=DIRECTION('',(1.,0.,0.));
#13746=DIRECTION('',(1.,0.,0.));
#13747=DIRECTION('',(0.,0.,-1.));
#13748=DIRECTION('',(1.,0.,0.));
#13749=DIRECTION('',(0.,0.691558059297719,0.722320877879335));
#13750=DIRECTION('',(1.,0.,0.));
#13751=DIRECTION('',(0.,0.,-1.));
#13752=DIRECTION('',(1.,0.,0.));
#13753=DIRECTION('',(1.,0.,0.));
#13754=DIRECTION('',(0.,0.,-1.));
#13755=DIRECTION('',(1.,0.,0.));
#13756=DIRECTION('',(0.,0.966777762183056,0.255618384605495));
#13757=DIRECTION('',(1.,0.,0.));
#13758=DIRECTION('',(0.,0.,-1.));
#13759=DIRECTION('',(1.,0.,0.));
#13760=DIRECTION('',(1.,0.,0.));
#13761=DIRECTION('',(0.,0.,-1.));
#13762=DIRECTION('',(1.,0.,0.));
#13763=DIRECTION('',(0.,0.966361884836497,-0.257186134026028));
#13764=DIRECTION('',(1.,0.,0.));
#13765=DIRECTION('',(0.,0.,-1.));
#13766=DIRECTION('',(1.,0.,0.));
#13767=DIRECTION('',(1.,0.,0.));
#13768=DIRECTION('',(0.,0.,-1.));
#13769=DIRECTION('',(1.,0.,0.));
#13770=DIRECTION('',(0.,0.694586002328872,-0.719409678395277));
#13771=DIRECTION('',(1.,0.,0.));
#13772=DIRECTION('',(0.,0.,-1.));
#13773=DIRECTION('',(1.,0.,0.));
#13774=DIRECTION('',(1.,0.,0.));
#13775=DIRECTION('',(0.,0.,-1.));
#13776=DIRECTION('',(1.,0.,0.));
#13777=DIRECTION('',(0.,0.235864826153027,-0.971785873422639));
#13778=DIRECTION('',(1.,0.,0.));
#13779=DIRECTION('',(0.,0.,-1.));
#13780=DIRECTION('',(1.,0.,0.));
#13781=DIRECTION('',(1.,0.,0.));
#13782=DIRECTION('',(0.,0.,-1.));
#13783=DIRECTION('',(1.,0.,0.));
#13784=DIRECTION('',(0.,-0.237099161547113,-0.971485454133852));
#13785=DIRECTION('',(1.,0.,0.));
#13786=DIRECTION('',(0.,0.,-1.));
#13787=DIRECTION('',(1.,0.,0.));
#13788=DIRECTION('',(1.,0.,0.));
#13789=DIRECTION('',(0.,0.,-1.));
#13790=DIRECTION('',(1.,0.,0.));
#13791=DIRECTION('',(0.,-0.69467122632012,-0.719327385355862));
#13792=DIRECTION('',(1.,0.,0.));
#13793=DIRECTION('',(0.,0.,-1.));
#13794=DIRECTION('',(1.,0.,0.));
#13795=DIRECTION('',(1.,0.,0.));
#13796=DIRECTION('',(0.,0.,-1.));
#13797=DIRECTION('',(1.,0.,0.));
#13798=DIRECTION('',(0.,-0.966555770843042,-0.25645651064072));
#13799=DIRECTION('',(1.,0.,0.));
#13800=DIRECTION('',(0.,0.,-1.));
#13801=DIRECTION('',(1.,0.,0.));
#13802=DIRECTION('',(1.,0.,0.));
#13803=DIRECTION('',(0.,0.,-1.));
#13804=DIRECTION('',(1.,0.,0.));
#13805=DIRECTION('',(0.,-0.968110906418089,0.250522000779063));
#13806=DIRECTION('',(1.,0.,0.));
#13807=DIRECTION('',(0.,0.,-1.));
#13808=DIRECTION('',(1.,0.,0.));
#13809=DIRECTION('',(1.,0.,0.));
#13810=DIRECTION('',(0.,0.,-1.));
#13811=DIRECTION('',(1.,0.,0.));
#13812=DIRECTION('',(0.,-0.711759355564835,-0.70242339067398));
#13813=DIRECTION('',(1.,0.,0.));
#13814=DIRECTION('',(1.,0.,0.));
#13815=DIRECTION('',(0.,0.,-1.));
#13816=DIRECTION('',(1.,0.,0.));
#13817=DIRECTION('',(0.,0.,-1.));
#13818=DIRECTION('',(-1.,0.,0.));
#13819=DIRECTION('',(1.,0.,0.));
#13820=DIRECTION('',(0.,1.,0.));
#13821=DIRECTION('',(0.,1.,0.));
#13822=DIRECTION('',(0.,0.,1.));
#13823=DIRECTION('',(1.,0.,0.));
#13824=DIRECTION('',(0.,0.,1.));
#13825=DIRECTION('',(0.,0.,1.));
#13826=DIRECTION('',(1.,0.,0.));
#13827=DIRECTION('',(1.,0.,0.));
#13828=DIRECTION('',(0.,-1.,0.));
#13829=DIRECTION('',(0.,-1.,0.));
#13830=DIRECTION('',(0.,0.,-1.));
#13831=DIRECTION('',(1.,0.,0.));
#13832=DIRECTION('',(0.,0.,-1.));
#13833=DIRECTION('',(0.,0.,-1.));
#13834=DIRECTION('',(-1.,0.,0.));
#13835=DIRECTION('',(1.,0.,0.));
#13836=DIRECTION('',(0.,1.,0.));
#13837=DIRECTION('',(1.,0.,0.));
#13838=DIRECTION('',(0.,0.716490721885691,-0.697596620871776));
#13839=DIRECTION('',(1.,0.,0.));
#13840=DIRECTION('',(1.,0.,0.));
#13841=DIRECTION('',(0.,0.,-1.));
#13842=DIRECTION('',(1.,0.,0.));
#13843=DIRECTION('',(0.,0.967454668338029,-0.253044392767265));
#13844=DIRECTION('',(1.,0.,0.));
#13845=DIRECTION('',(1.,0.,0.));
#13846=DIRECTION('',(0.,0.,-1.));
#13847=DIRECTION('',(1.,0.,0.));
#13848=DIRECTION('',(0.,0.96437582153604,0.264535961329812));
#13849=DIRECTION('',(1.,0.,0.));
#13850=DIRECTION('',(1.,0.,0.));
#13851=DIRECTION('',(0.,0.,-1.));
#13852=DIRECTION('',(1.,0.,0.));
#13853=DIRECTION('',(0.,0.681228212799859,0.732071118188329));
#13854=DIRECTION('',(1.,0.,0.));
#13855=DIRECTION('',(1.,0.,0.));
#13856=DIRECTION('',(0.,0.,-1.));
#13857=DIRECTION('',(1.,0.,0.));
#13858=DIRECTION('',(0.,0.228906367092023,0.973448445016341));
#13859=DIRECTION('',(1.,0.,0.));
#13860=DIRECTION('',(1.,0.,0.));
#13861=DIRECTION('',(0.,0.,-1.));
#13862=DIRECTION('',(1.,0.,0.));
#13863=DIRECTION('',(0.,-0.230865005304489,0.97298579091668));
#13864=DIRECTION('',(1.,0.,0.));
#13865=DIRECTION('',(1.,0.,0.));
#13866=DIRECTION('',(0.,0.,-1.));
#13867=DIRECTION('',(1.,0.,0.));
#13868=DIRECTION('',(0.,-0.689966007338169,0.723841770498101));
#13869=DIRECTION('',(1.,0.,0.));
#13870=DIRECTION('',(1.,0.,0.));
#13871=DIRECTION('',(0.,0.,-1.));
#13872=DIRECTION('',(1.,0.,0.));
#13873=DIRECTION('',(0.,-0.966167446661712,0.257915616066938));
#13874=DIRECTION('',(1.,0.,0.));
#13875=DIRECTION('',(1.,0.,0.));
#13876=DIRECTION('',(0.,0.,-1.));
#13877=DIRECTION('',(1.,0.,0.));
#13878=DIRECTION('',(0.,-0.96789904071173,-0.25133930649485));
#13879=DIRECTION('',(1.,0.,0.));
#13880=DIRECTION('',(0.,0.,-1.));
#13881=DIRECTION('',(1.,0.,0.));
#13882=DIRECTION('',(0.,-0.696684887156192,0.71737728428503));
#13883=DIRECTION('',(1.,0.,0.));
#13884=DIRECTION('',(0.,0.,-1.));
#13885=DIRECTION('',(1.,0.,0.));
#13886=DIRECTION('',(0.,0.,-1.));
#13887=DIRECTION('',(1.,0.,0.));
#13888=DIRECTION('',(0.,1.,0.));
#13889=DIRECTION('',(-1.,0.,0.));
#13890=DIRECTION('',(0.,0.,1.));
#13891=DIRECTION('',(0.,0.999999637925763,-0.000850969061284583));
#13892=DIRECTION('',(0.,0.000850969061284583,0.999999637925763));
#13893=DIRECTION('',(1.,0.,0.));
#13894=DIRECTION('',(0.,0.000850969061284583,0.999999637925763));
#13895=DIRECTION('',(1.,0.,0.));
#13896=DIRECTION('',(0.,0.000850969061284675,0.999999637925763));
#13897=DIRECTION('',(0.,-0.999999637925763,0.000850969061284675));
#13898=DIRECTION('',(0.,-0.999999637925763,0.000850969061284675));
#13899=DIRECTION('',(0.,0.000850969061284483,0.999999637925763));
#13900=DIRECTION('',(0.,-0.999999637925763,0.000850969061284483));
#13901=DIRECTION('',(1.,0.,0.));
#13902=DIRECTION('',(0.,-0.999999637925763,0.000850969061284483));
#13903=DIRECTION('',(0.,0.999999637925763,-0.000850969061284583));
#13904=DIRECTION('',(0.,0.000850969061284583,0.999999637925763));
#13905=DIRECTION('',(1.,0.,0.));
#13906=DIRECTION('',(0.,0.000850969061284583,0.999999637925763));
#13907=DIRECTION('',(1.,0.,0.));
#13908=DIRECTION('',(0.,0.,-1.));
#13909=DIRECTION('',(1.,0.,0.));
#13910=DIRECTION('',(1.,0.,0.));
#13911=DIRECTION('',(0.,0.,-1.));
#13912=DIRECTION('',(0.,0.,1.));
#13913=DIRECTION('',(1.,0.,0.));
#13914=DIRECTION('',(0.,-1.,0.));
#13915=DIRECTION('',(0.,0.,1.));
#13916=DIRECTION('',(1.,0.,0.));
#13917=DIRECTION('',(1.,0.,0.));
#13918=DIRECTION('',(0.,-1.,0.));
#13919=DIRECTION('',(1.,0.,0.));
#13920=DIRECTION('',(0.,0.,-1.));
#13921=DIRECTION('',(1.,0.,0.));
#13922=DIRECTION('',(1.,0.,0.));
#13923=DIRECTION('',(4.30987199000449E-16,0.,-1.));
#13924=DIRECTION('',(0.,0.999999637925763,-0.000850969061284617));
#13925=DIRECTION('',(0.,0.000850969061284617,0.999999637925763));
#13926=DIRECTION('',(1.,0.,0.));
#13927=DIRECTION('',(0.,0.000850969061284617,0.999999637925763));
#13928=DIRECTION('',(1.,0.,0.));
#13929=DIRECTION('',(0.,0.,-1.));
#13930=DIRECTION('',(1.,0.,0.));
#13931=DIRECTION('',(-1.,0.,0.));
#13932=DIRECTION('',(-4.30982010106632E-16,-0.00490703207595235,0.999987960445627));
#13933=DIRECTION('',(0.,0.,1.));
#13934=DIRECTION('',(1.,0.,0.));
#13935=DIRECTION('',(0.,-1.,0.));
#13936=DIRECTION('',(0.,0.,1.));
#13937=DIRECTION('',(1.,0.,0.));
#13938=DIRECTION('',(1.,0.,0.));
#13939=DIRECTION('',(0.,-1.,0.));
#13940=DIRECTION('',(1.,0.,0.));
#13941=DIRECTION('',(0.,0.,-1.));
#13942=DIRECTION('',(-1.,0.,0.));
#13943=DIRECTION('',(0.,-0.00524350543264047,0.999986252730895));
#13944=DIRECTION('',(1.,0.,0.));
#13945=DIRECTION('',(0.,1.,0.));
#13946=CARTESIAN_POINT('',(0.,0.,0.));
#13947=CARTESIAN_POINT('',(0.00550467677739621,-0.0148386782508162,0.0691));
#13948=CARTESIAN_POINT('',(0.00550467677739621,-0.0181968499162167,0.0164876688275001));
#13949=CARTESIAN_POINT('',(0.00550467677739621,-0.0181742791315854,0.0156370118870666));
#13950=CARTESIAN_POINT('',(0.00550467677739621,-0.0185812141906594,0.0157289964573519));
#13951=CARTESIAN_POINT('',(0.00550467677739621,-0.0182720848370086,0.0163218566598127));
#13952=CARTESIAN_POINT('',(0.00550467677739621,-0.0188509312289656,0.0159878383822377));
#13953=CARTESIAN_POINT('',(0.00550467677739621,-0.0182022502204649,0.0163514726481595));
#13954=CARTESIAN_POINT('',(0.00550467677739621,-0.0189465307235441,0.0163670581546268));
#13955=CARTESIAN_POINT('',(0.00550467677739621,-0.0189465307235441,0.0163670581546268));
#13956=CARTESIAN_POINT('',(0.00550467677739621,-0.0189465307235441,0.0166433202352219));
#13957=CARTESIAN_POINT('',(0.00550467677739621,-0.0188124623609023,0.016822719527497));
#13958=CARTESIAN_POINT('',(0.00550467677739621,-0.0188124623609023,0.016822719527497));
#13959=CARTESIAN_POINT('',(0.00550467677739621,-0.0183104977029238,0.016440824898387));
#13960=CARTESIAN_POINT('',(0.00550467677739621,-0.0184401927925462,0.0170585531136378));
#13961=CARTESIAN_POINT('',(0.00550467677739621,-0.0184401927925462,0.0169253555945911));
#13962=CARTESIAN_POINT('',(0.00550467677739621,-0.0184401927925462,0.0167909863678029));
#13963=CARTESIAN_POINT('',(0.00550467677739621,-0.0183429012874687,0.0164182486415079));
#13964=CARTESIAN_POINT('',(0.00550467677739621,-0.018656667980106,0.0166422327683401));
#13965=CARTESIAN_POINT('',(0.00550467677739621,-0.0182739272064492,0.0163853682337875));
#13966=CARTESIAN_POINT('',(0.00550467677739621,-0.0187352187164921,0.0163670404513714));
#13967=CARTESIAN_POINT('',(0.00550467677739621,-0.0182946740888632,0.0163491280058224));
#13968=CARTESIAN_POINT('',(0.00550467677739621,-0.0185892289149725,0.0160221582041625));
#13969=CARTESIAN_POINT('',(0.00550467677739621,-0.0185892289149725,0.0160221582041625));
#13970=CARTESIAN_POINT('',(0.00550467677739621,-0.0184427586942236,0.015890655743198));
#13971=CARTESIAN_POINT('',(0.00550467677739621,-0.0181746219689401,0.015890655743198));
#13972=CARTESIAN_POINT('',(0.00550467677739621,-0.0181746219689401,0.015890655743198));
#13973=CARTESIAN_POINT('',(0.00550467677739621,-0.0181746219689401,0.015890655743198));
#13974=CARTESIAN_POINT('',(0.00550467677739621,-0.0179034916916996,0.015890655743198));
#13975=CARTESIAN_POINT('',(0.00550467677739621,-0.017755738520112,0.0160221582041625));
#13976=CARTESIAN_POINT('',(0.00550467677739621,-0.017755738520112,0.0160221582041625));
#13977=CARTESIAN_POINT('',(0.00550467677739621,-0.0180471517054501,0.0163495179298172));
#13978=CARTESIAN_POINT('',(0.00550467677739621,-0.017608453464238,0.0163670738277144));
#13979=CARTESIAN_POINT('',(0.00550467677739621,-0.0180753309197509,0.016386414748287));
#13980=CARTESIAN_POINT('',(0.00550467677739621,-0.0176844275228531,0.0166409728032149));
#13981=CARTESIAN_POINT('',(0.00550467677739621,-0.0180003117061325,0.0164141640440211));
#13982=CARTESIAN_POINT('',(0.00550467677739621,-0.0179034916916996,0.0167907331753356));
#13983=CARTESIAN_POINT('',(0.00550467677739621,-0.0179034916916996,0.0169253555945911));
#13984=CARTESIAN_POINT('',(0.00550467677739621,-0.0179034916916996,0.0170589395678907));
#13985=CARTESIAN_POINT('',(0.00550467677739621,-0.0180595193167268,0.0164176975584903));
#13986=CARTESIAN_POINT('',(0.00550467677739621,-0.0175354986261391,0.0168186568498411));
#13987=CARTESIAN_POINT('',(0.00550467677739621,-0.0175354986261391,0.0168186568498411));
#13988=CARTESIAN_POINT('',(0.00550467677739621,-0.0173971537607018,0.0166381884318672));
#13989=CARTESIAN_POINT('',(0.00550467677739621,-0.0173971537607018,0.0163670581546268));
#13990=CARTESIAN_POINT('',(0.00550467677739621,-0.0173971537607018,0.0163670581546268));
#13991=CARTESIAN_POINT('',(0.00550467677739621,-0.0181414342637809,0.0163514726481595));
#13992=CARTESIAN_POINT('',(0.00550467677739621,-0.0174927540860168,0.0159878369403888));
#13993=CARTESIAN_POINT('',(0.00550467677739621,-0.0180692176094959,0.0163213151006635));
#13994=CARTESIAN_POINT('',(0.00550467677739621,-0.0177639709628533,0.0157290016382698));
#13995=CARTESIAN_POINT('',(0.00550467677739621,-0.0181517851547803,0.0165024725273848));
#13996=CARTESIAN_POINT('',(0.00550467677739621,-0.018198124130449,0.0198947057445551));
#13997=CARTESIAN_POINT('',(0.00550467677739621,-0.0181771970728335,0.0190496545620967));
#13998=CARTESIAN_POINT('',(0.00550467677739621,-0.0185811900817911,0.0191421221701604));
#13999=CARTESIAN_POINT('',(0.00550467677739621,-0.0182703925901584,0.0197406604201113));
#14000=CARTESIAN_POINT('',(0.00550467677739621,-0.0188508454398189,0.0193981805871534));
#14001=CARTESIAN_POINT('',(0.00550467677739621,-0.018238764217294,0.0197526977114867));
#14002=CARTESIAN_POINT('',(0.00550467677739621,-0.0189463344310576,0.0197638830270707));
#14003=CARTESIAN_POINT('',(0.00550467677739621,-0.0182697211478466,0.0197689161604596));
#14004=CARTESIAN_POINT('',(0.00550467677739621,-0.0188655131214439,0.0200892317045505));
#14005=CARTESIAN_POINT('',(0.00550467677739621,-0.0183442418276816,0.0198234627845964));
#14006=CARTESIAN_POINT('',(0.00550467677739621,-0.018654258838813,0.0203194020383113));
#14007=CARTESIAN_POINT('',(0.00550467677739621,-0.0190504497414769,0.0203194020383113));
#14008=CARTESIAN_POINT('',(0.00550467677739621,-0.0194473092009077,0.0203194020383113));
#14009=CARTESIAN_POINT('',(0.00550467677739621,-0.0194473092009077,0.0204453450456414));
#14010=CARTESIAN_POINT('',(0.00550467677739621,-0.0194473092009077,0.0205712880529715));
#14011=CARTESIAN_POINT('',(0.00550467677739621,-0.0184346333389119,0.0205712880529715));
#14012=CARTESIAN_POINT('',(0.00550467677739621,-0.0174219574769162,0.0205712880529715));
#14013=CARTESIAN_POINT('',(0.00550467677739621,-0.0174219574769162,0.0204453450456414));
#14014=CARTESIAN_POINT('',(0.00550467677739621,-0.0174219574769162,0.0203194020383113));
#14015=CARTESIAN_POINT('',(0.00550467677739621,-0.0175628682440308,0.0203194020383113));
#14016=CARTESIAN_POINT('',(0.00550467677739621,-0.0177031412573032,0.0203194020383113));
#14017=CARTESIAN_POINT('',(0.00550467677739621,-0.0179926844784972,0.019810531134281));
#14018=CARTESIAN_POINT('',(0.00550467677739621,-0.0174834805089389,0.020100478570872));
#14019=CARTESIAN_POINT('',(0.00550467677739621,-0.0180491812815322,0.0197781193539912));
#14020=CARTESIAN_POINT('',(0.00550467677739621,-0.0173974861209545,0.0197608934045762));
#14021=CARTESIAN_POINT('',(0.00550467677739621,-0.0180837512577626,0.0197519518640575));
#14022=CARTESIAN_POINT('',(0.00550467677739621,-0.0174956544918039,0.0193981991510309));
#14023=CARTESIAN_POINT('',(0.00550467677739621,-0.0180822204281913,0.0197558117238939));
#14024=CARTESIAN_POINT('',(0.00550467677739621,-0.0177721628736144,0.0191422144272076));
#14025=CARTESIAN_POINT('',(0.00550467677739621,-0.018159672072546,0.019911452264635));
#14026=CARTESIAN_POINT('',(0.00550467677739621,-0.0238586782508163,0.0191636));
#14027=CARTESIAN_POINT('',(0.00550467677739621,-0.0238586782508163,0.0225086000000183));
#14028=CARTESIAN_POINT('',(0.00550467677739621,-0.0238586782508163,0.015818600000026));
#14029=CARTESIAN_POINT('',(0.00550467677739621,-0.0225286782508162,0.0240336));
#14030=CARTESIAN_POINT('',(0.00550467677739621,-0.0225749919860464,0.0240336));
#14031=CARTESIAN_POINT('',(0.00550467677739621,-0.0226676194565067,0.0240280683834613));
#14032=CARTESIAN_POINT('',(0.00550467677739621,-0.0228497571226901,0.0239953761446197));
#14033=CARTESIAN_POINT('',(0.00550467677739621,-0.0230686463612144,0.0239147109641093));
#14034=CARTESIAN_POINT('',(0.00550467677739621,-0.02326350581216,0.0237882128589281));
#14035=CARTESIAN_POINT('',(0.00550467677739621,-0.0234021975266381,0.0236636870281483));
#14036=CARTESIAN_POINT('',(0.00550467677739621,-0.0234962631275846,0.0235604351789664));
#14037=CARTESIAN_POINT('',(0.00550467677739621,-0.0235802558154538,0.0234482945115609));
#14038=CARTESIAN_POINT('',(0.00550467677739621,-0.023678527803517,0.023287881775627));
#14039=CARTESIAN_POINT('',(0.00550467677739621,-0.0237737460308681,0.0230718705770403));
#14040=CARTESIAN_POINT('',(0.00550467677739621,-0.0238316707704614,0.0228404158895615));
#14041=CARTESIAN_POINT('',(0.00550467677739621,-0.0238547937108556,0.0226516511160065));
#14042=CARTESIAN_POINT('',(0.00550467677739621,-0.0238586782508158,0.0225562837053457));
#14043=CARTESIAN_POINT('',(0.00550467677739621,-0.0238586782508163,0.0225086000000183));
#14044=CARTESIAN_POINT('',(0.00550467677739621,-0.0225286782508162,0.0240336));
#14045=CARTESIAN_POINT('',(0.00550467677739621,-0.0218286782508162,0.0240336));
#14046=CARTESIAN_POINT('',(0.00550467677739621,-0.0211286782508162,0.0240336));
#14047=CARTESIAN_POINT('',(0.00550467677739621,-0.0197986782508162,0.022508599999974));
#14048=CARTESIAN_POINT('',(0.00550467677739621,-0.0197986782508155,0.0225562837053161));
#14049=CARTESIAN_POINT('',(0.00550467677739621,-0.019802562790775,0.0226516511159919));
#14050=CARTESIAN_POINT('',(0.00550467677739621,-0.0198256857311711,0.0228404158895615));
#14051=CARTESIAN_POINT('',(0.00550467677739621,-0.0198836104707642,0.0230718705770403));
#14052=CARTESIAN_POINT('',(0.00550467677739621,-0.0199788286981155,0.023287881775627));
#14053=CARTESIAN_POINT('',(0.00550467677739621,-0.0200771006861787,0.0234482945115609));
#14054=CARTESIAN_POINT('',(0.00550467677739621,-0.0201610933740478,0.0235604351789664));
#14055=CARTESIAN_POINT('',(0.00550467677739621,-0.0202551589749943,0.0236636870281483));
#14056=CARTESIAN_POINT('',(0.00550467677739621,-0.0203938506894724,0.023788212858928));
#14057=CARTESIAN_POINT('',(0.00550467677739621,-0.0205887101404181,0.0239147109641093));
#14058=CARTESIAN_POINT('',(0.00550467677739621,-0.0208075993789424,0.0239953761446197));
#14059=CARTESIAN_POINT('',(0.00550467677739621,-0.0209897370451257,0.0240280683834613));
#14060=CARTESIAN_POINT('',(0.00550467677739621,-0.021082364515586,0.0240336));
#14061=CARTESIAN_POINT('',(0.00550467677739621,-0.0211286782508163,0.0240336));
#14062=CARTESIAN_POINT('',(0.00550467677739621,-0.0197986782508162,0.022508599999974));
#14063=CARTESIAN_POINT('',(0.00550467677739621,-0.0197986782508162,0.0191636));
#14064=CARTESIAN_POINT('',(0.00550467677739621,-0.0197986782508162,0.0158186));
#14065=CARTESIAN_POINT('',(0.00550467677739621,-0.0211286782508163,0.0142936));
#14066=CARTESIAN_POINT('',(0.00550467677739621,-0.021082364515586,0.0142936));
#14067=CARTESIAN_POINT('',(0.00550467677739621,-0.0209897370451257,0.0142991316165387));
#14068=CARTESIAN_POINT('',(0.00550467677739621,-0.0208075993789423,0.0143318238553804));
#14069=CARTESIAN_POINT('',(0.00550467677739621,-0.0205887101404181,0.0144124890358907));
#14070=CARTESIAN_POINT('',(0.00550467677739621,-0.0203938506894724,0.0145389871410719));
#14071=CARTESIAN_POINT('',(0.00550467677739621,-0.0202551589749943,0.0146635129718517));
#14072=CARTESIAN_POINT('',(0.00550467677739621,-0.0201610933740479,0.0147667648210336));
#14073=CARTESIAN_POINT('',(0.00550467677739621,-0.0200771006861787,0.0148789054884391));
#14074=CARTESIAN_POINT('',(0.00550467677739621,-0.0199788286981155,0.015039318224373));
#14075=CARTESIAN_POINT('',(0.00550467677739621,-0.0198836104707642,0.0152553294229598));
#14076=CARTESIAN_POINT('',(0.00550467677739621,-0.0198256857311711,0.0154867841104386));
#14077=CARTESIAN_POINT('',(0.00550467677739621,-0.0198025627907768,0.0156755488839935));
#14078=CARTESIAN_POINT('',(0.00550467677739621,-0.0197986782508167,0.0157709162946543));
#14079=CARTESIAN_POINT('',(0.00550467677739621,-0.0197986782508162,0.0158185999999817));
#14080=CARTESIAN_POINT('',(0.00550467677739621,-0.0211286782508163,0.0142936));
#14081=CARTESIAN_POINT('',(0.00550467677739621,-0.0218286782508162,0.0142936));
#14082=CARTESIAN_POINT('',(0.00550467677739621,-0.0225286782508162,0.0142936));
#14083=CARTESIAN_POINT('',(0.00550467677739621,-0.0238586782508163,0.015818600000026));
#14084=CARTESIAN_POINT('',(0.00550467677739621,-0.023858678250817,0.0157709162946838));
#14085=CARTESIAN_POINT('',(0.00550467677739621,-0.0238547937108574,0.0156755488840082));
#14086=CARTESIAN_POINT('',(0.00550467677739621,-0.0238316707704614,0.0154867841104385));
#14087=CARTESIAN_POINT('',(0.00550467677739621,-0.0237737460308681,0.0152553294229598));
#14088=CARTESIAN_POINT('',(0.00550467677739621,-0.0236785278035169,0.015039318224373));
#14089=CARTESIAN_POINT('',(0.00550467677739621,-0.0235802558154538,0.0148789054884391));
#14090=CARTESIAN_POINT('',(0.00550467677739621,-0.0234962631275846,0.0147667648210336));
#14091=CARTESIAN_POINT('',(0.00550467677739621,-0.0234021975266381,0.0146635129718517));
#14092=CARTESIAN_POINT('',(0.00550467677739621,-0.02326350581216,0.0145389871410719));
#14093=CARTESIAN_POINT('',(0.00550467677739621,-0.0230686463612143,0.0144124890358907));
#14094=CARTESIAN_POINT('',(0.00550467677739621,-0.0228497571226901,0.0143318238553804));
#14095=CARTESIAN_POINT('',(0.00550467677739621,-0.0226676194565067,0.0142991316165387));
#14096=CARTESIAN_POINT('',(0.00550467677739621,-0.0225749919860464,0.0142936));
#14097=CARTESIAN_POINT('',(0.00550467677739621,-0.0225286782508162,0.0142936));
#14098=CARTESIAN_POINT('',(0.00550467677739621,-0.0182348853019826,0.020874316788655));
#14099=CARTESIAN_POINT('',(0.00550467677739621,-0.0182293657344502,0.0223607821135242));
#14100=CARTESIAN_POINT('',(0.00550467677739621,-0.0180788283063188,0.0223528410200061));
#14101=CARTESIAN_POINT('',(0.00550467677739621,-0.0180788283063188,0.0217533134256727));
#14102=CARTESIAN_POINT('',(0.00550467677739621,-0.0180788283063188,0.0211537477337309));
#14103=CARTESIAN_POINT('',(0.00550467677739621,-0.0180788283063188,0.0211537477337309));
#14104=CARTESIAN_POINT('',(0.00550467677739621,-0.0178573054615072,0.0211674325426768));
#14105=CARTESIAN_POINT('',(0.00550467677739621,-0.0177326454050158,0.0213057774081142));
#14106=CARTESIAN_POINT('',(0.00550467677739621,-0.0177326454050158,0.0213057774081142));
#14107=CARTESIAN_POINT('',(0.00550467677739621,-0.0180908678405607,0.0216287310388637));
#14108=CARTESIAN_POINT('',(0.00550467677739621,-0.017608405812269,0.0216412888464652));
#14109=CARTESIAN_POINT('',(0.00550467677739621,-0.0180705036785346,0.0216599976220629));
#14110=CARTESIAN_POINT('',(0.00550467677739621,-0.0176829557698731,0.0219108794320062));
#14111=CARTESIAN_POINT('',(0.00550467677739621,-0.0180102233064596,0.021686154351423));
#14112=CARTESIAN_POINT('',(0.00550467677739621,-0.017884675079399,0.0220623634622635));
#14113=CARTESIAN_POINT('',(0.00550467677739621,-0.017884675079399,0.0221965729404356));
#14114=CARTESIAN_POINT('',(0.00550467677739621,-0.017884675079399,0.0223305110958029));
#14115=CARTESIAN_POINT('',(0.00550467677739621,-0.0180507202942797,0.0217101631195357));
#14116=CARTESIAN_POINT('',(0.00550467677739621,-0.0175327188993219,0.0220900880208254));
#14117=CARTESIAN_POINT('',(0.00550467677739621,-0.0175327188993219,0.0220900880208254));
#14118=CARTESIAN_POINT('',(0.00550467677739621,-0.0173971537607018,0.0219094057777117));
#14119=CARTESIAN_POINT('',(0.00550467677739621,-0.0173971537607018,0.0216412690524282));
#14120=CARTESIAN_POINT('',(0.00550467677739621,-0.0173971537607018,0.0216412690524282));
#14121=CARTESIAN_POINT('',(0.00550467677739621,-0.018156190287904,0.0216266729360168));
#14122=CARTESIAN_POINT('',(0.00550467677739621,-0.0174927742227011,0.0212590667761399));
#14123=CARTESIAN_POINT('',(0.00550467677739621,-0.0180812849136864,0.0215944586119418));
#14124=CARTESIAN_POINT('',(0.00550467677739621,-0.0177652751111517,0.0209949220894285));
#14125=CARTESIAN_POINT('',(0.00550467677739621,-0.0181541424644858,0.0217461231053009));
#14126=CARTESIAN_POINT('',(0.00550467677739621,-0.0181746297968059,0.0208996815446975));
#14127=CARTESIAN_POINT('',(0.00550467677739621,-0.0181962690618261,0.0217582069176443));
#14128=CARTESIAN_POINT('',(0.00550467677739621,-0.0185824909152653,0.0209921000359852));
#14129=CARTESIAN_POINT('',(0.00550467677739621,-0.0182824272389462,0.021571996274312));
#14130=CARTESIAN_POINT('',(0.00550467677739621,-0.0188522507112141,0.0212536949748553));
#14131=CARTESIAN_POINT('',(0.00550467677739621,-0.018167034738166,0.0216238337479047));
#14132=CARTESIAN_POINT('',(0.00550467677739621,-0.0189459065763953,0.021640846552174));
#14133=CARTESIAN_POINT('',(0.00550467677739621,-0.0181927562105306,0.0216580909391134));
#14134=CARTESIAN_POINT('',(0.00550467677739621,-0.0188536677241977,0.0220189657086954));
#14135=CARTESIAN_POINT('',(0.00550467677739621,-0.0182910931614397,0.0217066374294662));
#14136=CARTESIAN_POINT('',(0.00550467677739621,-0.0185976542520591,0.0222722172759357));
#14137=CARTESIAN_POINT('',(0.00550467677739621,-0.0182432917869171,0.0216047929812546));
#14138=CARTESIAN_POINT('',(0.00550467677739621,-0.0181643031507375,0.0180333214149231));
#14139=CARTESIAN_POINT('',(0.00550467677739621,-0.0173975348274456,0.0180443067560503));
#14140=CARTESIAN_POINT('',(0.00550467677739621,-0.0174928345559845,0.0176632041516657));
#14141=CARTESIAN_POINT('',(0.00550467677739621,-0.018088192176643,0.0179957805742809));
#14142=CARTESIAN_POINT('',(0.00550467677739621,-0.0177652667085801,0.0173947351599151));
#14143=CARTESIAN_POINT('',(0.00550467677739621,-0.0181544099771943,0.0181337826238117));
#14144=CARTESIAN_POINT('',(0.00550467677739621,-0.018174627420213,0.0172979924303079));
#14145=CARTESIAN_POINT('',(0.00550467677739621,-0.0181931400297902,0.0181095582780866));
#14146=CARTESIAN_POINT('',(0.00550467677739621,-0.0185811806271836,0.0173973380134615));
#14147=CARTESIAN_POINT('',(0.00550467677739621,-0.0182485475391703,0.0179998722250865));
#14148=CARTESIAN_POINT('',(0.00550467677739621,-0.0188521551862027,0.0176698225216081));
#14149=CARTESIAN_POINT('',(0.00550467677739621,-0.0181563539810532,0.0180432944762814));
#14150=CARTESIAN_POINT('',(0.00550467677739621,-0.0189461039191458,0.0180558524962196));
#14151=CARTESIAN_POINT('',(0.00550467677739621,-0.0181563539810465,0.0180684037409271));
#14152=CARTESIAN_POINT('',(0.00550467677739621,-0.0188521549646351,0.0184418760960018));
#14153=CARTESIAN_POINT('',(0.00550467677739621,-0.0182462397357067,0.0181112513238793));
#14154=CARTESIAN_POINT('',(0.00550467677739621,-0.0185824922863995,0.0187144128248174));
#14155=CARTESIAN_POINT('',(0.00550467677739621,-0.0181950505218292,0.0180035554680866));
#14156=CARTESIAN_POINT('',(0.00550467677739621,-0.0181746157612632,0.0188136914537649));
#14157=CARTESIAN_POINT('',(0.00550467677739621,-0.0181554021961897,0.0180131867603633));
#14158=CARTESIAN_POINT('',(0.00550467677739621,-0.0177652648074587,0.0187116109274874));
#14159=CARTESIAN_POINT('',(0.00550467677739621,-0.018116789417133,0.0180937318919062));
#14160=CARTESIAN_POINT('',(0.00550467677739621,-0.0174928370576542,0.018433737341829));
#14161=CARTESIAN_POINT('',(0.00550467677739621,-0.0181940942911546,0.0180560038871928));
#14162=CARTESIAN_POINT('',(0.00550467677739621,-0.0154991516043142,0.0211380000452593));
#14163=CARTESIAN_POINT('',(0.00550467677739621,-0.0155036782508162,0.0158186));
#14164=CARTESIAN_POINT('',(0.00550467677739621,-0.0154946249578121,0.0264574000905185));
#14165=CARTESIAN_POINT('',(0.00550467677739621,-0.0202916516043141,0.0264614822132589));
#14166=CARTESIAN_POINT('',(0.00550467677739621,-0.0250886782508162,0.0264655643359993));
#14167=CARTESIAN_POINT('',(0.00550467677739621,-0.0250886782508162,0.0691));
#14168=CARTESIAN_POINT('',(0.00550467677739621,-0.0250886782508162,0.0122936));
#14169=CARTESIAN_POINT('',(0.00550467677739621,-0.0220586782508162,0.0122936));
#14170=CARTESIAN_POINT('',(0.00550467677739621,-0.0190286782508162,0.0122936));
#14171=CARTESIAN_POINT('',(0.00550467677739621,-0.0190286782508162,0.0158186));
#14172=CARTESIAN_POINT('',(0.00550467677739621,-0.0148386782508162,0.0691));
#14173=CARTESIAN_POINT('',(0.00550467677739621,-0.0158110263167648,0.0677432993699656));
#14174=CARTESIAN_POINT('',(0.00550467677739621,-0.0159011066952318,0.0677050727756109));
#14175=CARTESIAN_POINT('',(0.00550467677739621,-0.0157209459382978,0.0677815259643202));
#14176=CARTESIAN_POINT('',(0.00550467677739621,-0.0156238207449855,0.0677934609517425));
#14177=CARTESIAN_POINT('',(0.00550467677739621,-0.0155266955516731,0.0678053959391647));
#14178=CARTESIAN_POINT('',(0.00550467677739621,-0.0154307422496157,0.0677906307210733));
#14179=CARTESIAN_POINT('',(0.00550467677739621,-0.0153347889475583,0.067775865502982));
#14180=CARTESIAN_POINT('',(0.00550467677739621,-0.0152462621381671,0.0677360089335016));
#14181=CARTESIAN_POINT('',(0.00550467677739621,-0.015157735328776,0.0676961523640211));
#14182=CARTESIAN_POINT('',(0.00550467677739621,-0.0150821439627969,0.0676329046520911));
#14183=CARTESIAN_POINT('',(0.00550467677739621,-0.0150065525968177,0.0675696569401611));
#14184=CARTESIAN_POINT('',(0.00550467677739621,-0.0133951997991634,0.065780591860607));
#14185=CARTESIAN_POINT('',(0.00550467677739621,-0.0117838470015091,0.063991526781053));
#14186=CARTESIAN_POINT('',(0.00550467677739621,-0.00938839333350332,0.0642422009977875));
#14187=CARTESIAN_POINT('',(0.00550467677739621,-0.00699293966549758,0.064492875214522));
#14188=CARTESIAN_POINT('',(0.00550467677739621,-0.00689433794493061,0.064489600397881));
#14189=CARTESIAN_POINT('',(0.00550467677739621,-0.00679573622436363,0.0644863255812401));
#14190=CARTESIAN_POINT('',(0.00550467677739621,-0.00670325704196415,0.0644568648837978));
#14191=CARTESIAN_POINT('',(0.00550467677739621,-0.00661077785956466,0.0644274041863554));
#14192=CARTESIAN_POINT('',(0.00550467677739621,-0.00652953570944258,0.0643741411155003));
#14193=CARTESIAN_POINT('',(0.00550467677739621,-0.00644829355932049,0.0643208780446452));
#14194=CARTESIAN_POINT('',(0.00550467677739621,-0.0063834031421703,0.0642461962270376));
#14195=CARTESIAN_POINT('',(0.00550467677739621,-0.0063185127250201,0.0641715144094299));
#14196=CARTESIAN_POINT('',(0.00550467677739621,-0.00627664778260895,0.0640819998623265));
#14197=CARTESIAN_POINT('',(0.00550467677739621,-0.0062347828401978,0.0639924853152231));
#14198=CARTESIAN_POINT('',(0.00550467677739621,-0.0062191339379072,0.0638968124619872));
#14199=CARTESIAN_POINT('',(0.00550467677739621,-0.00620348503561659,0.0638011396087512));
#14200=CARTESIAN_POINT('',(0.00550467677739621,-0.00621394208240787,0.0637048246924788));
#14201=CARTESIAN_POINT('',(0.00550467677739621,-0.00622439912919916,0.0636085097762063));
#14202=CARTESIAN_POINT('',(0.00550467677739621,-0.00626085190696354,0.0635170687829987));
#14203=CARTESIAN_POINT('',(0.00550467677739621,-0.00629730468472791,0.0634256277897911));
#14204=CARTESIAN_POINT('',(0.00550467677739621,-0.00750174004044608,0.0613394845592549));
#14205=CARTESIAN_POINT('',(0.00550467677739621,-0.00870617539616424,0.0592533413287188));
#14206=CARTESIAN_POINT('',(0.00550467677739621,-0.00772697573404333,0.0570530955236785));
#14207=CARTESIAN_POINT('',(0.00550467677739621,-0.00674777607192242,0.0548528497186381));
#14208=CARTESIAN_POINT('',(0.00550467677739621,-0.00672054813295728,0.0547579693335232));
#14209=CARTESIAN_POINT('',(0.00550467677739621,-0.00669332019399213,0.0546630889484083));
#14210=CARTESIAN_POINT('',(0.00550467677739621,-0.00669278019712408,0.0545659666327312));
#14211=CARTESIAN_POINT('',(0.00550467677739621,-0.00669224020025603,0.0544688443170542));
#14212=CARTESIAN_POINT('',(0.00550467677739621,-0.00671773915312614,0.0543751405374588));
#14213=CARTESIAN_POINT('',(0.00550467677739621,-0.00674323810599626,0.0542814367578634));
#14214=CARTESIAN_POINT('',(0.00550467677739621,-0.00679412688242177,0.0541968121332687));
#14215=CARTESIAN_POINT('',(0.00550467677739621,-0.00684501565884728,0.0541121875086739));
#14216=CARTESIAN_POINT('',(0.00550467677739621,-0.00691720138954419,0.0540447172348411));
#14217=CARTESIAN_POINT('',(0.00550467677739621,-0.00698938712024109,0.0539772469610083));
#14218=CARTESIAN_POINT('',(0.00550467677739621,-0.00707562375292787,0.0539325785216401));
#14219=CARTESIAN_POINT('',(0.00550467677739621,-0.00716186038561465,0.0538879100822719));
#14220=CARTESIAN_POINT('',(0.00550467677739621,-0.00725676908262493,0.053868062220272));
#14221=CARTESIAN_POINT('',(0.00550467677739621,-0.00735167777963521,0.0538482143582721));
#14222=CARTESIAN_POINT('',(0.00550467677739621,-0.00744987967809754,0.0538552059397152));
#14223=CARTESIAN_POINT('',(0.00550467677739621,-0.00754808157655987,0.0538621975211583));
#14224=CARTESIAN_POINT('',(0.00550467677739621,-0.00990418567996756,0.0543613155001443));
#14225=CARTESIAN_POINT('',(0.00550467677739621,-0.0122602897833753,0.0548604334791302));
#14226=CARTESIAN_POINT('',(0.00550467677739621,-0.0140511768013941,0.053250132578139));
#14227=CARTESIAN_POINT('',(0.00550467677739621,-0.015842063819413,0.0516398316771478));
#14228=CARTESIAN_POINT('',(0.00550467677739621,-0.0159236133674597,0.0515846758407743));
#14229=CARTESIAN_POINT('',(0.00550467677739621,-0.0160051629155063,0.0515295200044007));
#14230=CARTESIAN_POINT('',(0.00550467677739621,-0.0160972801348479,0.0514992544231505));
#14231=CARTESIAN_POINT('',(0.00550467677739621,-0.0161893973541894,0.0514689888419002));
#14232=CARTESIAN_POINT('',(0.00550467677739621,-0.0162864146885171,0.051464554528797));
#14233=CARTESIAN_POINT('',(0.00550467677739621,-0.0163834320228448,0.0514601202156939));
#14234=CARTESIAN_POINT('',(0.00550467677739621,-0.0164796818906448,0.0514824583069328));
#14235=CARTESIAN_POINT('',(0.00550467677739621,-0.0165759317584449,0.0515047963981717));
#14236=CARTESIAN_POINT('',(0.00550467677739621,-0.0166622609098799,0.0515524370537519));
#14237=CARTESIAN_POINT('',(0.00550467677739621,-0.016748590061315,0.051600077709332));
#14238=CARTESIAN_POINT('',(0.00550467677739621,-0.0168174343852972,0.0516681412742374));
#14239=CARTESIAN_POINT('',(0.00550467677739621,-0.0168862787092794,0.0517362048391428));
#14240=CARTESIAN_POINT('',(0.00550467677739621,-0.0169343541714407,0.0518205178865969));
#14241=CARTESIAN_POINT('',(0.00550467677739621,-0.0169824296336021,0.0519048309340509));
#14242=CARTESIAN_POINT('',(0.00550467677739621,-0.0170064521704704,0.0520012199286583));
#14243=CARTESIAN_POINT('',(0.00550467677739621,-0.0170304747073386,0.0520976089232658));
#14244=CARTESIAN_POINT('',(0.00550467677739621,-0.0172840227989582,0.0544922924806083));
#14245=CARTESIAN_POINT('',(0.00550467677739621,-0.0175375708905779,0.0568869760379508));
#14246=CARTESIAN_POINT('',(0.00550467677739621,-0.0196222771492408,0.0580917964291219));
#14247=CARTESIAN_POINT('',(0.00550467677739621,-0.0217069834079036,0.0592966168202931));
#14248=CARTESIAN_POINT('',(0.00550467677739621,-0.0217848791373843,0.0593574182233287));
#14249=CARTESIAN_POINT('',(0.00550467677739621,-0.021862774866865,0.0594182196263643));
#14250=CARTESIAN_POINT('',(0.00550467677739621,-0.0219199210495405,0.0594964203118954));
#14251=CARTESIAN_POINT('',(0.00550467677739621,-0.0219770672322159,0.0595746209974265));
#14252=CARTESIAN_POINT('',(0.00550467677739621,-0.0220110145394462,0.0596653908078361));
#14253=CARTESIAN_POINT('',(0.00550467677739621,-0.0220449618466767,0.0597561606182456));
#14254=CARTESIAN_POINT('',(0.00550467677739621,-0.0220532609313711,0.0598546691098175));
#14255=CARTESIAN_POINT('',(0.00550467677739621,-0.0220615600160655,0.0599531776013894));
#14256=CARTESIAN_POINT('',(0.00550467677739621,-0.0220429062603563,0.060050245012647));
#14257=CARTESIAN_POINT('',(0.00550467677739621,-0.0220242525046472,0.0601473124239046));
#14258=CARTESIAN_POINT('',(0.00550467677739621,-0.0219808630466735,0.0602339704335004));
#14259=CARTESIAN_POINT('',(0.00550467677739621,-0.0219374735886998,0.0603206284430961));
#14260=CARTESIAN_POINT('',(0.00550467677739621,-0.0218721819597724,0.0603923637020227));
#14261=CARTESIAN_POINT('',(0.00550467677739621,-0.021806890330845,0.0604640989609493));
#14262=CARTESIAN_POINT('',(0.00550467677739621,-0.0217225299430032,0.0605163983267839));
#14263=CARTESIAN_POINT('',(0.00550467677739621,-0.0216381695551614,0.0605686976926185));
#14264=CARTESIAN_POINT('',(0.00550467677739621,-0.0194383087167126,0.0615493342868555));
#14265=CARTESIAN_POINT('',(0.00550467677739621,-0.0172384478782637,0.0625299708810924));
#14266=CARTESIAN_POINT('',(0.00550467677739621,-0.0167360710432491,0.0648854081087379));
#14267=CARTESIAN_POINT('',(0.00550467677739621,-0.0162336942082344,0.0672408453363834));
#14268=CARTESIAN_POINT('',(0.00550467677739621,-0.0161998540209547,0.0673334151446356));
#14269=CARTESIAN_POINT('',(0.00550467677739621,-0.016166013833675,0.0674259849528878));
#14270=CARTESIAN_POINT('',(0.00550467677739621,-0.0161092756525665,0.0675047651592611));
#14271=CARTESIAN_POINT('',(0.00550467677739621,-0.016052537471458,0.0675835453656345));
#14272=CARTESIAN_POINT('',(0.00550467677739621,-0.0159768220833449,0.0676443090706227));
#14273=CARTESIAN_POINT('',(0.00550467677739621,-0.0190286782508162,0.0158186));
#14274=CARTESIAN_POINT('',(0.00550467677739621,-0.0190286782508162,0.0117936));
#14275=CARTESIAN_POINT('',(0.00550467677739621,-0.0150036809844762,0.0158151748506144));
#14276=CARTESIAN_POINT('',(0.00550467677739621,-0.0220586782508162,0.0117936));
#14277=CARTESIAN_POINT('',(0.00550467677739621,-0.0250886782508162,0.0117936));
#14278=CARTESIAN_POINT('',(0.00550467677739621,-0.0250886782508162,0.0691));
#14279=CARTESIAN_POINT('',(0.00550467677739621,-0.0250886782508162,-0.002));
#14280=CARTESIAN_POINT('',(0.00550467677739621,-0.0148386782508162,-0.002));
#14281=CARTESIAN_POINT('',(0.00550467677739621,-0.00458867825081622,-0.002));
#14282=CARTESIAN_POINT('',(0.00550467677739621,-0.00458867825081622,0.0691));
#14283=CARTESIAN_POINT('',(0.00550467677739621,-0.00458867825081622,0.0691));
#14284=CARTESIAN_POINT('',(0.00550467677739621,-0.0148386782508162,0.0691));
#14285=CARTESIAN_POINT('',(0.00550467677739621,-0.0250886782508162,0.0691));
#14286=CARTESIAN_POINT('',(0.00550467677739621,-0.0250886782508162,0.0691));
#14287=CARTESIAN_POINT('',(0.00550467677739621,-0.0250886782508162,0.0416212));
#14288=CARTESIAN_POINT('',(0.00550467677739621,-0.0220593119663914,0.0416212));
#14289=CARTESIAN_POINT('',(0.00550467677739621,-0.0190299456819665,0.0416212));
#14290=CARTESIAN_POINT('',(0.00550467677739621,-0.019010194640067,0.0375962));
#14291=CARTESIAN_POINT('',(0.00550467677739621,-0.0149851461830883,0.0375959872576939));
#14292=CARTESIAN_POINT('',(0.00550467677739621,-0.0149944136728953,0.0267054746830419));
#14293=CARTESIAN_POINT('',(0.00550467677739621,-0.0148386782508162,0.0691));
#14294=CARTESIAN_POINT('',(0.00550467677739621,-0.0235990844530439,0.0325934357403503));
#14295=CARTESIAN_POINT('',(0.00550467677739621,-0.0238791357499701,0.0321269061596486));
#14296=CARTESIAN_POINT('',(0.00550467677739621,-0.0240749915280656,0.0323286520639448));
#14297=CARTESIAN_POINT('',(0.00550467677739621,-0.0235496163490098,0.032625384366279));
#14298=CARTESIAN_POINT('',(0.00550467677739621,-0.0241535730515805,0.0326403619135759));
#14299=CARTESIAN_POINT('',(0.00550467677739621,-0.0235115288441923,0.0326490944599957));
#14300=CARTESIAN_POINT('',(0.00550467677739621,-0.0240662644968419,0.032972273488885));
#14301=CARTESIAN_POINT('',(0.00550467677739621,-0.023535104626101,0.032658876705822));
#14302=CARTESIAN_POINT('',(0.00550467677739621,-0.0238195239837039,0.0332066155683767));
#14303=CARTESIAN_POINT('',(0.00550467677739621,-0.0234689697651744,0.0325179055802513));
#14304=CARTESIAN_POINT('',(0.00550467677739621,-0.0234498072805898,0.0332912348975998));
#14305=CARTESIAN_POINT('',(0.00550467677739621,-0.0234337812263252,0.0325025803778051));
#14306=CARTESIAN_POINT('',(0.00550467677739621,-0.023079160952465,0.0332065311832684));
#14307=CARTESIAN_POINT('',(0.00550467677739621,-0.0233629030901613,0.0326450113297983));
#14308=CARTESIAN_POINT('',(0.00550467677739621,-0.0228261203031896,0.0329722722602298));
#14309=CARTESIAN_POINT('',(0.00550467677739621,-0.0233643039945281,0.0326485435940048));
#14310=CARTESIAN_POINT('',(0.00550467677739621,-0.0227362376480306,0.0326403576582519));
#14311=CARTESIAN_POINT('',(0.00550467677739621,-0.0233341298467395,0.0326266394984133));
#14312=CARTESIAN_POINT('',(0.00550467677739621,-0.0228150510971505,0.0323310058736315));
#14313=CARTESIAN_POINT('',(0.00550467677739621,-0.0233093353010618,0.0326079180329307));
#14314=CARTESIAN_POINT('',(0.00550467677739621,-0.0230107753421971,0.0321269061596486));
#14315=CARTESIAN_POINT('',(0.00550467677739621,-0.022559478776167,0.0321269061596486));
#14316=CARTESIAN_POINT('',(0.00550467677739621,-0.0221074642511771,0.0321269061596486));
#14317=CARTESIAN_POINT('',(0.00550467677739621,-0.0221074642511771,0.0320130219806253));
#14318=CARTESIAN_POINT('',(0.00550467677739621,-0.0221074642511771,0.0318991378016018));
#14319=CARTESIAN_POINT('',(0.00550467677739621,-0.0231193114843904,0.0318991378016018));
#14320=CARTESIAN_POINT('',(0.00550467677739621,-0.0241311587176037,0.0318991378016018));
#14321=CARTESIAN_POINT('',(0.00550467677739621,-0.0241311587176037,0.0320130219806253));
#14322=CARTESIAN_POINT('',(0.00550467677739621,-0.0241311587176037,0.0321269061596486));
#14323=CARTESIAN_POINT('',(0.00550467677739621,-0.0240047511924334,0.0321269061596486));
#14324=CARTESIAN_POINT('',(0.00550467677739621,-0.02344491848421,0.0352062795708028));
#14325=CARTESIAN_POINT('',(0.00550467677739621,-0.0241311587176037,0.035420546196285));
#14326=CARTESIAN_POINT('',(0.00550467677739621,-0.0227586782508163,0.0349920129453206));
#14327=CARTESIAN_POINT('',(0.00550467677739621,-0.0227586782508163,0.0348744108979098));
#14328=CARTESIAN_POINT('',(0.00550467677739621,-0.0227586782508163,0.034756808850499));
#14329=CARTESIAN_POINT('',(0.00550467677739621,-0.0233034438082067,0.0345914615459031));
#14330=CARTESIAN_POINT('',(0.00550467677739621,-0.023848209365597,0.0344261142413073));
#14331=CARTESIAN_POINT('',(0.00550467677739621,-0.0233034438082067,0.0342607669367114));
#14332=CARTESIAN_POINT('',(0.00550467677739621,-0.0227586782508163,0.0340954196321155));
#14333=CARTESIAN_POINT('',(0.00550467677739621,-0.0227586782508163,0.0339778175847047));
#14334=CARTESIAN_POINT('',(0.00550467677739621,-0.0227586782508163,0.0338602155372939));
#14335=CARTESIAN_POINT('',(0.00550467677739621,-0.02344491848421,0.0336447748481104));
#14336=CARTESIAN_POINT('',(0.00550467677739621,-0.0241311587176037,0.0334293341589269));
#14337=CARTESIAN_POINT('',(0.00550467677739621,-0.0241311587176037,0.0335457621426365));
#14338=CARTESIAN_POINT('',(0.00550467677739621,-0.0241311587176037,0.033662190126346));
#14339=CARTESIAN_POINT('',(0.00550467677739621,-0.0235550847948461,0.0338199060168835));
#14340=CARTESIAN_POINT('',(0.00550467677739621,-0.0229790108720884,0.0339776219074211));
#14341=CARTESIAN_POINT('',(0.00550467677739621,-0.0235550847948461,0.0341480568213892));
#14342=CARTESIAN_POINT('',(0.00550467677739621,-0.0241311587176037,0.0343184917353573));
#14343=CARTESIAN_POINT('',(0.00550467677739621,-0.0241311587176037,0.0344349197190668));
#14344=CARTESIAN_POINT('',(0.00550467677739621,-0.0241311587176037,0.0345513477027763));
#14345=CARTESIAN_POINT('',(0.00550467677739621,-0.0235539107311448,0.0347178690710735));
#14346=CARTESIAN_POINT('',(0.00550467677739621,-0.0229766627446858,0.0348843904393706));
#14347=CARTESIAN_POINT('',(0.00550467677739621,-0.0235539107311448,0.0350397582025056));
#14348=CARTESIAN_POINT('',(0.00550467677739621,-0.0241311587176037,0.0351951259656407));
#14349=CARTESIAN_POINT('',(0.00550467677739621,-0.0241311587176037,0.0353078360809628));
#14350=CARTESIAN_POINT('',(0.00550467677739621,-0.0204286782508162,0.0391212));
#14351=CARTESIAN_POINT('',(0.00550467677739621,-0.0204749919860464,0.0391212));
#14352=CARTESIAN_POINT('',(0.00550467677739621,-0.0205676194565068,0.0391156683834613));
#14353=CARTESIAN_POINT('',(0.00550467677739621,-0.0207497571226899,0.0390829761446197));
#14354=CARTESIAN_POINT('',(0.00550467677739621,-0.0209686463612144,0.0390023109641093));
#14355=CARTESIAN_POINT('',(0.00550467677739621,-0.02116350581216,0.038875812858928));
#14356=CARTESIAN_POINT('',(0.00550467677739621,-0.0213021975266381,0.0387512870281484));
#14357=CARTESIAN_POINT('',(0.00550467677739621,-0.0213962631275846,0.0386480351789664));
#14358=CARTESIAN_POINT('',(0.00550467677739621,-0.0214802558154537,0.0385358945115609));
#14359=CARTESIAN_POINT('',(0.00550467677739621,-0.0215785278035169,0.0383754817756271));
#14360=CARTESIAN_POINT('',(0.00550467677739621,-0.0216737460308682,0.0381594705770402));
#14361=CARTESIAN_POINT('',(0.00550467677739621,-0.0217316707704613,0.0379280158895614));
#14362=CARTESIAN_POINT('',(0.00550467677739621,-0.0217547937108556,0.0377392511160065));
#14363=CARTESIAN_POINT('',(0.00550467677739621,-0.0217586782508158,0.0376438837053457));
#14364=CARTESIAN_POINT('',(0.00550467677739621,-0.0217586782508162,0.0375962000000183));
#14365=CARTESIAN_POINT('',(0.00550467677739621,-0.0204286782508162,0.0391212));
#14366=CARTESIAN_POINT('',(0.00550467677739621,-0.0217586782508162,0.0375962));
#14367=CARTESIAN_POINT('',(0.00550467677739621,-0.0197286782508162,0.0391212));
#14368=CARTESIAN_POINT('',(0.00550467677739621,-0.0190286782508162,0.0391212));
#14369=CARTESIAN_POINT('',(0.00550467677739621,-0.0176986782508162,0.037596199999974));
#14370=CARTESIAN_POINT('',(0.00550467677739621,-0.0176986782508155,0.0376438837053161));
#14371=CARTESIAN_POINT('',(0.00550467677739621,-0.0177025627907751,0.0377392511159918));
#14372=CARTESIAN_POINT('',(0.00550467677739621,-0.0177256857311711,0.0379280158895615));
#14373=CARTESIAN_POINT('',(0.00550467677739621,-0.0177836104707642,0.0381594705770402));
#14374=CARTESIAN_POINT('',(0.00550467677739621,-0.0178788286981156,0.0383754817756271));
#14375=CARTESIAN_POINT('',(0.00550467677739621,-0.0179771006861787,0.0385358945115609));
#14376=CARTESIAN_POINT('',(0.00550467677739621,-0.0180610933740479,0.0386480351789664));
#14377=CARTESIAN_POINT('',(0.00550467677739621,-0.0181551589749944,0.0387512870281483));
#14378=CARTESIAN_POINT('',(0.00550467677739621,-0.0182938506894725,0.0388758128589281));
#14379=CARTESIAN_POINT('',(0.00550467677739621,-0.0184887101404181,0.0390023109641093));
#14380=CARTESIAN_POINT('',(0.00550467677739621,-0.0187075993789424,0.0390829761446196));
#14381=CARTESIAN_POINT('',(0.00550467677739621,-0.0188897370451256,0.0391156683834613));
#14382=CARTESIAN_POINT('',(0.00550467677739621,-0.018982364515586,0.0391212));
#14383=CARTESIAN_POINT('',(0.00550467677739621,-0.0190286782508162,0.0391212));
#14384=CARTESIAN_POINT('',(0.0055046767773962,-0.0176986782508162,0.037596199999974));
#14385=CARTESIAN_POINT('',(0.00550467677739621,-0.0176986782508162,0.0342512));
#14386=CARTESIAN_POINT('',(0.00550467677739621,-0.0176986782508162,0.0309061999999817));
#14387=CARTESIAN_POINT('',(0.00550467677739621,-0.0190286782508162,0.0293812));
#14388=CARTESIAN_POINT('',(0.00550467677739621,-0.018982364515586,0.0293812));
#14389=CARTESIAN_POINT('',(0.00550467677739621,-0.0188897370451257,0.0293867316165387));
#14390=CARTESIAN_POINT('',(0.00550467677739621,-0.0187075993789425,0.0294194238553803));
#14391=CARTESIAN_POINT('',(0.00550467677739621,-0.0184887101404181,0.0295000890358907));
#14392=CARTESIAN_POINT('',(0.00550467677739621,-0.0182938506894725,0.0296265871410719));
#14393=CARTESIAN_POINT('',(0.00550467677739621,-0.0181551589749944,0.0297511129718517));
#14394=CARTESIAN_POINT('',(0.00550467677739621,-0.0180610933740479,0.0298543648210336));
#14395=CARTESIAN_POINT('',(0.00550467677739621,-0.0179771006861787,0.0299665054884391));
#14396=CARTESIAN_POINT('',(0.00550467677739621,-0.0178788286981156,0.030126918224373));
#14397=CARTESIAN_POINT('',(0.00550467677739621,-0.0177836104707643,0.0303429294229597));
#14398=CARTESIAN_POINT('',(0.00550467677739621,-0.0177256857311711,0.0305743841104386));
#14399=CARTESIAN_POINT('',(0.00550467677739621,-0.0177025627907769,0.0307631488839935));
#14400=CARTESIAN_POINT('',(0.00550467677739621,-0.0176986782508167,0.0308585162946543));
#14401=CARTESIAN_POINT('',(0.00550467677739621,-0.0176986782508162,0.0309061999999817));
#14402=CARTESIAN_POINT('',(0.00550467677739621,-0.0190286782508162,0.0293812));
#14403=CARTESIAN_POINT('',(0.00550467677739621,-0.0197286782508162,0.0293812));
#14404=CARTESIAN_POINT('',(0.00550467677739621,-0.0204286782508162,0.0293812));
#14405=CARTESIAN_POINT('',(0.00550467677739621,-0.0217586782508162,0.030906200000026));
#14406=CARTESIAN_POINT('',(0.00550467677739621,-0.021758678250817,0.0308585162946839));
#14407=CARTESIAN_POINT('',(0.00550467677739621,-0.0217547937108574,0.0307631488840082));
#14408=CARTESIAN_POINT('',(0.00550467677739621,-0.0217316707704613,0.0305743841104384));
#14409=CARTESIAN_POINT('',(0.00550467677739621,-0.0216737460308681,0.0303429294229597));
#14410=CARTESIAN_POINT('',(0.00550467677739621,-0.021578527803517,0.030126918224373));
#14411=CARTESIAN_POINT('',(0.00550467677739621,-0.0214802558154537,0.0299665054884391));
#14412=CARTESIAN_POINT('',(0.00550467677739621,-0.0213962631275846,0.0298543648210336));
#14413=CARTESIAN_POINT('',(0.00550467677739621,-0.0213021975266381,0.0297511129718517));
#14414=CARTESIAN_POINT('',(0.00550467677739621,-0.0211635058121599,0.029626587141072));
#14415=CARTESIAN_POINT('',(0.00550467677739621,-0.0209686463612144,0.0295000890358907));
#14416=CARTESIAN_POINT('',(0.00550467677739621,-0.02074975712269,0.0294194238553803));
#14417=CARTESIAN_POINT('',(0.00550467677739621,-0.0205676194565068,0.0293867316165387));
#14418=CARTESIAN_POINT('',(0.00550467677739621,-0.0204749919860464,0.0293812));
#14419=CARTESIAN_POINT('',(0.00550467677739621,-0.0204286782508162,0.0293812));
#14420=CARTESIAN_POINT('',(0.00550467677739621,-0.0217586782508162,0.0309062));
#14421=CARTESIAN_POINT('',(0.00550467677739621,-0.0217586782508162,0.0342512));
#14422=CARTESIAN_POINT('',(0.00550467677739621,-0.0237120373120548,0.0362660181109114));
#14423=CARTESIAN_POINT('',(0.00550467677739621,-0.023908477968929,0.0358737347849762));
#14424=CARTESIAN_POINT('',(0.00550467677739621,-0.0240913549342781,0.0360451756118808));
#14425=CARTESIAN_POINT('',(0.00550467677739621,-0.0236237262750461,0.036298244112062));
#14426=CARTESIAN_POINT('',(0.00550467677739621,-0.0241554577957376,0.0363171395094901));
#14427=CARTESIAN_POINT('',(0.00550467677739621,-0.0240386033624867,0.0363171395094901));
#14428=CARTESIAN_POINT('',(0.00550467677739621,-0.023921001315076,0.0363171395094901));
#14429=CARTESIAN_POINT('',(0.00550467677739621,-0.023921001315076,0.0362870052078241));
#14430=CARTESIAN_POINT('',(0.00550467677739621,-0.023921001315076,0.0362568709061581));
#14431=CARTESIAN_POINT('',(0.00550467677739621,-0.023921001315076,0.0362568709061581));
#14432=CARTESIAN_POINT('',(0.00550467677739621,-0.023921001315076,0.0358737347849762));
#14433=CARTESIAN_POINT('',(0.00550467677739621,-0.0235049914102585,0.0358737347849762));
#14434=CARTESIAN_POINT('',(0.00550467677739621,-0.0235049914102585,0.0358737347849762));
#14435=CARTESIAN_POINT('',(0.00550467677739621,-0.0231318348305374,0.0358737347849762));
#14436=CARTESIAN_POINT('',(0.00550467677739621,-0.0227586782508163,0.0358737347849762));
#14437=CARTESIAN_POINT('',(0.00550467677739621,-0.0227586782508163,0.0357598506059527));
#14438=CARTESIAN_POINT('',(0.00550467677739621,-0.0227586782508163,0.0356459664269293));
#14439=CARTESIAN_POINT('',(0.00550467677739621,-0.02344491848421,0.0356459664269293));
#14440=CARTESIAN_POINT('',(0.00550467677739621,-0.0241311587176037,0.0356459664269293));
#14441=CARTESIAN_POINT('',(0.00550467677739621,-0.0241311587176037,0.0357598506059527));
#14442=CARTESIAN_POINT('',(0.00550467677739621,-0.0241311587176037,0.0358737347849762));
#14443=CARTESIAN_POINT('',(0.00550467677739621,-0.0240198183432664,0.0358737347849762));
#14444=CARTESIAN_POINT('',(0.00550467677739621,-0.019010194640067,0.0375962));
#14445=CARTESIAN_POINT('',(0.00550467677739621,-0.0190286782508162,0.0411212));
#14446=CARTESIAN_POINT('',(0.00550467677739621,-0.0154851461802772,0.0375962));
#14447=CARTESIAN_POINT('',(0.00550467677739621,-0.0220586782508162,0.0411212));
#14448=CARTESIAN_POINT('',(0.00550467677739621,-0.0250886782508162,0.0411212));
#14449=CARTESIAN_POINT('',(0.00550467677739621,-0.0250886782508162,0.0691));
#14450=CARTESIAN_POINT('',(0.00550467677739621,-0.0250886782508162,0.0269655645170365));
#14451=CARTESIAN_POINT('',(0.00550467677739621,-0.0202914388620488,0.026961482213259));
#14452=CARTESIAN_POINT('',(0.00550467677739621,-0.0154941994732814,0.0269573999094815));
#14453=CARTESIAN_POINT('',(0.00550467677739621,-0.0154896728267793,0.0322767999547407));
#14454=CARTESIAN_POINT('',(-0.0556293232226038,-0.0148386782508162,0.0691));
#14455=CARTESIAN_POINT('',(-0.0556293232226038,-0.00458867825081623,0.0691));
#14456=CARTESIAN_POINT('',(-0.0556293232226038,-0.00458867825081623,0.0691));
#14457=CARTESIAN_POINT('',(-0.0556293232226038,-0.00458867825081623,-0.002));
#14458=CARTESIAN_POINT('',(-0.0556293232226038,-0.0148386782508162,-0.002));
#14459=CARTESIAN_POINT('',(-0.0556293232226038,-0.0250886782508162,-0.002));
#14460=CARTESIAN_POINT('',(-0.0556293232226038,-0.0250886782508162,0.0691));
#14461=CARTESIAN_POINT('',(-0.0556293232226038,-0.0250886782508162,0.0691));
#14462=CARTESIAN_POINT('',(-0.0556293232226038,-0.0148386782508162,0.0691));
#14463=CARTESIAN_POINT('',(-0.0556293232226038,-0.0151414757257624,0.0669814773588848));
#14464=CARTESIAN_POINT('',(-0.0556293232226038,-0.0151664018089441,0.0669132920760571));
#14465=CARTESIAN_POINT('',(-0.0556293232226038,-0.0151165496425807,0.0670496626417124));
#14466=CARTESIAN_POINT('',(-0.0556293232226038,-0.0155353852885034,0.065178602290882));
#14467=CARTESIAN_POINT('',(-0.0556293232226038,-0.0159043687680626,0.0634439125057068));
#14468=CARTESIAN_POINT('',(-0.0556293232226038,-0.0175236888892524,0.0627218765520855));
#14469=CARTESIAN_POINT('',(-0.0556293232226038,-0.0191430090104421,0.0619998405984643));
#14470=CARTESIAN_POINT('',(-0.0556293232226038,-0.0192051473794531,0.0619613178109759));
#14471=CARTESIAN_POINT('',(-0.0556293232226038,-0.0192672857484639,0.0619227950234876));
#14472=CARTESIAN_POINT('',(-0.0556293232226038,-0.0193153784470645,0.0618699560903277));
#14473=CARTESIAN_POINT('',(-0.0556293232226038,-0.0193634711456652,0.0618171171571678));
#14474=CARTESIAN_POINT('',(-0.0556293232226038,-0.0193954310126718,0.0617532864113459));
#14475=CARTESIAN_POINT('',(-0.0556293232226038,-0.0194273908796785,0.0616894556655241));
#14476=CARTESIAN_POINT('',(-0.0556293232226038,-0.0194411309460775,0.0616179575171844));
#14477=CARTESIAN_POINT('',(-0.0556293232226038,-0.0194548710124765,0.0615464593688447));
#14478=CARTESIAN_POINT('',(-0.0556293232226038,-0.0194487580535346,0.0614738997569629));
#14479=CARTESIAN_POINT('',(-0.0556293232226038,-0.0194426450945928,0.0614013401450812));
#14480=CARTESIAN_POINT('',(-0.0556293232226038,-0.0194176400687475,0.0613344807195341));
#14481=CARTESIAN_POINT('',(-0.0556293232226038,-0.0193926350429022,0.0612676212939871));
#14482=CARTESIAN_POINT('',(-0.0556293232226038,-0.0193505421758885,0.0612100200527084));
#14483=CARTESIAN_POINT('',(-0.0556293232226038,-0.0193084493088748,0.0611524188114298));
#14484=CARTESIAN_POINT('',(-0.0556293232226038,-0.019251072692827,0.0611076335737743));
#14485=CARTESIAN_POINT('',(-0.0556293232226038,-0.0191936960767791,0.0610628483361188));
#14486=CARTESIAN_POINT('',(-0.0556293232226038,-0.0176581383334576,0.0601753989540839));
#14487=CARTESIAN_POINT('',(-0.0556293232226038,-0.0161225805901361,0.059287949572049));
#14488=CARTESIAN_POINT('',(-0.0556293232226038,-0.0159368800001871,0.057523784424959));
#14489=CARTESIAN_POINT('',(-0.0556293232226038,-0.0157511794102382,0.055759619277869));
#14490=CARTESIAN_POINT('',(-0.0556293232226038,-0.015733484834636,0.0556886208499488));
#14491=CARTESIAN_POINT('',(-0.0556293232226038,-0.0157157902590338,0.0556176224220286));
#14492=CARTESIAN_POINT('',(-0.0556293232226038,-0.0156803787242534,0.0555555189231097));
#14493=CARTESIAN_POINT('',(-0.0556293232226038,-0.0156449671894729,0.0554934154241908));
#14494=CARTESIAN_POINT('',(-0.0556293232226038,-0.0155942576385563,0.0554432810173176));
#14495=CARTESIAN_POINT('',(-0.0556293232226038,-0.0155435480876397,0.0553931466104444));
#14496=CARTESIAN_POINT('',(-0.0556293232226038,-0.0154799595622013,0.0553580553464983));
#14497=CARTESIAN_POINT('',(-0.0556293232226038,-0.015416371036763,0.0553229640825521));
#14498=CARTESIAN_POINT('',(-0.0556293232226038,-0.0153454751271908,0.055306510229077));
#14499=CARTESIAN_POINT('',(-0.0556293232226038,-0.0152745792176185,0.0552900563756019));
#14500=CARTESIAN_POINT('',(-0.0556293232226038,-0.0152031179657782,0.0552933226121729));
#14501=CARTESIAN_POINT('',(-0.0556293232226038,-0.015131656713938,0.0552965888487439));
#14502=CARTESIAN_POINT('',(-0.0556293232226038,-0.0150638047600905,0.0553188819510923));
#14503=CARTESIAN_POINT('',(-0.0556293232226038,-0.014995952806243,0.0553411750534407));
#14504=CARTESIAN_POINT('',(-0.0556293232226038,-0.0149358848520902,0.0553818018665856));
#14505=CARTESIAN_POINT('',(-0.0556293232226038,-0.0148758168979374,0.0554224286797305));
#14506=CARTESIAN_POINT('',(-0.0556293232226038,-0.0135566812084341,0.0566085478307234));
#14507=CARTESIAN_POINT('',(-0.0556293232226038,-0.0122375455189309,0.0577946669817163));
#14508=CARTESIAN_POINT('',(-0.0556293232226038,-0.0105010225172332,0.0574273091093758));
#14509=CARTESIAN_POINT('',(-0.0556293232226038,-0.00876449951553554,0.0570599512370354));
#14510=CARTESIAN_POINT('',(-0.0556293232226038,-0.00869171921756601,0.0570549210057625));
#14511=CARTESIAN_POINT('',(-0.0556293232226038,-0.00861893891959648,0.0570498907744897));
#14512=CARTESIAN_POINT('',(-0.0556293232226038,-0.00854908049682404,0.057064497056346));
#14513=CARTESIAN_POINT('',(-0.0556293232226038,-0.0084792220740516,0.0570791033382023));
#14514=CARTESIAN_POINT('',(-0.0556293232226038,-0.00841594975692326,0.0571119388526298));
#14515=CARTESIAN_POINT('',(-0.0556293232226038,-0.00835267743979491,0.0571447743670573));
#14516=CARTESIAN_POINT('',(-0.0556293232226038,-0.00829965552019871,0.0571944319027859));
#14517=CARTESIAN_POINT('',(-0.0556293232226038,-0.00824663360060251,0.0572440894385145));
#14518=CARTESIAN_POINT('',(-0.0556293232226038,-0.0082091498283139,0.0573064224396422));
#14519=CARTESIAN_POINT('',(-0.0556293232226038,-0.00817166605602529,0.0573687554407699));
#14520=CARTESIAN_POINT('',(-0.0556293232226038,-0.00815288401852318,0.0574377759761055));
#14521=CARTESIAN_POINT('',(-0.0556293232226038,-0.00813410198102106,0.0575067965114412));
#14522=CARTESIAN_POINT('',(-0.0556293232226038,-0.00813449969315603,0.0575783351014047));
#14523=CARTESIAN_POINT('',(-0.0556293232226038,-0.008134897405291,0.0576498736913682));
#14524=CARTESIAN_POINT('',(-0.0556293232226038,-0.00815495302336135,0.0577197609042296));
#14525=CARTESIAN_POINT('',(-0.0556293232226038,-0.0081750086414317,0.057789648117091));
#14526=CARTESIAN_POINT('',(-0.0556293232226038,-0.00889521137853041,0.0594105938454995));
#14527=CARTESIAN_POINT('',(-0.0556293232226038,-0.00961541411562913,0.061031539573908));
#14528=CARTESIAN_POINT('',(-0.0556293232226038,-0.0087293067919522,0.0625678721549838));
#14529=CARTESIAN_POINT('',(-0.0556293232226038,-0.00784319946827527,0.0641042047360596));
#14530=CARTESIAN_POINT('',(-0.0556293232226038,-0.00781634899716978,0.0641715585536986));
#14531=CARTESIAN_POINT('',(-0.0556293232226038,-0.00778949852606428,0.0642389123713377));
#14532=CARTESIAN_POINT('',(-0.0556293232226038,-0.00778179605042489,0.0643098562344671));
#14533=CARTESIAN_POINT('',(-0.0556293232226038,-0.0077740935747855,0.0643808000975964));
#14534=CARTESIAN_POINT('',(-0.0556293232226038,-0.00778562023931763,0.0644512710391726));
#14535=CARTESIAN_POINT('',(-0.0556293232226038,-0.00779714690384976,0.0645217419807489));
#14536=CARTESIAN_POINT('',(-0.0556293232226038,-0.00782798387967119,0.0645876768122741));
#14537=CARTESIAN_POINT('',(-0.0556293232226038,-0.00785882085549261,0.0646536116437994));
#14538=CARTESIAN_POINT('',(-0.0556293232226038,-0.0079066180285972,0.0647086209385096));
#14539=CARTESIAN_POINT('',(-0.0556293232226038,-0.00795441520170179,0.0647636302332199));
#14540=CARTESIAN_POINT('',(-0.0556293232226038,-0.00801425669197912,0.0648028628794934));
#14541=CARTESIAN_POINT('',(-0.0556293232226038,-0.00807409818225646,0.0648420955257669));
#14542=CARTESIAN_POINT('',(-0.0556293232226038,-0.00814221675168784,0.0648637957435062));
#14543=CARTESIAN_POINT('',(-0.0556293232226038,-0.00821033532111922,0.0648854959612456));
#14544=CARTESIAN_POINT('',(-0.0556293232226038,-0.00828296360382921,0.0648879081332387));
#14545=CARTESIAN_POINT('',(-0.0556293232226038,-0.0083555918865392,0.0648903203052318));
#14546=CARTESIAN_POINT('',(-0.0556293232226038,-0.0101200406332122,0.0647056781233356));
#14547=CARTESIAN_POINT('',(-0.0556293232226038,-0.0118844893798852,0.0645210359414394));
#14548=CARTESIAN_POINT('',(-0.0556293232226038,-0.013072441787404,0.065838546013005));
#14549=CARTESIAN_POINT('',(-0.0556293232226038,-0.0142603941949227,0.0671560560845706));
#14550=CARTESIAN_POINT('',(-0.0556293232226038,-0.0143160734575887,0.0672026432300727));
#14551=CARTESIAN_POINT('',(-0.0556293232226038,-0.0143717527202547,0.0672492303755749));
#14552=CARTESIAN_POINT('',(-0.0556293232226038,-0.0144369600016582,0.0672785880194317));
#14553=CARTESIAN_POINT('',(-0.0556293232226038,-0.0145021672830616,0.0673079456632885));
#14554=CARTESIAN_POINT('',(-0.0556293232226038,-0.0145728447875586,0.0673188214616787));
#14555=CARTESIAN_POINT('',(-0.0556293232226038,-0.0146435222920556,0.0673296972600689));
#14556=CARTESIAN_POINT('',(-0.0556293232226038,-0.0147156120904013,0.0673208386905922));
#14557=CARTESIAN_POINT('',(-0.0556293232226038,-0.0147877018887471,0.0673119801211155));
#14558=CARTESIAN_POINT('',(-0.0556293232226038,-0.0148545628102098,0.0672836069574318));
#14559=CARTESIAN_POINT('',(-0.0556293232226038,-0.0149214237316726,0.0672552337937481));
#14560=CARTESIAN_POINT('',(-0.0556293232226038,-0.014977194346848,0.0672104763238072));
#14561=CARTESIAN_POINT('',(-0.0556293232226038,-0.0150329649620234,0.0671657188538664));
#14562=CARTESIAN_POINT('',(-0.0556293232226038,-0.0150747573023021,0.0671076907477894));
#14563=CARTESIAN_POINT('',(-0.0556293232226038,-0.0207927224500974,0.0564965208011976));
#14564=CARTESIAN_POINT('',(-0.0556293232226038,-0.0208141150808966,0.0564751882671882));
#14565=CARTESIAN_POINT('',(-0.0556293232226038,-0.0207713298192982,0.056517853335207));
#14566=CARTESIAN_POINT('',(-0.0556293232226038,-0.0212583567005283,0.0558858381407964));
#14567=CARTESIAN_POINT('',(-0.0556293232226038,-0.0217025983201599,0.0552964880144046));
#14568=CARTESIAN_POINT('',(-0.0556293232226038,-0.0224403131770055,0.0553089587271492));
#14569=CARTESIAN_POINT('',(-0.0556293232226038,-0.0231780280338511,0.0553214294398938));
#14570=CARTESIAN_POINT('',(-0.0556293232226038,-0.0232082386598779,0.0553178286912476));
#14571=CARTESIAN_POINT('',(-0.0556293232226038,-0.0232384492859047,0.0553142279426014));
#14572=CARTESIAN_POINT('',(-0.0556293232226038,-0.02326588031831,0.0553027576200271));
#14573=CARTESIAN_POINT('',(-0.0556293232226038,-0.0232933113507152,0.0552912872974529));
#14574=CARTESIAN_POINT('',(-0.0556293232226038,-0.0233165909632229,0.0552728341147945));
#14575=CARTESIAN_POINT('',(-0.0556293232226038,-0.0233398705757305,0.0552543809321362));
#14576=CARTESIAN_POINT('',(-0.0556293232226038,-0.0233576270009761,0.055229831666126));
#14577=CARTESIAN_POINT('',(-0.0556293232226038,-0.0233753834262218,0.0552052824001157));
#14578=CARTESIAN_POINT('',(-0.0556293232226038,-0.023385838907885,0.0551768412646224));
#14579=CARTESIAN_POINT('',(-0.0556293232226038,-0.0233962943895482,0.055148400129129));
#14580=CARTESIAN_POINT('',(-0.0556293232226038,-0.0233986221897722,0.0551187863017217));
#14581=CARTESIAN_POINT('',(-0.0556293232226038,-0.0234009499899962,0.0550891724743143));
#14582=CARTESIAN_POINT('',(-0.0556293232226038,-0.0233952048351671,0.0550600451712903));
#14583=CARTESIAN_POINT('',(-0.0556293232226038,-0.023389459680338,0.0550309178682662));
#14584=CARTESIAN_POINT('',(-0.0556293232226038,-0.0233756962778606,0.0550039362150749));
#14585=CARTESIAN_POINT('',(-0.0556293232226038,-0.0233619328753831,0.0549769545618836));
#14586=CARTESIAN_POINT('',(-0.0556293232226038,-0.0229388681204712,0.0543721933140692));
#14587=CARTESIAN_POINT('',(-0.0556293232226038,-0.0225158033655594,0.0537674320662548));
#14588=CARTESIAN_POINT('',(-0.0556293232226038,-0.0227560281930151,0.0530694133851522));
#14589=CARTESIAN_POINT('',(-0.0556293232226038,-0.0229962530204709,0.0523713947040497));
#14590=CARTESIAN_POINT('',(-0.0556293232226038,-0.0230020658998457,0.0523415055236938));
#14591=CARTESIAN_POINT('',(-0.0556293232226038,-0.0230078787792206,0.0523116163433379));
#14592=CARTESIAN_POINT('',(-0.0556293232226038,-0.0230054453153919,0.0522819660421772));
#14593=CARTESIAN_POINT('',(-0.0556293232226038,-0.0230030118515632,0.0522523157410165));
#14594=CARTESIAN_POINT('',(-0.0556293232226038,-0.0229927037048692,0.0522244891655476));
#14595=CARTESIAN_POINT('',(-0.0556293232226038,-0.0229823955581752,0.0521966625900787));
#14596=CARTESIAN_POINT('',(-0.0556293232226038,-0.0229645844458574,0.0521722445618313));
#14597=CARTESIAN_POINT('',(-0.0556293232226038,-0.0229467733335394,0.052147826533584));
#14598=CARTESIAN_POINT('',(-0.0556293232226038,-0.0229229284750676,0.0521291525114349));
#14599=CARTESIAN_POINT('',(-0.0556293232226038,-0.0228990836165957,0.0521104784892857));
#14600=CARTESIAN_POINT('',(-0.0556293232226038,-0.0228715573813477,0.0520991425262625));
#14601=CARTESIAN_POINT('',(-0.0556293232226038,-0.0228440311460997,0.0520878065632393));
#14602=CARTESIAN_POINT('',(-0.0556293232226038,-0.0228145199277619,0.0520842813985616));
#14603=CARTESIAN_POINT('',(-0.0556293232226038,-0.0227850087094242,0.052080756233884));
#14604=CARTESIAN_POINT('',(-0.0556293232226038,-0.0227552089126702,0.0520855146437092));
#14605=CARTESIAN_POINT('',(-0.0556293232226038,-0.0227254091159161,0.0520902730535344));
#14606=CARTESIAN_POINT('',(-0.0556293232226038,-0.0220192916917949,0.0523056257717304));
#14607=CARTESIAN_POINT('',(-0.0556293232226038,-0.0213131742676736,0.0525209784899264));
#14608=CARTESIAN_POINT('',(-0.0556293232226038,-0.0207228468444642,0.0520770275661455));
#14609=CARTESIAN_POINT('',(-0.0556293232226038,-0.020132519421255,0.0516330766423647));
#14610=CARTESIAN_POINT('',(-0.0556293232226038,-0.0201059547973239,0.0516183796644207));
#14611=CARTESIAN_POINT('',(-0.0556293232226038,-0.0200793901733928,0.0516036826864767));
#14612=CARTESIAN_POINT('',(-0.0556293232226038,-0.0200504740848108,0.0515969055405343));
#14613=CARTESIAN_POINT('',(-0.0556293232226038,-0.0200215579962289,0.0515901283945918));
#14614=CARTESIAN_POINT('',(-0.0556293232226038,-0.0199919199147438,0.0515913847462413));
#14615=CARTESIAN_POINT('',(-0.0556293232226038,-0.0199622818332588,0.0515926410978907));
#14616=CARTESIAN_POINT('',(-0.0556293232226038,-0.0199335512416058,0.0516020446496599));
#14617=CARTESIAN_POINT('',(-0.0556293232226038,-0.0199048206499528,0.0516114482014292));
#14618=CARTESIAN_POINT('',(-0.0556293232226038,-0.0198797210887513,0.0516283650208282));
#14619=CARTESIAN_POINT('',(-0.0556293232226038,-0.01985462152755,0.0516452818402272));
#14620=CARTESIAN_POINT('',(-0.0556293232226038,-0.0198353992450455,0.051668009940366));
#14621=CARTESIAN_POINT('',(-0.0556293232226038,-0.0198161769625412,0.0516907380405049));
#14622=CARTESIAN_POINT('',(-0.0556293232226038,-0.0198037455263574,0.0517177889589457));
#14623=CARTESIAN_POINT('',(-0.0556293232226038,-0.0197913140901737,0.0517448398773865));
#14624=CARTESIAN_POINT('',(-0.0556293232226038,-0.0197865871128662,0.0517747251946144));
#14625=CARTESIAN_POINT('',(-0.0556293232226038,-0.0197818601355588,0.0518046105118423));
#14626=CARTESIAN_POINT('',(-0.0556293232226038,-0.0197684121259967,0.0525426160645388));
#14627=CARTESIAN_POINT('',(-0.0556293232226038,-0.0197549641164345,0.0532806216172352));
#14628=CARTESIAN_POINT('',(-0.0556293232226038,-0.019150572759474,0.0537042146310326));
#14629=CARTESIAN_POINT('',(-0.0556293232226038,-0.0185461814025134,0.0541278076448301));
#14630=CARTESIAN_POINT('',(-0.0556293232226038,-0.0185242092127075,0.0541484881489303));
#14631=CARTESIAN_POINT('',(-0.0556293232226038,-0.0185022370229017,0.0541691686530305));
#14632=CARTESIAN_POINT('',(-0.0556293232226038,-0.0184868551730723,0.0541945706951117));
#14633=CARTESIAN_POINT('',(-0.0556293232226038,-0.018471473323243,0.0542199727371929));
#14634=CARTESIAN_POINT('',(-0.0556293232226038,-0.0184634269680884,0.0542485782290753));
#14635=CARTESIAN_POINT('',(-0.0556293232226038,-0.0184553806129337,0.0542771837209577));
#14636=CARTESIAN_POINT('',(-0.0556293232226038,-0.0184554149560606,0.0543074744955845));
#14637=CARTESIAN_POINT('',(-0.0556293232226038,-0.0184554492991873,0.0543377652702112));
#14638=CARTESIAN_POINT('',(-0.0556293232226038,-0.018463801692084,0.0543669182252943));
#14639=CARTESIAN_POINT('',(-0.0556293232226038,-0.0184721540849806,0.0543960711803775));
#14640=CARTESIAN_POINT('',(-0.0556293232226038,-0.0184878236512446,0.0544213921541297));
#14641=CARTESIAN_POINT('',(-0.0556293232226038,-0.0185034932175086,0.0544467131278819));
#14642=CARTESIAN_POINT('',(-0.0556293232226038,-0.0185253679207458,0.0544668773819536));
#14643=CARTESIAN_POINT('',(-0.0556293232226038,-0.018547242623983,0.0544870416360253));
#14644=CARTESIAN_POINT('',(-0.0556293232226038,-0.0185742103509308,0.0545007244710134));
#14645=CARTESIAN_POINT('',(-0.0556293232226038,-0.0186011780778786,0.0545144073060015));
#14646=CARTESIAN_POINT('',(-0.0556293232226038,-0.0192991175779581,0.0547550811913544));
#14647=CARTESIAN_POINT('',(-0.0556293232226038,-0.0199970570780375,0.0549957550767074));
#14648=CARTESIAN_POINT('',(-0.0556293232226038,-0.0202133871100235,0.0557015818079705));
#14649=CARTESIAN_POINT('',(-0.0556293232226038,-0.0204297171420095,0.0564074085392336));
#14650=CARTESIAN_POINT('',(-0.0556293232226038,-0.0204425234829712,0.056434771274677));
#14651=CARTESIAN_POINT('',(-0.0556293232226038,-0.020455329823933,0.0564621340101204));
#14652=CARTESIAN_POINT('',(-0.0556293232226038,-0.0204747598216139,0.0564846742773209));
#14653=CARTESIAN_POINT('',(-0.0556293232226038,-0.0204941898192949,0.0565072145445214));
#14654=CARTESIAN_POINT('',(-0.0556293232226038,-0.0205189333137709,0.0565237463773494));
#14655=CARTESIAN_POINT('',(-0.0556293232226038,-0.0205436768082469,0.0565402782101774));
#14656=CARTESIAN_POINT('',(-0.0556293232226038,-0.0205724236206125,0.0565496155516553));
#14657=CARTESIAN_POINT('',(-0.0556293232226038,-0.020601170432978,0.0565589528931332));
#14658=CARTESIAN_POINT('',(-0.0556293232226038,-0.0206313771762721,0.0565600106541268));
#14659=CARTESIAN_POINT('',(-0.0556293232226038,-0.0206615839195662,0.0565610684151204));
#14660=CARTESIAN_POINT('',(-0.0556293232226038,-0.020690489418571,0.0565539963473309));
#14661=CARTESIAN_POINT('',(-0.0556293232226038,-0.0207193949175759,0.0565469242795415));
#14662=CARTESIAN_POINT('',(-0.0556293232226038,-0.020745362368437,0.0565323888073742));
#14663=CARTESIAN_POINT('',(-0.0556293232226038,-0.0138661436021302,0.0519461265338195));
#14664=CARTESIAN_POINT('',(-0.0556293232226038,-0.0137738181778667,0.0519248209134157));
#14665=CARTESIAN_POINT('',(-0.0556293232226038,-0.0139584690263937,0.0519674321542233));
#14666=CARTESIAN_POINT('',(-0.0556293232226038,-0.0140530915021657,0.0519624823557425));
#14667=CARTESIAN_POINT('',(-0.0556293232226038,-0.0141477139779377,0.0519575325572618));
#14668=CARTESIAN_POINT('',(-0.0556293232226038,-0.0142367295943757,0.0519273192710654));
#14669=CARTESIAN_POINT('',(-0.0556293232226038,-0.0143257452108138,0.051897105984869));
#14670=CARTESIAN_POINT('',(-0.0556293232226038,-0.0144034602772656,0.0518442150169123));
#14671=CARTESIAN_POINT('',(-0.0556293232226038,-0.0144811753437175,0.0517913240489557));
#14672=CARTESIAN_POINT('',(-0.0556293232226038,-0.0145426225604677,0.0517183029445914));
#14673=CARTESIAN_POINT('',(-0.0556293232226038,-0.014604069777218,0.0516452818402272));
#14674=CARTESIAN_POINT('',(-0.0556293232226038,-0.0158397945671232,0.0496683488524925));
#14675=CARTESIAN_POINT('',(-0.0556293232226038,-0.0170755193570284,0.0476914158647578));
#14676=CARTESIAN_POINT('',(-0.0556293232226038,-0.0194019018555899,0.0475276793176877));
#14677=CARTESIAN_POINT('',(-0.0556293232226038,-0.0217282843541513,0.0473639427706176));
#14678=CARTESIAN_POINT('',(-0.0556293232226038,-0.0218217574230846,0.0473442410872366));
#14679=CARTESIAN_POINT('',(-0.0556293232226038,-0.0219152304920179,0.0473245394038555));
#14680=CARTESIAN_POINT('',(-0.0556293232226038,-0.0219984623891664,0.0472808970805042));
#14681=CARTESIAN_POINT('',(-0.0556293232226038,-0.0220816942863149,0.0472372547571529));
#14682=CARTESIAN_POINT('',(-0.0556293232226038,-0.0221502087441451,0.0471728045884403));
#14683=CARTESIAN_POINT('',(-0.0556293232226038,-0.0222187232019754,0.0471083544197278));
#14684=CARTESIAN_POINT('',(-0.0556293232226038,-0.0222680437760155,0.0470262293487322));
#14685=CARTESIAN_POINT('',(-0.0556293232226038,-0.0223173643500556,0.0469441042777365));
#14686=CARTESIAN_POINT('',(-0.0556293232226038,-0.0223422345310396,0.0468517066609693));
#14687=CARTESIAN_POINT('',(-0.0556293232226038,-0.0223671047120235,0.0467593090442022));
#14688=CARTESIAN_POINT('',(-0.0556293232226038,-0.0223659405901768,0.0466654470187107));
#14689=CARTESIAN_POINT('',(-0.0556293232226038,-0.0223647764683301,0.0465715849932193));
#14690=CARTESIAN_POINT('',(-0.0556293232226038,-0.0223386105255348,0.0464815001752579));
#14691=CARTESIAN_POINT('',(-0.0556293232226038,-0.0223124445827395,0.0463914153572966));
#14692=CARTESIAN_POINT('',(-0.0556293232226038,-0.0222623093788371,0.0463103490966915));
#14693=CARTESIAN_POINT('',(-0.0556293232226038,-0.0222121741749346,0.0462292828360864));
#14694=CARTESIAN_POINT('',(-0.0556293232226038,-0.0207128955106143,0.0444425121015828));
#14695=CARTESIAN_POINT('',(-0.0556293232226038,-0.019213616846294,0.0426557413670792));
#14696=CARTESIAN_POINT('',(-0.0556293232226038,-0.0197774030042113,0.0403930089123116));
#14697=CARTESIAN_POINT('',(-0.0556293232226038,-0.0203411891621286,0.0381302764575441));
#14698=CARTESIAN_POINT('',(-0.0556293232226038,-0.0203511997144608,0.0380352232045823));
#14699=CARTESIAN_POINT('',(-0.0556293232226038,-0.0203612102667928,0.0379401699516205));
#14700=CARTESIAN_POINT('',(-0.0556293232226038,-0.0203453950247021,0.0378474661760578));
#14701=CARTESIAN_POINT('',(-0.0556293232226038,-0.0203295797826113,0.037754762400495));
#14702=CARTESIAN_POINT('',(-0.0556293232226038,-0.0202895093581888,0.0376696966349291));
#14703=CARTESIAN_POINT('',(-0.0556293232226038,-0.0202494389337664,0.0375846308693632));
#14704=CARTESIAN_POINT('',(-0.0556293232226038,-0.0201866840923179,0.037512491769096));
#14705=CARTESIAN_POINT('',(-0.0556293232226038,-0.0201239292508692,0.0374403526688288));
#14706=CARTESIAN_POINT('',(-0.0556293232226038,-0.0200437505971904,0.0373881523268285));
#14707=CARTESIAN_POINT('',(-0.0556293232226038,-0.0199635719435117,0.037335951984828));
#14708=CARTESIAN_POINT('',(-0.0556293232226038,-0.019873828668825,0.0373078573224571));
#14709=CARTESIAN_POINT('',(-0.0556293232226038,-0.0197840853941385,0.0372797626600862));
#14710=CARTESIAN_POINT('',(-0.0556293232226038,-0.0196902460315272,0.037276794292203));
#14711=CARTESIAN_POINT('',(-0.0556293232226038,-0.0195964066689158,0.03727382592432));
#14712=CARTESIAN_POINT('',(-0.0556293232226038,-0.0195039397962075,0.0372970045789974));
#14713=CARTESIAN_POINT('',(-0.0556293232226038,-0.0194114729234993,0.0373201832336749));
#14714=CARTESIAN_POINT('',(-0.0556293232226038,-0.0172486832333156,0.0381922832959347));
#14715=CARTESIAN_POINT('',(-0.0556293232226038,-0.0150858935431319,0.0390643833581944));
#14716=CARTESIAN_POINT('',(-0.0556293232226038,-0.0131074000746587,0.0378299679671013));
#14717=CARTESIAN_POINT('',(-0.0556293232226038,-0.0111289066061856,0.0365955525760082));
#14718=CARTESIAN_POINT('',(-0.0556293232226038,-0.0110418694441912,0.0365566693532371));
#14719=CARTESIAN_POINT('',(-0.0556293232226038,-0.0109548322821968,0.0365177861304661));
#14720=CARTESIAN_POINT('',(-0.0556293232226038,-0.0108619031529206,0.0365044143726052));
#14721=CARTESIAN_POINT('',(-0.0556293232226038,-0.0107689740236443,0.0364910426147442));
#14722=CARTESIAN_POINT('',(-0.0556293232226038,-0.0106757155640294,0.0365031266999582));
#14723=CARTESIAN_POINT('',(-0.0556293232226038,-0.0105824571044144,0.0365152107851723));
#14724=CARTESIAN_POINT('',(-0.0556293232226038,-0.0104944319961489,0.0365526952048401));
#14725=CARTESIAN_POINT('',(-0.0556293232226038,-0.0104064068878833,0.036590179624508));
#14726=CARTESIAN_POINT('',(-0.0556293232226038,-0.0103320962612699,0.0366501237530747));
#14727=CARTESIAN_POINT('',(-0.0556293232226038,-0.0102577856346564,0.0367100678816413));
#14728=CARTESIAN_POINT('',(-0.0556293232226038,-0.0102035819370443,0.0367865467924922));
#14729=CARTESIAN_POINT('',(-0.0556293232226038,-0.0101493782394322,0.0368630257033431));
#14730=CARTESIAN_POINT('',(-0.0556293232226038,-0.0101177113084108,0.0369515075613443));
#14731=CARTESIAN_POINT('',(-0.0556293232226038,-0.0100860443773894,0.0370399894193454));
#14732=CARTESIAN_POINT('',(-0.0556293232226038,-0.0100793440600378,0.0371359422808936));
#14733=CARTESIAN_POINT('',(-0.0556293232226038,-0.0100726437426861,0.0372318951424418));
#14734=CARTESIAN_POINT('',(-0.0556293232226038,-0.010233510360716,0.0395580265000973));
#14735=CARTESIAN_POINT('',(-0.0556293232226038,-0.0103943769787458,0.0418841578577529));
#14736=CARTESIAN_POINT('',(-0.0556293232226038,-0.00860904123825209,0.0433835620677813));
#14737=CARTESIAN_POINT('',(-0.0556293232226038,-0.0068237054977584,0.0448829662778097));
#14738=CARTESIAN_POINT('',(-0.0556293232226038,-0.00675964958491957,0.0449540421102246));
#14739=CARTESIAN_POINT('',(-0.0556293232226038,-0.00669559367208074,0.0450251179426395));
#14740=CARTESIAN_POINT('',(-0.0556293232226038,-0.00665424943521476,0.0451092963852078));
#14741=CARTESIAN_POINT('',(-0.0556293232226038,-0.00661290519834878,0.0451934748277762));
#14742=CARTESIAN_POINT('',(-0.0556293232226038,-0.00659579610137527,0.0452857381537748));
#14743=CARTESIAN_POINT('',(-0.0556293232226038,-0.00657868700440175,0.0453780014797733));
#14744=CARTESIAN_POINT('',(-0.0556293232226038,-0.00658733648073027,0.0454733316865606));
#14745=CARTESIAN_POINT('',(-0.0556293232226038,-0.00659598595705879,0.0455686618933479));
#14746=CARTESIAN_POINT('',(-0.0556293232226038,-0.00663009456478827,0.0456580860719556));
#14747=CARTESIAN_POINT('',(-0.0556293232226038,-0.00666420317251774,0.0457475102505633));
#14748=CARTESIAN_POINT('',(-0.0556293232226038,-0.00672014877850982,0.045822849263922));
#14749=CARTESIAN_POINT('',(-0.0556293232226038,-0.00677609438450189,0.0458981882772808));
#14750=CARTESIAN_POINT('',(-0.0556293232226038,-0.00685041614125437,0.0459556147592455));
#14751=CARTESIAN_POINT('',(-0.0556293232226038,-0.00692473789800685,0.0460130412412102));
#14752=CARTESIAN_POINT('',(-0.0556293232226038,-0.00701397510648668,0.0460487280025746));
#14753=CARTESIAN_POINT('',(-0.0556293232226038,-0.0071032123149665,0.046084414763939));
#14754=CARTESIAN_POINT('',(-0.0556293232226038,-0.00936581928300551,0.0466496358663765));
#14755=CARTESIAN_POINT('',(-0.0556293232226038,-0.0116284262510445,0.047214856968814));
#14756=CARTESIAN_POINT('',(-0.0556293232226038,-0.0125035217338181,0.0493764628011488));
#14757=CARTESIAN_POINT('',(-0.0556293232226038,-0.0133786172165916,0.0515380686334836));
#14758=CARTESIAN_POINT('',(-0.0556293232226038,-0.0134264509303442,0.0516206505804064));
#14759=CARTESIAN_POINT('',(-0.0556293232226038,-0.0134742846440968,0.0517032325273292));
#14760=CARTESIAN_POINT('',(-0.0556293232226038,-0.0135416346238638,0.0517688150423039));
#14761=CARTESIAN_POINT('',(-0.0556293232226038,-0.0136089846036307,0.0518343975572785));
#14762=CARTESIAN_POINT('',(-0.0556293232226038,-0.0136914013907487,0.0518796092353471));
#14763=CARTESIAN_POINT('',(0.00350467677739621,-0.0195886782508163,0.0691));
#14764=CARTESIAN_POINT('',(0.00350467677739621,-0.0176986782508162,0.037596199999974));
#14765=CARTESIAN_POINT('',(0.00350467677739621,-0.0176986782508155,0.0376438837053161));
#14766=CARTESIAN_POINT('',(0.00350467677739621,-0.0177025627907751,0.0377392511159918));
#14767=CARTESIAN_POINT('',(0.00350467677739621,-0.0177256857311711,0.0379280158895615));
#14768=CARTESIAN_POINT('',(0.00350467677739621,-0.0177836104707642,0.0381594705770402));
#14769=CARTESIAN_POINT('',(0.00350467677739621,-0.0178788286981156,0.0383754817756271));
#14770=CARTESIAN_POINT('',(0.00350467677739621,-0.0179771006861787,0.0385358945115609));
#14771=CARTESIAN_POINT('',(0.00350467677739621,-0.0180610933740479,0.0386480351789664));
#14772=CARTESIAN_POINT('',(0.00350467677739621,-0.0181551589749944,0.0387512870281483));
#14773=CARTESIAN_POINT('',(0.00350467677739621,-0.0182938506894725,0.0388758128589281));
#14774=CARTESIAN_POINT('',(0.00350467677739621,-0.0184887101404181,0.0390023109641093));
#14775=CARTESIAN_POINT('',(0.00350467677739621,-0.0187075993789424,0.0390829761446196));
#14776=CARTESIAN_POINT('',(0.00350467677739621,-0.0188897370451256,0.0391156683834613));
#14777=CARTESIAN_POINT('',(0.00350467677739621,-0.018982364515586,0.0391212));
#14778=CARTESIAN_POINT('',(0.00350467677739621,-0.0190286782508162,0.0391212));
#14779=CARTESIAN_POINT('',(0.00350467677739621,-0.0176986782508162,0.0375962));
#14780=CARTESIAN_POINT('',(0.00350467677739621,-0.0190286782508162,0.0391212));
#14781=CARTESIAN_POINT('',(0.00350467677739621,-0.0195886782508163,0.0391212));
#14782=CARTESIAN_POINT('',(0.00350467677739621,-0.0204286782508162,0.0391212));
#14783=CARTESIAN_POINT('',(0.00350467677739621,-0.0204286782508162,0.0391212));
#14784=CARTESIAN_POINT('',(0.00350467677739621,-0.0204749919860464,0.0391212));
#14785=CARTESIAN_POINT('',(0.00350467677739621,-0.0205676194565068,0.0391156683834613));
#14786=CARTESIAN_POINT('',(0.00350467677739621,-0.0207497571226899,0.0390829761446197));
#14787=CARTESIAN_POINT('',(0.00350467677739621,-0.0209686463612144,0.0390023109641093));
#14788=CARTESIAN_POINT('',(0.00350467677739621,-0.02116350581216,0.038875812858928));
#14789=CARTESIAN_POINT('',(0.00350467677739621,-0.0213021975266381,0.0387512870281484));
#14790=CARTESIAN_POINT('',(0.00350467677739621,-0.0213962631275846,0.0386480351789664));
#14791=CARTESIAN_POINT('',(0.00350467677739621,-0.0214802558154537,0.0385358945115609));
#14792=CARTESIAN_POINT('',(0.00350467677739621,-0.0215785278035169,0.0383754817756271));
#14793=CARTESIAN_POINT('',(0.00350467677739621,-0.0216737460308682,0.0381594705770402));
#14794=CARTESIAN_POINT('',(0.00350467677739621,-0.0217316707704613,0.0379280158895614));
#14795=CARTESIAN_POINT('',(0.00350467677739621,-0.0217547937108556,0.0377392511160065));
#14796=CARTESIAN_POINT('',(0.00350467677739621,-0.0217586782508158,0.0376438837053457));
#14797=CARTESIAN_POINT('',(0.00350467677739621,-0.0217586782508162,0.0375962000000183));
#14798=CARTESIAN_POINT('',(0.00350467677739621,-0.0217586782508162,0.0375962));
#14799=CARTESIAN_POINT('',(0.00350467677739621,-0.0217586782508162,0.0691));
#14800=CARTESIAN_POINT('',(0.00350467677739621,-0.0217586782508162,0.0309062));
#14801=CARTESIAN_POINT('',(0.00350467677739621,-0.0217586782508162,0.030906200000026));
#14802=CARTESIAN_POINT('',(0.00350467677739621,-0.021758678250817,0.0308585162946839));
#14803=CARTESIAN_POINT('',(0.00350467677739621,-0.0217547937108574,0.0307631488840082));
#14804=CARTESIAN_POINT('',(0.00350467677739621,-0.0217316707704613,0.0305743841104384));
#14805=CARTESIAN_POINT('',(0.00350467677739621,-0.0216737460308681,0.0303429294229597));
#14806=CARTESIAN_POINT('',(0.00350467677739621,-0.021578527803517,0.030126918224373));
#14807=CARTESIAN_POINT('',(0.00350467677739621,-0.0214802558154537,0.0299665054884391));
#14808=CARTESIAN_POINT('',(0.00350467677739621,-0.0213962631275846,0.0298543648210336));
#14809=CARTESIAN_POINT('',(0.00350467677739621,-0.0213021975266381,0.0297511129718517));
#14810=CARTESIAN_POINT('',(0.00350467677739621,-0.0211635058121599,0.029626587141072));
#14811=CARTESIAN_POINT('',(0.00350467677739621,-0.0209686463612144,0.0295000890358907));
#14812=CARTESIAN_POINT('',(0.00350467677739621,-0.02074975712269,0.0294194238553803));
#14813=CARTESIAN_POINT('',(0.00350467677739621,-0.0205676194565068,0.0293867316165387));
#14814=CARTESIAN_POINT('',(0.00350467677739621,-0.0204749919860464,0.0293812));
#14815=CARTESIAN_POINT('',(0.00350467677739621,-0.0204286782508162,0.0293812));
#14816=CARTESIAN_POINT('',(0.00350467677739621,-0.0204286782508162,0.0293812));
#14817=CARTESIAN_POINT('',(0.00350467677739621,-0.0195886782508163,0.0293812));
#14818=CARTESIAN_POINT('',(0.00350467677739621,-0.0190286782508162,0.0293812));
#14819=CARTESIAN_POINT('',(0.00350467677739621,-0.0190286782508162,0.0293812));
#14820=CARTESIAN_POINT('',(0.00350467677739621,-0.018982364515586,0.0293812));
#14821=CARTESIAN_POINT('',(0.00350467677739621,-0.0188897370451257,0.0293867316165387));
#14822=CARTESIAN_POINT('',(0.00350467677739621,-0.0187075993789425,0.0294194238553803));
#14823=CARTESIAN_POINT('',(0.00350467677739621,-0.0184887101404181,0.0295000890358907));
#14824=CARTESIAN_POINT('',(0.00350467677739621,-0.0182938506894725,0.0296265871410719));
#14825=CARTESIAN_POINT('',(0.00350467677739621,-0.0181551589749944,0.0297511129718517));
#14826=CARTESIAN_POINT('',(0.00350467677739621,-0.0180610933740479,0.0298543648210336));
#14827=CARTESIAN_POINT('',(0.00350467677739621,-0.0179771006861787,0.0299665054884391));
#14828=CARTESIAN_POINT('',(0.00350467677739621,-0.0178788286981156,0.030126918224373));
#14829=CARTESIAN_POINT('',(0.00350467677739621,-0.0177836104707643,0.0303429294229597));
#14830=CARTESIAN_POINT('',(0.00350467677739621,-0.0177256857311711,0.0305743841104386));
#14831=CARTESIAN_POINT('',(0.00350467677739621,-0.0177025627907769,0.0307631488839935));
#14832=CARTESIAN_POINT('',(0.00350467677739621,-0.0176986782508167,0.0308585162946543));
#14833=CARTESIAN_POINT('',(0.00350467677739621,-0.0176986782508162,0.0309061999999817));
#14834=CARTESIAN_POINT('',(0.00350467677739621,-0.0176986782508162,0.0309061999999817));
#14835=CARTESIAN_POINT('',(0.00350467677739621,-0.0176986782508162,0.0691));
#14836=CARTESIAN_POINT('',(0.00350467677739621,-0.0195886782508163,0.0122936));
#14837=CARTESIAN_POINT('',(0.00350467677739621,-0.0190286782508162,0.0122936));
#14838=CARTESIAN_POINT('',(0.00350467677739622,-0.0250886782508162,0.0122936));
#14839=CARTESIAN_POINT('',(0.00350467677739621,-0.0190286782508162,0.0158186));
#14840=CARTESIAN_POINT('',(0.00350467677739621,-0.0155036782508162,0.0158186));
#14841=CARTESIAN_POINT('',(0.00350467677739621,-0.015458340402437,0.0690964852090058));
#14842=CARTESIAN_POINT('',(0.00350467677739621,-0.0154946249578121,0.0264574000905185));
#14843=CARTESIAN_POINT('',(0.00350467677739621,-0.0196249628061912,0.0264609148815128));
#14844=CARTESIAN_POINT('',(0.00350467677739622,-0.0250886782508162,0.0264655643359993));
#14845=CARTESIAN_POINT('',(0.00350467677739621,-0.0250886782508162,0.0691));
#14846=CARTESIAN_POINT('',(0.00350467677739621,-0.0250886782508162,0.0691));
#14847=CARTESIAN_POINT('',(0.00350467677739621,-0.0195886782508163,0.0691));
#14848=CARTESIAN_POINT('',(0.00350467677739621,-0.0140886782508162,0.0691));
#14849=CARTESIAN_POINT('',(0.00350467677739621,-0.0140886782508162,0.0691));
#14850=CARTESIAN_POINT('',(0.00350467677739621,-0.0140886782508162,0.));
#14851=CARTESIAN_POINT('',(0.00350467677739621,-0.0195886782508163,0.));
#14852=CARTESIAN_POINT('',(0.00350467677739621,-0.0210886782508162,0.));
#14853=CARTESIAN_POINT('',(0.00350467677739621,-0.0210886782508162,0.0691));
#14854=CARTESIAN_POINT('',(0.00350467677739621,-0.0210886782508162,0.00546410161513775));
#14855=CARTESIAN_POINT('',(0.00350467677739621,-0.0210886782508162,0.00546410161513775));
#14856=CARTESIAN_POINT('',(0.00350467677739621,-0.0250886782508162,0.00546410161513774));
#14857=CARTESIAN_POINT('',(0.00350467677739621,-0.0250886782508162,0.0691));
#14858=CARTESIAN_POINT('',(-0.0250623232226038,-0.0148386782508162,0.0691));
#14859=CARTESIAN_POINT('',(-0.0250623232226038,-0.0140886782508162,0.0691));
#14860=CARTESIAN_POINT('',(-0.0355623232226038,-0.0140886782508162,0.0691));
#14861=CARTESIAN_POINT('',(-0.034811057237688,-0.0140886782508162,0.0691));
#14862=CARTESIAN_POINT('',(-0.034811057237688,-0.0140886782508162,0.0691));
#14863=CARTESIAN_POINT('',(-0.034811057237688,-0.0110886782508162,0.0691));
#14864=CARTESIAN_POINT('',(-0.0250623232226038,-0.0110886782508162,0.0691));
#14865=CARTESIAN_POINT('',(-0.0355623232226038,-0.0110886782508162,0.0691));
#14866=CARTESIAN_POINT('',(-0.0355623232226038,-0.0140886782508162,0.0691));
#14867=CARTESIAN_POINT('',(-0.0250623232226038,-0.0148386782508162,0.0691));
#14868=CARTESIAN_POINT('',(-0.0250623232226038,-0.0140886782508162,0.0691));
#14869=CARTESIAN_POINT('',(-0.0536293232226038,-0.0140886782508162,0.0691));
#14870=CARTESIAN_POINT('',(-0.0385623232226038,-0.0140886782508162,0.0691));
#14871=CARTESIAN_POINT('',(-0.0385623232226038,-0.0140886782508162,0.0691));
#14872=CARTESIAN_POINT('',(-0.0385623232226038,-0.0110886782508162,0.0691));
#14873=CARTESIAN_POINT('',(-0.0250623232226038,-0.0110886782508162,0.0691));
#14874=CARTESIAN_POINT('',(-0.0536293232226038,-0.0110886782508162,0.0691));
#14875=CARTESIAN_POINT('',(-0.0536293232226038,-0.00783867825081622,0.0691));
#14876=CARTESIAN_POINT('',(-0.0536293232226038,-0.00458867825081623,0.0691));
#14877=CARTESIAN_POINT('',(-0.0546293232226038,-0.00458867825081623,0.0691));
#14878=CARTESIAN_POINT('',(-0.0546293232226038,-0.0250886782508162,0.0691));
#14879=CARTESIAN_POINT('',(-0.0536293232226038,-0.0250886782508162,0.0691));
#14880=CARTESIAN_POINT('',(-0.0536293232226038,-0.0195886782508163,0.0691));
#14881=CARTESIAN_POINT('',(0.00350467677739621,-0.00783867825081622,0.0691));
#14882=CARTESIAN_POINT('',(0.00350467677739621,-0.00858867825081623,0.00546410161513775));
#14883=CARTESIAN_POINT('',(0.00350467677739621,-0.00858867825081623,0.00546410161513775));
#14884=CARTESIAN_POINT('',(0.00350467677739621,-0.00458867825081623,0.00546410161513775));
#14885=CARTESIAN_POINT('',(0.00350467677739621,-0.00858867825081622,0.0691));
#14886=CARTESIAN_POINT('',(0.00350467677739621,-0.00858867825081622,0.));
#14887=CARTESIAN_POINT('',(0.00350467677739621,-0.00783867825081622,0.));
#14888=CARTESIAN_POINT('',(0.00350467677739621,-0.0110886782508162,0.));
#14889=CARTESIAN_POINT('',(0.00350467677739621,-0.0110886782508162,0.0691));
#14890=CARTESIAN_POINT('',(0.00350467677739621,-0.0110886782508162,0.0691));
#14891=CARTESIAN_POINT('',(0.00350467677739621,-0.00783867825081622,0.0691));
#14892=CARTESIAN_POINT('',(0.00350467677739621,-0.00458867825081622,0.0691));
#14893=CARTESIAN_POINT('',(0.00350467677739621,-0.00458867825081622,0.0691));
#14894=CARTESIAN_POINT('',(-0.0250623232226038,-0.0148386782508162,0.));
#14895=CARTESIAN_POINT('',(-0.0250623232226038,-0.00858867825081622,0.));
#14896=CARTESIAN_POINT('',(-0.00195942483774155,-0.00858867825081623,0.));
#14897=CARTESIAN_POINT('',(-0.00195942483774155,-0.00858867825081623,0.));
#14898=CARTESIAN_POINT('',(-0.00195942483774155,-0.00458867825081622,0.));
#14899=CARTESIAN_POINT('',(-0.0250623232226038,-0.00458867825081622,0.));
#14900=CARTESIAN_POINT('',(-0.048165221607466,-0.00458867825081623,0.));
#14901=CARTESIAN_POINT('',(-0.048165221607466,-0.00858867825081623,0.));
#14902=CARTESIAN_POINT('',(-0.048165221607466,-0.00858867825081623,0.));
#14903=CARTESIAN_POINT('',(-0.0250623232226038,-0.00858867825081622,0.));
#14904=CARTESIAN_POINT('',(-0.0536293232226038,-0.00858867825081623,0.));
#14905=CARTESIAN_POINT('',(-0.0536293232226038,-0.00783867825081622,0.));
#14906=CARTESIAN_POINT('',(-0.0536293232226038,-0.0110886782508162,0.));
#14907=CARTESIAN_POINT('',(-0.0250623232226038,-0.0110886782508162,0.));
#14908=CARTESIAN_POINT('',(-0.0250623232226038,-0.0148386782508162,0.0691));
#14909=CARTESIAN_POINT('',(-0.0250623232226038,-0.0110886782508162,0.0691));
#14910=CARTESIAN_POINT('',(-0.00408422332908131,-0.0110886782508162,0.0691));
#14911=CARTESIAN_POINT('',(-0.00408422332908131,-0.0100886782508162,0.0691));
#14912=CARTESIAN_POINT('',(-0.0040842233290813,-0.0140886782508162,0.0691));
#14913=CARTESIAN_POINT('',(-0.0250623232226038,-0.0140886782508162,0.0691));
#14914=CARTESIAN_POINT('',(0.00450467677739621,-0.0250886782508162,0.0691));
#14915=CARTESIAN_POINT('',(0.00450467677739621,-0.00458867825081622,0.0691));
#14916=CARTESIAN_POINT('',(-0.0250623232226038,-0.0140886782508162,0.0691));
#14917=CARTESIAN_POINT('',(-0.0385623232226038,-0.0140886782508162,0.069975));
#14918=CARTESIAN_POINT('',(-0.0385623232226038,-0.0140886782508162,0.07085));
#14919=CARTESIAN_POINT('',(-0.0536293232226038,-0.0140886782508162,0.0691));
#14920=CARTESIAN_POINT('',(-0.0536293232226038,-0.0140886782508162,0.));
#14921=CARTESIAN_POINT('',(-0.0250623232226038,-0.0140886782508162,0.));
#14922=CARTESIAN_POINT('',(-0.0040842233290813,-0.0140886782508162,0.0691));
#14923=CARTESIAN_POINT('',(-0.00408422332908144,-0.0140886782508162,0.068559999252925));
#14924=CARTESIAN_POINT('',(-0.00608422183493131,-0.0140886782508162,0.06855999850585));
#14925=CARTESIAN_POINT('',(-0.0060842225820065,-0.0140886782508162,0.06656));
#14926=CARTESIAN_POINT('',(-0.0250623232226038,-0.0140886782508162,0.06656));
#14927=CARTESIAN_POINT('',(-0.00904382407615629,-0.0140886782508162,0.06656));
#14928=CARTESIAN_POINT('',(-0.00904382482323128,-0.0140886782508162,0.06855999850585));
#14929=CARTESIAN_POINT('',(-0.0110438233290813,-0.0140886782508162,0.0685599992529252));
#14930=CARTESIAN_POINT('',(-0.0110438233290813,-0.0140886782508162,0.0691));
#14931=CARTESIAN_POINT('',(-0.0110438233290813,-0.0140886782508162,0.0691));
#14932=CARTESIAN_POINT('',(-0.0250623232226038,-0.0140886782508162,0.0691));
#14933=CARTESIAN_POINT('',(-0.0155623232226038,-0.0140886782508162,0.0691));
#14934=CARTESIAN_POINT('',(-0.0155623232226038,-0.0140886782508162,0.069975));
#14935=CARTESIAN_POINT('',(-0.0155623232226038,-0.0140886782508162,0.07085));
#14936=CARTESIAN_POINT('',(-0.0140623232226038,-0.0140886782508162,0.07085));
#14937=CARTESIAN_POINT('',(-0.0125623232226038,-0.0140886782508162,0.07085));
#14938=CARTESIAN_POINT('',(-0.0125623232226038,-0.0140886782508162,0.07385));
#14939=CARTESIAN_POINT('',(-0.0155623232226038,-0.0140886782508162,0.07385));
#14940=CARTESIAN_POINT('',(-0.0205623232226039,-0.0140886782508162,0.07385));
#14941=CARTESIAN_POINT('',(-0.0205623232226038,-0.0140886782508162,0.07885));
#14942=CARTESIAN_POINT('',(-0.0255623232226038,-0.0140886782508162,0.07885));
#14943=CARTESIAN_POINT('',(-0.0305623232226038,-0.0140886782508162,0.07885));
#14944=CARTESIAN_POINT('',(-0.0305623232226038,-0.0140886782508162,0.07385));
#14945=CARTESIAN_POINT('',(-0.0355623232226038,-0.0140886782508162,0.07385));
#14946=CARTESIAN_POINT('',(-0.0385623232226038,-0.0140886782508162,0.07385));
#14947=CARTESIAN_POINT('',(-0.000946823329081303,-0.0140886782508162,0.006806));
#14948=CARTESIAN_POINT('',(-0.0034468233290813,-0.0140886782508162,0.006806));
#14949=CARTESIAN_POINT('',(-0.0490808233290813,-0.0140886782508162,0.006806));
#14950=CARTESIAN_POINT('',(-0.0515808233290813,-0.0140886782508162,0.006806));
#14951=CARTESIAN_POINT('',(-0.0490808233290813,-0.0140886782508162,0.0651));
#14952=CARTESIAN_POINT('',(-0.0515808233290813,-0.0140886782508162,0.0651));
#14953=CARTESIAN_POINT('',(-0.000946823329081303,-0.0140886782508162,0.0651));
#14954=CARTESIAN_POINT('',(-0.0034468233290813,-0.0140886782508162,0.0651));
#14955=CARTESIAN_POINT('',(-0.0355623232226038,-0.0140886782508162,0.069975));
#14956=CARTESIAN_POINT('',(-0.0355623232226038,-0.0140886782508162,0.07085));
#14957=CARTESIAN_POINT('',(-0.0351866902301459,-0.0140886782508162,0.07085));
#14958=CARTESIAN_POINT('',(-0.034811057237688,-0.0140886782508162,0.07085));
#14959=CARTESIAN_POINT('',(-0.034811057237688,-0.0140886782508162,0.069975));
#14960=CARTESIAN_POINT('',(-0.0185623232226038,-0.0140886782508162,0.07235));
#14961=CARTESIAN_POINT('',(-0.0185623232226038,-0.0140886782508162,0.07385));
#14962=CARTESIAN_POINT('',(-0.0185623232226038,-0.0140886782508162,0.07085));
#14963=CARTESIAN_POINT('',(-0.0255623232226038,-0.0140886782508162,0.07085));
#14964=CARTESIAN_POINT('',(-0.0325623232226038,-0.0140886782508162,0.07085));
#14965=CARTESIAN_POINT('',(-0.0325623232226038,-0.0140886782508162,0.07235));
#14966=CARTESIAN_POINT('',(-0.0325623232226038,-0.0140886782508162,0.07385));
#14967=CARTESIAN_POINT('',(-0.0305623232226038,-0.0140886782508162,0.07385));
#14968=CARTESIAN_POINT('',(-0.0305623232226038,-0.0140886782508162,0.07585));
#14969=CARTESIAN_POINT('',(-0.0228536110700817,-0.0140886782508162,0.07585));
#14970=CARTESIAN_POINT('',(-0.0205623232226038,-0.0140886782508162,0.07585));
#14971=CARTESIAN_POINT('',(-0.0205623232226038,-0.0140886782508162,0.07385));
#14972=CARTESIAN_POINT('',(-0.0250623232226038,-0.0110886782508162,0.0691));
#14973=CARTESIAN_POINT('',(-0.034811057237688,-0.0110886782508162,0.069975));
#14974=CARTESIAN_POINT('',(-0.034811057237688,-0.0110886782508162,0.07085));
#14975=CARTESIAN_POINT('',(-0.0351866902301459,-0.0110886782508162,0.07085));
#14976=CARTESIAN_POINT('',(-0.0355623232226038,-0.0110886782508162,0.07085));
#14977=CARTESIAN_POINT('',(-0.0355623232226038,-0.0110886782508162,0.069975));
#14978=CARTESIAN_POINT('',(-0.0490808233290813,-0.0110886782508162,0.0651));
#14979=CARTESIAN_POINT('',(-0.0475808233290813,-0.0110886782508162,0.0651));
#14980=CARTESIAN_POINT('',(-0.000946823329081304,-0.0110886782508162,0.0651));
#14981=CARTESIAN_POINT('',(0.000553176670918696,-0.0110886782508162,0.0651));
#14982=CARTESIAN_POINT('',(-0.000946823329081304,-0.0110886782508162,0.006806));
#14983=CARTESIAN_POINT('',(0.000553176670918696,-0.0110886782508162,0.006806));
#14984=CARTESIAN_POINT('',(-0.0490808233290813,-0.0110886782508162,0.006806));
#14985=CARTESIAN_POINT('',(-0.0475808233290813,-0.0110886782508162,0.006806));
#14986=CARTESIAN_POINT('',(-0.00608422183493132,-0.0110886782508162,0.06855999850585));
#14987=CARTESIAN_POINT('',(-0.0060842225820065,-0.0110886782508162,0.06656));
#14988=CARTESIAN_POINT('',(-0.00408422332908144,-0.0110886782508162,0.068559999252925));
#14989=CARTESIAN_POINT('',(-0.0040842233290813,-0.0110886782508162,0.0691));
#14990=CARTESIAN_POINT('',(-0.0536293232226038,-0.0110886782508162,0.0691));
#14991=CARTESIAN_POINT('',(-0.0385623232226038,-0.0110886782508162,0.069975));
#14992=CARTESIAN_POINT('',(-0.0385623232226038,-0.0110886782508162,0.07085));
#14993=CARTESIAN_POINT('',(-0.0385623232226038,-0.0110886782508162,0.07385));
#14994=CARTESIAN_POINT('',(-0.0355623232226038,-0.0110886782508162,0.07385));
#14995=CARTESIAN_POINT('',(-0.0305623232226038,-0.0110886782508162,0.07385));
#14996=CARTESIAN_POINT('',(-0.0305623232226038,-0.0110886782508162,0.07885));
#14997=CARTESIAN_POINT('',(-0.0255623232226038,-0.0110886782508162,0.07885));
#14998=CARTESIAN_POINT('',(-0.0205623232226038,-0.0110886782508162,0.07885));
#14999=CARTESIAN_POINT('',(-0.0205623232226039,-0.0110886782508162,0.07385));
#15000=CARTESIAN_POINT('',(-0.0155623232226038,-0.0110886782508162,0.07385));
#15001=CARTESIAN_POINT('',(-0.0125623232226038,-0.0110886782508162,0.07385));
#15002=CARTESIAN_POINT('',(-0.0125623232226038,-0.0110886782508162,0.07085));
#15003=CARTESIAN_POINT('',(-0.0140623232226038,-0.0110886782508162,0.07085));
#15004=CARTESIAN_POINT('',(-0.0155623232226038,-0.0110886782508162,0.07085));
#15005=CARTESIAN_POINT('',(-0.0155623232226038,-0.0110886782508162,0.069975));
#15006=CARTESIAN_POINT('',(-0.0155623232226038,-0.0110886782508162,0.0691));
#15007=CARTESIAN_POINT('',(-0.0250623232226038,-0.0110886782508162,0.0691));
#15008=CARTESIAN_POINT('',(-0.0110438233290813,-0.0110886782508162,0.0691));
#15009=CARTESIAN_POINT('',(-0.0110438233290813,-0.0110886782508162,0.0691));
#15010=CARTESIAN_POINT('',(-0.0110438233290813,-0.0110886782508162,0.0685599992529252));
#15011=CARTESIAN_POINT('',(-0.00904382482323129,-0.0110886782508162,0.06855999850585));
#15012=CARTESIAN_POINT('',(-0.00904382407615629,-0.0110886782508162,0.06656));
#15013=CARTESIAN_POINT('',(-0.0250623232226038,-0.0110886782508162,0.06656));
#15014=CARTESIAN_POINT('',(-0.0185623232226038,-0.0110886782508162,0.07235));
#15015=CARTESIAN_POINT('',(-0.0185623232226038,-0.0110886782508162,0.07385));
#15016=CARTESIAN_POINT('',(-0.0185623232226038,-0.0110886782508162,0.07085));
#15017=CARTESIAN_POINT('',(-0.0205623232226038,-0.0110886782508162,0.07385));
#15018=CARTESIAN_POINT('',(-0.0205623232226038,-0.0110886782508162,0.07585));
#15019=CARTESIAN_POINT('',(-0.0228536110700817,-0.0110886782508162,0.07585));
#15020=CARTESIAN_POINT('',(-0.0305623232226038,-0.0110886782508162,0.07585));
#15021=CARTESIAN_POINT('',(-0.0305623232226038,-0.0110886782508162,0.07385));
#15022=CARTESIAN_POINT('',(-0.0325623232226038,-0.0110886782508162,0.07385));
#15023=CARTESIAN_POINT('',(-0.0325623232226038,-0.0110886782508162,0.07235));
#15024=CARTESIAN_POINT('',(-0.0325623232226038,-0.0110886782508162,0.07085));
#15025=CARTESIAN_POINT('',(-0.0255623232226038,-0.0110886782508162,0.07085));
#15026=CARTESIAN_POINT('',(-0.0536293232226038,-0.00783867825081622,0.0691));
#15027=CARTESIAN_POINT('',(-0.0536293232226038,-0.00858867825081623,0.0691));
#15028=CARTESIAN_POINT('',(-0.0536293232226038,-0.00858867825081623,0.00546410161513773));
#15029=CARTESIAN_POINT('',(-0.0536293232226038,-0.00858867825081623,0.00546410161513773));
#15030=CARTESIAN_POINT('',(-0.0536293232226038,-0.00458867825081623,0.00546410161513773));
#15031=CARTESIAN_POINT('',(-0.0536293232226038,-0.00458867825081623,0.0691));
#15032=CARTESIAN_POINT('',(-0.0546293232226038,-0.00458867825081623,0.0691));
#15033=CARTESIAN_POINT('',(-0.0516293232226038,-0.00458867825081623,0.002));
#15034=CARTESIAN_POINT('',(0.00150467677739621,-0.00458867825081623,0.002));
#15035=CARTESIAN_POINT('',(-0.0250623232226038,-0.00458867825081622,-0.002));
#15036=CARTESIAN_POINT('',(-0.0516293232226038,-0.00458867825081623,0.002));
#15037=CARTESIAN_POINT('',(-0.0516293232226038,-0.00458867825081623,0.0035));
#15038=CARTESIAN_POINT('',(0.00150467677739621,-0.00458867825081623,0.002));
#15039=CARTESIAN_POINT('',(0.00150467677739621,-0.00458867825081623,0.0035));
#15040=CARTESIAN_POINT('',(-0.0546293232226038,-0.0250886782508162,0.0691));
#15041=CARTESIAN_POINT('',(0.0050046767773962,-0.0250886782508162,0.0691));
#15042=CARTESIAN_POINT('',(0.0050046767773962,-0.0250886782508162,0.0269655645170365));
#15043=CARTESIAN_POINT('',(0.0050046767773962,-0.0250886782508162,0.0264655643359993));
#15044=CARTESIAN_POINT('',(0.0050046767773962,-0.0250886782508162,0.0269655645170365));
#15045=CARTESIAN_POINT('',(0.0050046767773962,-0.0250886782508162,0.0411212));
#15046=CARTESIAN_POINT('',(0.0050046767773962,-0.0250886782508162,0.0411212));
#15047=CARTESIAN_POINT('',(0.0050046767773962,-0.0250886782508162,0.0691));
#15048=CARTESIAN_POINT('',(0.0050046767773962,-0.0250886782508162,0.0416212));
#15049=CARTESIAN_POINT('',(0.0050046767773962,-0.0250886782508162,0.0416212));
#15050=CARTESIAN_POINT('',(0.00200467677739621,-0.0250886782508162,0.0264655643359993));
#15051=CARTESIAN_POINT('',(0.00400467677739621,-0.0250886782508162,0.0264655643359993));
#15052=CARTESIAN_POINT('',(0.00400467677739621,-0.0250886782508162,0.0691));
#15053=CARTESIAN_POINT('',(0.0040046767773962,-0.0250886782508162,0.0122936));
#15054=CARTESIAN_POINT('',(0.00200467677739621,-0.0250886782508162,0.0122936));
#15055=CARTESIAN_POINT('',(0.0015046767773962,-0.0250886782508162,0.002));
#15056=CARTESIAN_POINT('',(-0.00195942483774154,-0.0250886782508162,0.));
#15057=CARTESIAN_POINT('',(-0.0250623232226038,-0.0250886782508162,0.));
#15058=CARTESIAN_POINT('',(-0.048165221607466,-0.0250886782508162,0.));
#15059=CARTESIAN_POINT('',(-0.0516293232226038,-0.0250886782508162,0.002));
#15060=CARTESIAN_POINT('',(-0.0536293232226038,-0.0250886782508162,0.00546410161513775));
#15061=CARTESIAN_POINT('',(-0.0536293232226038,-0.0250886782508162,0.0691));
#15062=CARTESIAN_POINT('',(-0.0250623232226038,-0.0250886782508162,-0.002));
#15063=CARTESIAN_POINT('',(0.0050046767773962,-0.0250886782508162,0.0117936));
#15064=CARTESIAN_POINT('',(0.0050046767773962,-0.0250886782508162,0.0117936));
#15065=CARTESIAN_POINT('',(0.0050046767773962,-0.0250886782508162,0.0691));
#15066=CARTESIAN_POINT('',(0.0050046767773962,-0.0250886782508162,0.0122936));
#15067=CARTESIAN_POINT('',(0.0050046767773962,-0.0250886782508162,0.0122936));
#15068=CARTESIAN_POINT('',(0.0050046767773962,-0.0250886782508162,0.0264655643359993));
#15069=CARTESIAN_POINT('',(0.00150467677739621,-0.0250886782508162,0.002));
#15070=CARTESIAN_POINT('',(0.00300467677739621,-0.0250886782508162,0.002));
#15071=CARTESIAN_POINT('',(-0.0516293232226038,-0.0250886782508162,0.002));
#15072=CARTESIAN_POINT('',(-0.0501293232226038,-0.0250886782508162,0.002));
#15073=CARTESIAN_POINT('',(-0.0536293232226038,-0.0195886782508163,0.0691));
#15074=CARTESIAN_POINT('',(-0.0536293232226038,-0.0210886782508162,0.00546410161513775));
#15075=CARTESIAN_POINT('',(-0.0536293232226038,-0.0210886782508162,0.00546410161513775));
#15076=CARTESIAN_POINT('',(-0.0536293232226038,-0.0210886782508162,0.0691));
#15077=CARTESIAN_POINT('',(-0.0536293232226038,-0.0210886782508162,0.));
#15078=CARTESIAN_POINT('',(-0.0536293232226038,-0.0195886782508163,0.));
#15079=CARTESIAN_POINT('',(-0.0250623232226038,-0.0148386782508162,0.0691));
#15080=CARTESIAN_POINT('',(-0.0155623232226038,-0.0140886782508162,0.0691));
#15081=CARTESIAN_POINT('',(-0.0110438233290813,-0.0100886782508162,0.0691));
#15082=CARTESIAN_POINT('',(-0.0250623232226038,-0.0148386782508162,-0.002));
#15083=CARTESIAN_POINT('',(-0.0430623232226038,-0.0148386782508162,-0.002));
#15084=CARTESIAN_POINT('',(-0.0362101407819177,-0.0148386782508162,-0.002));
#15085=CARTESIAN_POINT('',(-0.0250623232226038,-0.0148386782508162,-0.002));
#15086=CARTESIAN_POINT('',(-0.0181104427149743,-0.0148386782508162,-0.002));
#15087=CARTESIAN_POINT('',(-0.0070623232226038,-0.0148386782508162,-0.002));
#15088=CARTESIAN_POINT('',(-2.60184755983698E-5,-0.0148386782508162,-0.002));
#15089=CARTESIAN_POINT('',(-0.0250623232226038,-0.0148386782508162,0.));
#15090=CARTESIAN_POINT('',(-0.0250623232226038,-0.0210886782508162,0.));
#15091=CARTESIAN_POINT('',(-0.048165221607466,-0.0210886782508162,0.));
#15092=CARTESIAN_POINT('',(-0.048165221607466,-0.0210886782508162,0.));
#15093=CARTESIAN_POINT('',(-0.00195942483774154,-0.0210886782508162,0.));
#15094=CARTESIAN_POINT('',(-0.00195942483774154,-0.0210886782508162,0.));
#15095=CARTESIAN_POINT('',(-0.0250623232226038,-0.0210886782508162,0.));
#15096=CARTESIAN_POINT('',(-0.00608422183493132,-0.0100886782508162,0.06855999850585));
#15097=CARTESIAN_POINT('',(-0.00408422332908144,-0.0100886782508162,0.068559999252925));
#15098=CARTESIAN_POINT('',(-0.0060842225820065,-0.0100886782508162,0.06656));
#15099=CARTESIAN_POINT('',(-0.00904382482323129,-0.0100886782508162,0.06855999850585));
#15100=CARTESIAN_POINT('',(-0.00904382407615629,-0.0100886782508162,0.06656));
#15101=CARTESIAN_POINT('',(-0.0110438233290813,-0.0100886782508162,0.0685599992529252));
#15102=CARTESIAN_POINT('',(-0.0075640233290814,-0.0100886782508162,0.06656));
#15103=CARTESIAN_POINT('',(-0.00408422332908131,-0.0100886782508162,0.0688299996264625));
#15104=CARTESIAN_POINT('',(-0.0110438233290813,-0.0100886782508162,0.0688299996264626));
#15105=CARTESIAN_POINT('',(-0.000946823329081303,-0.0150886782508162,0.0651));
#15106=CARTESIAN_POINT('',(-0.000946823329081303,-0.0150886782508162,0.0651));
#15107=CARTESIAN_POINT('',(0.000553176670918697,-0.0150886782508162,0.0651));
#15108=CARTESIAN_POINT('',(-0.000946823329081303,-0.0150886782508162,0.0651));
#15109=CARTESIAN_POINT('',(-0.000946823329081303,-0.0150886782508162,0.0651));
#15110=CARTESIAN_POINT('',(0.0015531766709187,-0.0150886782508162,0.0651));
#15111=CARTESIAN_POINT('',(-0.0250623232226038,-0.0150886782508162,0.03455));
#15112=CARTESIAN_POINT('',(-0.0490808233290813,-0.0150886782508162,0.0651));
#15113=CARTESIAN_POINT('',(-0.0490808233290813,-0.0150886782508162,0.0651));
#15114=CARTESIAN_POINT('',(-0.0475808233290813,-0.0150886782508162,0.0651));
#15115=CARTESIAN_POINT('',(-0.0490808233290813,-0.0150886782508162,0.0651));
#15116=CARTESIAN_POINT('',(-0.0490808233290813,-0.0150886782508162,0.0651));
#15117=CARTESIAN_POINT('',(-0.0465808233290813,-0.0150886782508162,0.0651));
#15118=CARTESIAN_POINT('',(-0.0250623232226038,-0.0150886782508162,0.03455));
#15119=CARTESIAN_POINT('',(-0.0490808233290813,-0.0150886782508162,0.006806));
#15120=CARTESIAN_POINT('',(-0.0490808233290813,-0.0150886782508162,0.006806));
#15121=CARTESIAN_POINT('',(-0.0475808233290813,-0.0150886782508162,0.006806));
#15122=CARTESIAN_POINT('',(-0.0490808233290813,-0.0150886782508162,0.006806));
#15123=CARTESIAN_POINT('',(-0.0490808233290813,-0.0150886782508162,0.006806));
#15124=CARTESIAN_POINT('',(-0.0465808233290813,-0.0150886782508162,0.006806));
#15125=CARTESIAN_POINT('',(-0.0250623232226038,-0.0150886782508162,0.03455));
#15126=CARTESIAN_POINT('',(-0.000946823329081303,-0.0150886782508162,0.006806));
#15127=CARTESIAN_POINT('',(-0.000946823329081303,-0.0150886782508162,0.006806));
#15128=CARTESIAN_POINT('',(0.000553176670918697,-0.0150886782508162,0.006806));
#15129=CARTESIAN_POINT('',(-0.000946823329081303,-0.0150886782508162,0.006806));
#15130=CARTESIAN_POINT('',(-0.000946823329081303,-0.0150886782508162,0.006806));
#15131=CARTESIAN_POINT('',(0.0015531766709187,-0.0150886782508162,0.006806));
#15132=CARTESIAN_POINT('',(-0.0250623232226038,-0.0150886782508162,0.03455));
#15133=CARTESIAN_POINT('',(0.0015046767773962,-0.0210886782508162,0.002));
#15134=CARTESIAN_POINT('',(0.0015046767773962,-0.0210886782508162,0.002));
#15135=CARTESIAN_POINT('',(0.00150467677739621,-0.0210886782508162,0.002));
#15136=CARTESIAN_POINT('',(0.00150467677739621,-0.0210886782508162,0.002));
#15137=CARTESIAN_POINT('',(0.00300467677739621,-0.0210886782508162,0.002));
#15138=CARTESIAN_POINT('',(-0.0250623232226038,-0.0210886782508162,0.03355));
#15139=CARTESIAN_POINT('',(-0.0516293232226038,-0.0210886782508162,0.002));
#15140=CARTESIAN_POINT('',(-0.0516293232226038,-0.0210886782508162,0.002));
#15141=CARTESIAN_POINT('',(-0.0516293232226038,-0.0210886782508162,0.002));
#15142=CARTESIAN_POINT('',(-0.0516293232226038,-0.0210886782508162,0.002));
#15143=CARTESIAN_POINT('',(-0.0501293232226038,-0.0210886782508162,0.002));
#15144=CARTESIAN_POINT('',(-0.0250623232226038,-0.0210886782508162,0.03355));
#15145=CARTESIAN_POINT('',(-0.0516293232226038,-0.00858867825081623,0.002));
#15146=CARTESIAN_POINT('',(-0.0516293232226038,-0.00858867825081623,0.002));
#15147=CARTESIAN_POINT('',(-0.0516293232226038,-0.00858867825081623,0.002));
#15148=CARTESIAN_POINT('',(-0.0516293232226038,-0.00858867825081623,0.002));
#15149=CARTESIAN_POINT('',(-0.0516293232226038,-0.00858867825081623,0.0035));
#15150=CARTESIAN_POINT('',(-0.0250623232226038,-0.00858867825081623,0.03355));
#15151=CARTESIAN_POINT('',(0.00150467677739621,-0.00858867825081623,0.002));
#15152=CARTESIAN_POINT('',(0.00150467677739621,-0.00858867825081623,0.002));
#15153=CARTESIAN_POINT('',(0.00150467677739621,-0.00858867825081623,0.002));
#15154=CARTESIAN_POINT('',(0.00150467677739621,-0.00858867825081623,0.002));
#15155=CARTESIAN_POINT('',(0.00150467677739621,-0.00858867825081623,0.0035));
#15156=CARTESIAN_POINT('',(-0.0250623232226038,-0.00858867825081623,0.03355));
#15157=CARTESIAN_POINT('',(-0.0185623232226038,-0.0140886782508162,0.07235));
#15158=CARTESIAN_POINT('',(-0.0185623232226038,-0.0140886782508162,0.07085));
#15159=CARTESIAN_POINT('',(-0.0185623232226038,-0.0140886782508162,0.07385));
#15160=CARTESIAN_POINT('',(-0.0205623232226038,-0.0140886782508162,0.07385));
#15161=CARTESIAN_POINT('',(-0.0205623232226038,-0.0140886782508162,0.07585));
#15162=CARTESIAN_POINT('',(-0.0228536110700817,-0.0140886782508162,0.07585));
#15163=CARTESIAN_POINT('',(-0.0305623232226038,-0.0140886782508162,0.07585));
#15164=CARTESIAN_POINT('',(-0.0305623232226038,-0.0140886782508162,0.07385));
#15165=CARTESIAN_POINT('',(-0.0325623232226038,-0.0140886782508162,0.07385));
#15166=CARTESIAN_POINT('',(-0.0325623232226038,-0.0140886782508162,0.07235));
#15167=CARTESIAN_POINT('',(-0.0325623232226038,-0.0140886782508162,0.07085));
#15168=CARTESIAN_POINT('',(-0.0140623232226038,-0.0140886782508162,0.07085));
#15169=CARTESIAN_POINT('',(-0.0125623232226038,-0.0140886782508162,0.07085));
#15170=CARTESIAN_POINT('',(-0.0155623232226038,-0.0140886782508162,0.07085));
#15171=CARTESIAN_POINT('',(-0.0155623232226038,-0.0140886782508162,0.069975));
#15172=CARTESIAN_POINT('',(-0.034811057237688,-0.0140886782508162,0.069975));
#15173=CARTESIAN_POINT('',(-0.034811057237688,-0.0140886782508162,0.07085));
#15174=CARTESIAN_POINT('',(-0.0351866902301459,-0.0140886782508162,0.07085));
#15175=CARTESIAN_POINT('',(-0.0355623232226038,-0.0140886782508162,0.07085));
#15176=CARTESIAN_POINT('',(-0.0355623232226038,-0.0140886782508162,0.069975));
#15177=CARTESIAN_POINT('',(-0.0385623232226038,-0.0140886782508162,0.069975));
#15178=CARTESIAN_POINT('',(-0.0385623232226038,-0.0140886782508162,0.07085));
#15179=CARTESIAN_POINT('',(-0.0385623232226038,-0.0140886782508162,0.07385));
#15180=CARTESIAN_POINT('',(-0.0355623232226038,-0.0140886782508162,0.07385));
#15181=CARTESIAN_POINT('',(-0.0305623232226038,-0.0140886782508162,0.07385));
#15182=CARTESIAN_POINT('',(-0.0305623232226038,-0.0140886782508162,0.07885));
#15183=CARTESIAN_POINT('',(-0.0255623232226038,-0.0140886782508162,0.07885));
#15184=CARTESIAN_POINT('',(-0.0205623232226038,-0.0140886782508162,0.07885));
#15185=CARTESIAN_POINT('',(-0.0205623232226039,-0.0140886782508162,0.07385));
#15186=CARTESIAN_POINT('',(-0.0155623232226038,-0.0140886782508162,0.07385));
#15187=CARTESIAN_POINT('',(-0.0125623232226038,-0.0140886782508162,0.07385));
#15188=CARTESIAN_POINT('',(-0.0255623232226038,-0.0140886782508162,0.07085));
#15189=CARTESIAN_POINT('',(-0.0311953232226038,-0.0197286782508162,0.0391212));
#15190=CARTESIAN_POINT('',(-0.0311953232226038,-0.0190286782508162,0.0391212));
#15191=CARTESIAN_POINT('',(-0.0311953232226038,-0.0204286782508162,0.0391212));
#15192=CARTESIAN_POINT('',(0.00350467677739621,-0.0204286782508162,0.0391212));
#15193=CARTESIAN_POINT('',(0.00550467677739621,-0.0204286782508162,0.0391212));
#15194=CARTESIAN_POINT('',(0.00350467677739621,-0.0207991881326575,0.0391212));
#15195=CARTESIAN_POINT('',(0.00550467677739621,-0.0207991881326575,0.0391212));
#15196=CARTESIAN_POINT('',(0.00350467677739621,-0.0215102354257419,0.0387436725972062));
#15197=CARTESIAN_POINT('',(0.00550467677739621,-0.0215102354257419,0.0387436725972062));
#15198=CARTESIAN_POINT('',(0.00350467677739621,-0.0217586782508123,0.0379776696426375));
#15199=CARTESIAN_POINT('',(0.00550467677739621,-0.0217586782508123,0.0379776696426375));
#15200=CARTESIAN_POINT('',(0.00350467677739621,-0.0217586782508162,0.0375962000000183));
#15201=CARTESIAN_POINT('',(0.00550467677739621,-0.0217586782508162,0.0375962000000183));
#15202=CARTESIAN_POINT('',(-0.0311953232226038,-0.0217586782508162,0.0375962));
#15203=CARTESIAN_POINT('',(-0.0311953232226038,-0.0217586782508162,0.0342512));
#15204=CARTESIAN_POINT('',(-0.0311953232226038,-0.0217586782508162,0.0309062));
#15205=CARTESIAN_POINT('',(0.00350467677739621,-0.0217586782508162,0.030906200000026));
#15206=CARTESIAN_POINT('',(0.00550467677739621,-0.0217586782508162,0.030906200000026));
#15207=CARTESIAN_POINT('',(0.00350467677739621,-0.0217586782508219,0.0305247303572888));
#15208=CARTESIAN_POINT('',(0.00550467677739621,-0.0217586782508219,0.0305247303572888));
#15209=CARTESIAN_POINT('',(0.00350467677739621,-0.021510235425737,0.0297587274028307));
#15210=CARTESIAN_POINT('',(0.00550467677739621,-0.021510235425737,0.0297587274028307));
#15211=CARTESIAN_POINT('',(0.00350467677739621,-0.0207991881326575,0.0293812));
#15212=CARTESIAN_POINT('',(0.00550467677739621,-0.0207991881326575,0.0293812));
#15213=CARTESIAN_POINT('',(0.00350467677739621,-0.0204286782508162,0.0293812));
#15214=CARTESIAN_POINT('',(0.00550467677739621,-0.0204286782508162,0.0293812));
#15215=CARTESIAN_POINT('',(-0.0311953232226038,-0.0204286782508162,0.0293812));
#15216=CARTESIAN_POINT('',(-0.0311953232226038,-0.0197286782508162,0.0293812));
#15217=CARTESIAN_POINT('',(-0.0311953232226038,-0.0190286782508162,0.0293812));
#15218=CARTESIAN_POINT('',(0.00350467677739621,-0.0190286782508162,0.0293812));
#15219=CARTESIAN_POINT('',(0.0055046767773962,-0.0190286782508162,0.0293812));
#15220=CARTESIAN_POINT('',(0.00350467677739621,-0.0186581683689746,0.0293812));
#15221=CARTESIAN_POINT('',(0.0055046767773962,-0.0186581683689746,0.0293812));
#15222=CARTESIAN_POINT('',(0.00350467677739621,-0.0179471210758908,0.0297587274027938));
#15223=CARTESIAN_POINT('',(0.0055046767773962,-0.0179471210758908,0.0297587274027938));
#15224=CARTESIAN_POINT('',(0.00350467677739621,-0.0176986782508202,0.0305247303573625));
#15225=CARTESIAN_POINT('',(0.0055046767773962,-0.0176986782508202,0.0305247303573625));
#15226=CARTESIAN_POINT('',(0.00350467677739621,-0.0176986782508162,0.0309061999999817));
#15227=CARTESIAN_POINT('',(0.0055046767773962,-0.0176986782508162,0.0309061999999817));
#15228=CARTESIAN_POINT('',(-0.0311953232226038,-0.0176986782508162,0.0309061999999817));
#15229=CARTESIAN_POINT('',(-0.0311953232226038,-0.0176986782508162,0.0342512));
#15230=CARTESIAN_POINT('',(-0.0311953232226038,-0.0176986782508162,0.0375962));
#15231=CARTESIAN_POINT('',(0.00350467677739621,-0.0176986782508162,0.037596199999974));
#15232=CARTESIAN_POINT('',(0.0055046767773962,-0.0176986782508162,0.037596199999974));
#15233=CARTESIAN_POINT('',(0.00350467677739621,-0.0176986782508106,0.0379776696427115));
#15234=CARTESIAN_POINT('',(0.0055046767773962,-0.0176986782508106,0.0379776696427115));
#15235=CARTESIAN_POINT('',(0.00350467677739621,-0.0179471210758956,0.0387436725971692));
#15236=CARTESIAN_POINT('',(0.0055046767773962,-0.0179471210758956,0.0387436725971692));
#15237=CARTESIAN_POINT('',(0.00350467677739621,-0.0186581683689746,0.0391212));
#15238=CARTESIAN_POINT('',(0.0055046767773962,-0.0186581683689746,0.0391212));
#15239=CARTESIAN_POINT('',(0.00350467677739621,-0.0190286782508162,0.0391212));
#15240=CARTESIAN_POINT('',(0.0055046767773962,-0.0190286782508162,0.0391212));
#15241=CARTESIAN_POINT('',(0.00400467677739621,-0.0225286782508162,0.0240336));
#15242=CARTESIAN_POINT('',(0.00550467677739621,-0.0225286782508162,0.0240336));
#15243=CARTESIAN_POINT('',(0.00400467677739621,-0.0228991881326575,0.0240336));
#15244=CARTESIAN_POINT('',(0.00550467677739621,-0.0228991881326575,0.0240336));
#15245=CARTESIAN_POINT('',(0.00400467677739621,-0.0236102354257418,0.0236560725972062));
#15246=CARTESIAN_POINT('',(0.00550467677739621,-0.0236102354257418,0.0236560725972062));
#15247=CARTESIAN_POINT('',(0.00400467677739621,-0.0238586782508123,0.0228900696426375));
#15248=CARTESIAN_POINT('',(0.00550467677739621,-0.0238586782508123,0.0228900696426375));
#15249=CARTESIAN_POINT('',(0.00400467677739621,-0.0238586782508163,0.0225086000000183));
#15250=CARTESIAN_POINT('',(0.00550467677739621,-0.0238586782508163,0.0225086000000183));
#15251=CARTESIAN_POINT('',(-0.0311953232226038,-0.0238586782508163,0.0225086000000183));
#15252=CARTESIAN_POINT('',(0.00400467677739621,-0.0238586782508163,0.0225086000000183));
#15253=CARTESIAN_POINT('',(0.00400467677739621,-0.0225286782508162,0.0240336));
#15254=CARTESIAN_POINT('',(0.00400467677739621,-0.0225749919860464,0.0240336));
#15255=CARTESIAN_POINT('',(0.00400467677739621,-0.0226676194565067,0.0240280683834613));
#15256=CARTESIAN_POINT('',(0.00400467677739621,-0.0228497571226901,0.0239953761446197));
#15257=CARTESIAN_POINT('',(0.00400467677739621,-0.0230686463612144,0.0239147109641093));
#15258=CARTESIAN_POINT('',(0.00400467677739621,-0.02326350581216,0.0237882128589281));
#15259=CARTESIAN_POINT('',(0.00400467677739621,-0.0234021975266381,0.0236636870281483));
#15260=CARTESIAN_POINT('',(0.00400467677739621,-0.0234962631275846,0.0235604351789664));
#15261=CARTESIAN_POINT('',(0.00400467677739621,-0.0235802558154538,0.0234482945115609));
#15262=CARTESIAN_POINT('',(0.00400467677739621,-0.023678527803517,0.023287881775627));
#15263=CARTESIAN_POINT('',(0.00400467677739621,-0.0237737460308681,0.0230718705770403));
#15264=CARTESIAN_POINT('',(0.00400467677739621,-0.0238316707704614,0.0228404158895615));
#15265=CARTESIAN_POINT('',(0.00400467677739621,-0.0238547937108556,0.0226516511160065));
#15266=CARTESIAN_POINT('',(0.00400467677739621,-0.0238586782508158,0.0225562837053457));
#15267=CARTESIAN_POINT('',(0.00400467677739621,-0.0238586782508163,0.0225086000000183));
#15268=CARTESIAN_POINT('',(0.00400467677739621,-0.0225286782508162,0.0240336));
#15269=CARTESIAN_POINT('',(-0.0311953232226038,-0.0225286782508162,0.0240336));
#15270=CARTESIAN_POINT('',(-0.0311953232226038,-0.0238586782508163,0.0191636));
#15271=CARTESIAN_POINT('',(-0.0311953232226038,-0.0238586782508163,0.015818600000026));
#15272=CARTESIAN_POINT('',(0.00400467677739621,-0.0238586782508163,0.015818600000026));
#15273=CARTESIAN_POINT('',(0.00400467677739621,-0.0238586782508163,0.0191636));
#15274=CARTESIAN_POINT('',(0.00400467677739621,-0.0238586782508163,0.015818600000026));
#15275=CARTESIAN_POINT('',(0.00550467677739621,-0.0238586782508163,0.015818600000026));
#15276=CARTESIAN_POINT('',(0.00400467677739621,-0.0238586782508219,0.0154371303572888));
#15277=CARTESIAN_POINT('',(0.00550467677739621,-0.0238586782508219,0.0154371303572888));
#15278=CARTESIAN_POINT('',(0.00400467677739621,-0.0236102354257368,0.0146711274028307));
#15279=CARTESIAN_POINT('',(0.00550467677739621,-0.0236102354257368,0.0146711274028307));
#15280=CARTESIAN_POINT('',(0.00400467677739621,-0.0228991881326578,0.0142936));
#15281=CARTESIAN_POINT('',(0.00550467677739621,-0.0228991881326578,0.0142936));
#15282=CARTESIAN_POINT('',(0.00400467677739621,-0.0225286782508162,0.0142936));
#15283=CARTESIAN_POINT('',(0.00550467677739621,-0.0225286782508162,0.0142936));
#15284=CARTESIAN_POINT('',(-0.0311953232226038,-0.0225286782508162,0.0142936));
#15285=CARTESIAN_POINT('',(0.00400467677739621,-0.0225286782508162,0.0142936));
#15286=CARTESIAN_POINT('',(0.00400467677739621,-0.0238586782508163,0.015818600000026));
#15287=CARTESIAN_POINT('',(0.00400467677739621,-0.023858678250817,0.0157709162946838));
#15288=CARTESIAN_POINT('',(0.00400467677739621,-0.0238547937108574,0.0156755488840082));
#15289=CARTESIAN_POINT('',(0.00400467677739621,-0.0238316707704614,0.0154867841104385));
#15290=CARTESIAN_POINT('',(0.00400467677739621,-0.0237737460308681,0.0152553294229598));
#15291=CARTESIAN_POINT('',(0.00400467677739621,-0.0236785278035169,0.015039318224373));
#15292=CARTESIAN_POINT('',(0.00400467677739621,-0.0235802558154538,0.0148789054884391));
#15293=CARTESIAN_POINT('',(0.00400467677739621,-0.0234962631275846,0.0147667648210336));
#15294=CARTESIAN_POINT('',(0.00400467677739621,-0.0234021975266381,0.0146635129718517));
#15295=CARTESIAN_POINT('',(0.00400467677739621,-0.02326350581216,0.0145389871410719));
#15296=CARTESIAN_POINT('',(0.00400467677739621,-0.0230686463612143,0.0144124890358907));
#15297=CARTESIAN_POINT('',(0.00400467677739621,-0.0228497571226901,0.0143318238553804));
#15298=CARTESIAN_POINT('',(0.00400467677739621,-0.0226676194565067,0.0142991316165387));
#15299=CARTESIAN_POINT('',(0.00400467677739621,-0.0225749919860464,0.0142936));
#15300=CARTESIAN_POINT('',(0.00400467677739621,-0.0225286782508162,0.0142936));
#15301=CARTESIAN_POINT('',(-0.0311953232226038,-0.0218286782508162,0.0142936));
#15302=CARTESIAN_POINT('',(-0.0311953232226038,-0.0211286782508163,0.0142936));
#15303=CARTESIAN_POINT('',(0.00400467677739621,-0.0211286782508163,0.0142936));
#15304=CARTESIAN_POINT('',(0.00400467677739621,-0.0218286782508162,0.0142936));
#15305=CARTESIAN_POINT('',(0.00400467677739621,-0.0211286782508163,0.0142936));
#15306=CARTESIAN_POINT('',(0.00550467677739621,-0.0211286782508163,0.0142936));
#15307=CARTESIAN_POINT('',(0.00400467677739621,-0.0207581683689746,0.0142936));
#15308=CARTESIAN_POINT('',(0.00550467677739621,-0.0207581683689746,0.0142936));
#15309=CARTESIAN_POINT('',(0.00400467677739621,-0.0200471210758908,0.0146711274027938));
#15310=CARTESIAN_POINT('',(0.00550467677739621,-0.0200471210758908,0.0146711274027938));
#15311=CARTESIAN_POINT('',(0.00400467677739621,-0.0197986782508202,0.0154371303573625));
#15312=CARTESIAN_POINT('',(0.00550467677739621,-0.0197986782508202,0.0154371303573625));
#15313=CARTESIAN_POINT('',(0.00400467677739621,-0.0197986782508162,0.0158185999999817));
#15314=CARTESIAN_POINT('',(0.00550467677739621,-0.0197986782508162,0.0158185999999817));
#15315=CARTESIAN_POINT('',(-0.0311953232226038,-0.0197986782508162,0.0158186));
#15316=CARTESIAN_POINT('',(0.00400467677739621,-0.0197986782508162,0.0158186));
#15317=CARTESIAN_POINT('',(0.00400467677739621,-0.0211286782508163,0.0142936));
#15318=CARTESIAN_POINT('',(0.00400467677739621,-0.021082364515586,0.0142936));
#15319=CARTESIAN_POINT('',(0.00400467677739621,-0.0209897370451257,0.0142991316165387));
#15320=CARTESIAN_POINT('',(0.00400467677739621,-0.0208075993789423,0.0143318238553804));
#15321=CARTESIAN_POINT('',(0.00400467677739621,-0.0205887101404181,0.0144124890358907));
#15322=CARTESIAN_POINT('',(0.00400467677739621,-0.0203938506894724,0.0145389871410719));
#15323=CARTESIAN_POINT('',(0.00400467677739621,-0.0202551589749943,0.0146635129718517));
#15324=CARTESIAN_POINT('',(0.00400467677739621,-0.0201610933740479,0.0147667648210336));
#15325=CARTESIAN_POINT('',(0.00400467677739621,-0.0200771006861787,0.0148789054884391));
#15326=CARTESIAN_POINT('',(0.00400467677739621,-0.0199788286981155,0.015039318224373));
#15327=CARTESIAN_POINT('',(0.00400467677739621,-0.0198836104707642,0.0152553294229598));
#15328=CARTESIAN_POINT('',(0.00400467677739621,-0.0198256857311711,0.0154867841104386));
#15329=CARTESIAN_POINT('',(0.00400467677739621,-0.0198025627907768,0.0156755488839935));
#15330=CARTESIAN_POINT('',(0.00400467677739621,-0.0197986782508167,0.0157709162946543));
#15331=CARTESIAN_POINT('',(0.00400467677739621,-0.0197986782508162,0.0158185999999817));
#15332=CARTESIAN_POINT('',(-0.0311953232226038,-0.0197986782508162,0.0191636));
#15333=CARTESIAN_POINT('',(-0.0311953232226038,-0.0197986782508162,0.022508599999974));
#15334=CARTESIAN_POINT('',(0.00400467677739621,-0.0197986782508162,0.022508599999974));
#15335=CARTESIAN_POINT('',(0.00400467677739621,-0.0197986782508162,0.0191636));
#15336=CARTESIAN_POINT('',(0.00400467677739621,-0.0197986782508162,0.022508599999974));
#15337=CARTESIAN_POINT('',(0.00550467677739621,-0.0197986782508162,0.022508599999974));
#15338=CARTESIAN_POINT('',(0.00400467677739621,-0.0197986782508103,0.0228900696427112));
#15339=CARTESIAN_POINT('',(0.00550467677739621,-0.0197986782508103,0.0228900696427112));
#15340=CARTESIAN_POINT('',(0.00400467677739621,-0.0200471210758957,0.0236560725971693));
#15341=CARTESIAN_POINT('',(0.00550467677739621,-0.0200471210758957,0.0236560725971693));
#15342=CARTESIAN_POINT('',(0.00400467677739621,-0.0207581683689746,0.0240336));
#15343=CARTESIAN_POINT('',(0.00550467677739621,-0.0207581683689746,0.0240336));
#15344=CARTESIAN_POINT('',(0.00400467677739621,-0.0211286782508163,0.0240336));
#15345=CARTESIAN_POINT('',(0.00550467677739621,-0.0211286782508163,0.0240336));
#15346=CARTESIAN_POINT('',(-0.0311953232226038,-0.0211286782508162,0.0240336));
#15347=CARTESIAN_POINT('',(0.00400467677739621,-0.0211286782508162,0.0240336));
#15348=CARTESIAN_POINT('',(0.00400467677739621,-0.0197986782508162,0.022508599999974));
#15349=CARTESIAN_POINT('',(0.00400467677739621,-0.0197986782508155,0.0225562837053161));
#15350=CARTESIAN_POINT('',(0.00400467677739621,-0.019802562790775,0.0226516511159919));
#15351=CARTESIAN_POINT('',(0.00400467677739621,-0.0198256857311711,0.0228404158895615));
#15352=CARTESIAN_POINT('',(0.00400467677739621,-0.0198836104707642,0.0230718705770403));
#15353=CARTESIAN_POINT('',(0.00400467677739621,-0.0199788286981155,0.023287881775627));
#15354=CARTESIAN_POINT('',(0.00400467677739621,-0.0200771006861787,0.0234482945115609));
#15355=CARTESIAN_POINT('',(0.00400467677739621,-0.0201610933740478,0.0235604351789664));
#15356=CARTESIAN_POINT('',(0.00400467677739621,-0.0202551589749943,0.0236636870281483));
#15357=CARTESIAN_POINT('',(0.00400467677739621,-0.0203938506894724,0.023788212858928));
#15358=CARTESIAN_POINT('',(0.00400467677739621,-0.0205887101404181,0.0239147109641093));
#15359=CARTESIAN_POINT('',(0.00400467677739621,-0.0208075993789424,0.0239953761446197));
#15360=CARTESIAN_POINT('',(0.00400467677739621,-0.0209897370451257,0.0240280683834613));
#15361=CARTESIAN_POINT('',(0.00400467677739621,-0.021082364515586,0.0240336));
#15362=CARTESIAN_POINT('',(0.00400467677739621,-0.0211286782508163,0.0240336));
#15363=CARTESIAN_POINT('',(-0.0311953232226038,-0.0218286782508162,0.0240336));
#15364=CARTESIAN_POINT('',(0.00400467677739621,-0.0218286782508162,0.0240336));
#15365=CARTESIAN_POINT('',(0.00200467677739621,-0.0190286782508162,0.0158186));
#15366=CARTESIAN_POINT('',(0.00200467677739621,-0.0190286782508162,0.0122936));
#15367=CARTESIAN_POINT('',(0.00400467677739621,-0.0190286782508162,0.0122936));
#15368=CARTESIAN_POINT('',(0.00400467677739621,-0.0190286782508162,0.0158186));
#15369=CARTESIAN_POINT('',(0.00400467677739621,-0.0155036782508162,0.0158186));
#15370=CARTESIAN_POINT('',(0.00200467677739621,-0.0155036782508162,0.0158186));
#15371=CARTESIAN_POINT('',(0.00200467677739621,-0.0154991516043142,0.0211380000452593));
#15372=CARTESIAN_POINT('',(0.00400467677739621,-0.0154991516043142,0.0211380000452593));
#15373=CARTESIAN_POINT('',(0.00400467677739621,-0.0154946249578121,0.0264574000905185));
#15374=CARTESIAN_POINT('',(0.00200467677739621,-0.0154946249578121,0.0264574000905185));
#15375=CARTESIAN_POINT('',(0.00200467677739621,-0.0220586782508162,0.0122936));
#15376=CARTESIAN_POINT('',(0.00400467677739621,-0.0220586782508162,0.0122936));
#15377=CARTESIAN_POINT('',(0.00200467677739621,-0.0202916516043141,0.0264614822132589));
#15378=CARTESIAN_POINT('',(0.00400467677739621,-0.0202916516043141,0.0264614822132589));
#15379=CARTESIAN_POINT('',(0.00400467677739621,-0.0148386782508162,0.03355));
#15380=CARTESIAN_POINT('',(-0.0551293232226038,-0.0155353852885034,0.065178602290882));
#15381=CARTESIAN_POINT('',(-0.0551293232226038,-0.0151664018089441,0.0669132920760571));
#15382=CARTESIAN_POINT('',(-0.0551293232226038,-0.0151664018089441,0.0669132920760571));
#15383=CARTESIAN_POINT('',(-0.0551293232226038,-0.0155353852885034,0.065178602290882));
#15384=CARTESIAN_POINT('',(-0.0551293232226038,-0.0159043687680626,0.0634439125057068));
#15385=CARTESIAN_POINT('',(-0.0551293232226038,-0.0159043687680626,0.0634439125057068));
#15386=CARTESIAN_POINT('',(-0.0551293232226038,-0.0151414757257624,0.0669814773588848));
#15387=CARTESIAN_POINT('',(-0.0551293232226038,-0.0151165496425807,0.0670496626417124));
#15388=CARTESIAN_POINT('',(-0.0551293232226038,-0.0151165496425807,0.0670496626417124));
#15389=CARTESIAN_POINT('',(-0.0551293232226038,-0.0151414757257624,0.0669814773588848));
#15390=CARTESIAN_POINT('',(-0.0551293232226038,-0.0150747573023021,0.0671076907477894));
#15391=CARTESIAN_POINT('',(-0.0551293232226038,-0.0150329649620234,0.0671657188538664));
#15392=CARTESIAN_POINT('',(-0.0551293232226038,-0.0150329649620234,0.0671657188538664));
#15393=CARTESIAN_POINT('',(-0.0551293232226038,-0.0150747573023021,0.0671076907477894));
#15394=CARTESIAN_POINT('',(-0.0551293232226038,-0.014977194346848,0.0672104763238072));
#15395=CARTESIAN_POINT('',(-0.0551293232226038,-0.0149214237316726,0.0672552337937481));
#15396=CARTESIAN_POINT('',(-0.0551293232226038,-0.0149214237316726,0.0672552337937481));
#15397=CARTESIAN_POINT('',(-0.0551293232226038,-0.014977194346848,0.0672104763238072));
#15398=CARTESIAN_POINT('',(-0.0551293232226038,-0.0148545628102098,0.0672836069574318));
#15399=CARTESIAN_POINT('',(-0.0551293232226038,-0.0147877018887471,0.0673119801211155));
#15400=CARTESIAN_POINT('',(-0.0551293232226038,-0.0147877018887471,0.0673119801211155));
#15401=CARTESIAN_POINT('',(-0.0551293232226038,-0.0148545628102098,0.0672836069574318));
#15402=CARTESIAN_POINT('',(-0.0551293232226038,-0.0147156120904013,0.0673208386905922));
#15403=CARTESIAN_POINT('',(-0.0551293232226038,-0.0146435222920556,0.0673296972600689));
#15404=CARTESIAN_POINT('',(-0.0551293232226038,-0.0146435222920556,0.0673296972600689));
#15405=CARTESIAN_POINT('',(-0.0551293232226038,-0.0147156120904013,0.0673208386905922));
#15406=CARTESIAN_POINT('',(-0.0551293232226038,-0.0145728447875586,0.0673188214616787));
#15407=CARTESIAN_POINT('',(-0.0551293232226038,-0.0145021672830616,0.0673079456632885));
#15408=CARTESIAN_POINT('',(-0.0551293232226038,-0.0145021672830616,0.0673079456632885));
#15409=CARTESIAN_POINT('',(-0.0551293232226038,-0.0145728447875586,0.0673188214616787));
#15410=CARTESIAN_POINT('',(-0.0551293232226038,-0.0144369600016582,0.0672785880194317));
#15411=CARTESIAN_POINT('',(-0.0551293232226038,-0.0143717527202547,0.0672492303755749));
#15412=CARTESIAN_POINT('',(-0.0551293232226038,-0.0143717527202547,0.0672492303755749));
#15413=CARTESIAN_POINT('',(-0.0551293232226038,-0.0144369600016582,0.0672785880194317));
#15414=CARTESIAN_POINT('',(-0.0551293232226038,-0.0143160734575887,0.0672026432300727));
#15415=CARTESIAN_POINT('',(-0.0551293232226038,-0.0142603941949227,0.0671560560845706));
#15416=CARTESIAN_POINT('',(-0.0551293232226038,-0.0142603941949227,0.0671560560845706));
#15417=CARTESIAN_POINT('',(-0.0551293232226038,-0.0143160734575887,0.0672026432300727));
#15418=CARTESIAN_POINT('',(-0.0551293232226038,-0.013072441787404,0.065838546013005));
#15419=CARTESIAN_POINT('',(-0.0551293232226038,-0.0118844893798852,0.0645210359414394));
#15420=CARTESIAN_POINT('',(-0.0551293232226038,-0.0118844893798852,0.0645210359414394));
#15421=CARTESIAN_POINT('',(-0.0551293232226038,-0.013072441787404,0.065838546013005));
#15422=CARTESIAN_POINT('',(-0.0551293232226038,-0.0101200406332122,0.0647056781233356));
#15423=CARTESIAN_POINT('',(-0.0551293232226038,-0.0083555918865392,0.0648903203052318));
#15424=CARTESIAN_POINT('',(-0.0551293232226038,-0.0083555918865392,0.0648903203052318));
#15425=CARTESIAN_POINT('',(-0.0551293232226038,-0.0101200406332122,0.0647056781233356));
#15426=CARTESIAN_POINT('',(-0.0551293232226038,-0.00828296360382921,0.0648879081332387));
#15427=CARTESIAN_POINT('',(-0.0551293232226038,-0.00821033532111922,0.0648854959612456));
#15428=CARTESIAN_POINT('',(-0.0551293232226038,-0.00821033532111922,0.0648854959612456));
#15429=CARTESIAN_POINT('',(-0.0551293232226038,-0.00828296360382921,0.0648879081332387));
#15430=CARTESIAN_POINT('',(-0.0551293232226038,-0.00814221675168784,0.0648637957435062));
#15431=CARTESIAN_POINT('',(-0.0551293232226038,-0.00807409818225646,0.0648420955257669));
#15432=CARTESIAN_POINT('',(-0.0551293232226038,-0.00807409818225646,0.0648420955257669));
#15433=CARTESIAN_POINT('',(-0.0551293232226038,-0.00814221675168784,0.0648637957435062));
#15434=CARTESIAN_POINT('',(-0.0551293232226038,-0.00801425669197912,0.0648028628794934));
#15435=CARTESIAN_POINT('',(-0.0551293232226038,-0.00795441520170179,0.0647636302332199));
#15436=CARTESIAN_POINT('',(-0.0551293232226038,-0.00795441520170179,0.0647636302332199));
#15437=CARTESIAN_POINT('',(-0.0551293232226038,-0.00801425669197912,0.0648028628794934));
#15438=CARTESIAN_POINT('',(-0.0551293232226038,-0.0079066180285972,0.0647086209385096));
#15439=CARTESIAN_POINT('',(-0.0551293232226038,-0.00785882085549261,0.0646536116437994));
#15440=CARTESIAN_POINT('',(-0.0551293232226038,-0.00785882085549261,0.0646536116437994));
#15441=CARTESIAN_POINT('',(-0.0551293232226038,-0.0079066180285972,0.0647086209385096));
#15442=CARTESIAN_POINT('',(-0.0551293232226038,-0.00782798387967119,0.0645876768122741));
#15443=CARTESIAN_POINT('',(-0.0551293232226038,-0.00779714690384976,0.0645217419807489));
#15444=CARTESIAN_POINT('',(-0.0551293232226038,-0.00779714690384976,0.0645217419807489));
#15445=CARTESIAN_POINT('',(-0.0551293232226038,-0.00782798387967119,0.0645876768122741));
#15446=CARTESIAN_POINT('',(-0.0551293232226038,-0.00778562023931763,0.0644512710391726));
#15447=CARTESIAN_POINT('',(-0.0551293232226038,-0.0077740935747855,0.0643808000975964));
#15448=CARTESIAN_POINT('',(-0.0551293232226038,-0.0077740935747855,0.0643808000975964));
#15449=CARTESIAN_POINT('',(-0.0551293232226038,-0.00778562023931763,0.0644512710391726));
#15450=CARTESIAN_POINT('',(-0.0551293232226038,-0.00778179605042489,0.0643098562344671));
#15451=CARTESIAN_POINT('',(-0.0551293232226038,-0.00778949852606428,0.0642389123713377));
#15452=CARTESIAN_POINT('',(-0.0551293232226038,-0.00778949852606428,0.0642389123713377));
#15453=CARTESIAN_POINT('',(-0.0551293232226038,-0.00778179605042489,0.0643098562344671));
#15454=CARTESIAN_POINT('',(-0.0551293232226038,-0.00781634899716978,0.0641715585536986));
#15455=CARTESIAN_POINT('',(-0.0551293232226038,-0.00784319946827527,0.0641042047360596));
#15456=CARTESIAN_POINT('',(-0.0551293232226038,-0.00784319946827527,0.0641042047360596));
#15457=CARTESIAN_POINT('',(-0.0551293232226038,-0.00781634899716978,0.0641715585536986));
#15458=CARTESIAN_POINT('',(-0.0551293232226038,-0.0087293067919522,0.0625678721549838));
#15459=CARTESIAN_POINT('',(-0.0551293232226038,-0.00961541411562913,0.061031539573908));
#15460=CARTESIAN_POINT('',(-0.0551293232226038,-0.00961541411562913,0.061031539573908));
#15461=CARTESIAN_POINT('',(-0.0551293232226038,-0.0087293067919522,0.0625678721549838));
#15462=CARTESIAN_POINT('',(-0.0551293232226038,-0.00889521137853041,0.0594105938454995));
#15463=CARTESIAN_POINT('',(-0.0551293232226038,-0.0081750086414317,0.057789648117091));
#15464=CARTESIAN_POINT('',(-0.0551293232226038,-0.0081750086414317,0.057789648117091));
#15465=CARTESIAN_POINT('',(-0.0551293232226038,-0.00889521137853041,0.0594105938454995));
#15466=CARTESIAN_POINT('',(-0.0551293232226038,-0.00815495302336135,0.0577197609042296));
#15467=CARTESIAN_POINT('',(-0.0551293232226038,-0.008134897405291,0.0576498736913682));
#15468=CARTESIAN_POINT('',(-0.0551293232226038,-0.008134897405291,0.0576498736913682));
#15469=CARTESIAN_POINT('',(-0.0551293232226038,-0.00815495302336135,0.0577197609042296));
#15470=CARTESIAN_POINT('',(-0.0551293232226038,-0.00813449969315603,0.0575783351014047));
#15471=CARTESIAN_POINT('',(-0.0551293232226038,-0.00813410198102106,0.0575067965114412));
#15472=CARTESIAN_POINT('',(-0.0551293232226038,-0.00813410198102106,0.0575067965114412));
#15473=CARTESIAN_POINT('',(-0.0551293232226038,-0.00813449969315603,0.0575783351014047));
#15474=CARTESIAN_POINT('',(-0.0551293232226038,-0.00815288401852318,0.0574377759761055));
#15475=CARTESIAN_POINT('',(-0.0551293232226038,-0.00817166605602529,0.0573687554407699));
#15476=CARTESIAN_POINT('',(-0.0551293232226038,-0.00817166605602529,0.0573687554407699));
#15477=CARTESIAN_POINT('',(-0.0551293232226038,-0.00815288401852318,0.0574377759761055));
#15478=CARTESIAN_POINT('',(-0.0551293232226038,-0.0082091498283139,0.0573064224396422));
#15479=CARTESIAN_POINT('',(-0.0551293232226038,-0.00824663360060251,0.0572440894385145));
#15480=CARTESIAN_POINT('',(-0.0551293232226038,-0.00824663360060251,0.0572440894385145));
#15481=CARTESIAN_POINT('',(-0.0551293232226038,-0.0082091498283139,0.0573064224396422));
#15482=CARTESIAN_POINT('',(-0.0551293232226038,-0.00829965552019871,0.0571944319027859));
#15483=CARTESIAN_POINT('',(-0.0551293232226038,-0.00835267743979491,0.0571447743670573));
#15484=CARTESIAN_POINT('',(-0.0551293232226038,-0.00835267743979491,0.0571447743670573));
#15485=CARTESIAN_POINT('',(-0.0551293232226038,-0.00829965552019871,0.0571944319027859));
#15486=CARTESIAN_POINT('',(-0.0551293232226038,-0.00841594975692326,0.0571119388526298));
#15487=CARTESIAN_POINT('',(-0.0551293232226038,-0.0084792220740516,0.0570791033382023));
#15488=CARTESIAN_POINT('',(-0.0551293232226038,-0.0084792220740516,0.0570791033382023));
#15489=CARTESIAN_POINT('',(-0.0551293232226038,-0.00841594975692326,0.0571119388526298));
#15490=CARTESIAN_POINT('',(-0.0551293232226038,-0.00854908049682404,0.057064497056346));
#15491=CARTESIAN_POINT('',(-0.0551293232226038,-0.00861893891959648,0.0570498907744897));
#15492=CARTESIAN_POINT('',(-0.0551293232226038,-0.00861893891959648,0.0570498907744897));
#15493=CARTESIAN_POINT('',(-0.0551293232226038,-0.00854908049682404,0.057064497056346));
#15494=CARTESIAN_POINT('',(-0.0551293232226038,-0.00869171921756601,0.0570549210057625));
#15495=CARTESIAN_POINT('',(-0.0551293232226038,-0.00876449951553554,0.0570599512370354));
#15496=CARTESIAN_POINT('',(-0.0551293232226038,-0.00876449951553554,0.0570599512370354));
#15497=CARTESIAN_POINT('',(-0.0551293232226038,-0.00869171921756601,0.0570549210057625));
#15498=CARTESIAN_POINT('',(-0.0551293232226038,-0.0105010225172332,0.0574273091093758));
#15499=CARTESIAN_POINT('',(-0.0551293232226038,-0.0122375455189309,0.0577946669817163));
#15500=CARTESIAN_POINT('',(-0.0551293232226038,-0.0122375455189309,0.0577946669817163));
#15501=CARTESIAN_POINT('',(-0.0551293232226038,-0.0105010225172332,0.0574273091093758));
#15502=CARTESIAN_POINT('',(-0.0551293232226038,-0.0135566812084341,0.0566085478307234));
#15503=CARTESIAN_POINT('',(-0.0551293232226038,-0.0148758168979374,0.0554224286797305));
#15504=CARTESIAN_POINT('',(-0.0551293232226038,-0.0148758168979374,0.0554224286797305));
#15505=CARTESIAN_POINT('',(-0.0551293232226038,-0.0135566812084341,0.0566085478307234));
#15506=CARTESIAN_POINT('',(-0.0551293232226038,-0.0149358848520902,0.0553818018665856));
#15507=CARTESIAN_POINT('',(-0.0551293232226038,-0.014995952806243,0.0553411750534407));
#15508=CARTESIAN_POINT('',(-0.0551293232226038,-0.014995952806243,0.0553411750534407));
#15509=CARTESIAN_POINT('',(-0.0551293232226038,-0.0149358848520902,0.0553818018665856));
#15510=CARTESIAN_POINT('',(-0.0551293232226038,-0.0150638047600905,0.0553188819510923));
#15511=CARTESIAN_POINT('',(-0.0551293232226038,-0.015131656713938,0.0552965888487439));
#15512=CARTESIAN_POINT('',(-0.0551293232226038,-0.015131656713938,0.0552965888487439));
#15513=CARTESIAN_POINT('',(-0.0551293232226038,-0.0150638047600905,0.0553188819510923));
#15514=CARTESIAN_POINT('',(-0.0551293232226038,-0.0152031179657782,0.0552933226121729));
#15515=CARTESIAN_POINT('',(-0.0551293232226038,-0.0152745792176185,0.0552900563756019));
#15516=CARTESIAN_POINT('',(-0.0551293232226038,-0.0152745792176185,0.0552900563756019));
#15517=CARTESIAN_POINT('',(-0.0551293232226038,-0.0152031179657782,0.0552933226121729));
#15518=CARTESIAN_POINT('',(-0.0551293232226038,-0.0153454751271908,0.055306510229077));
#15519=CARTESIAN_POINT('',(-0.0551293232226038,-0.015416371036763,0.0553229640825521));
#15520=CARTESIAN_POINT('',(-0.0551293232226038,-0.015416371036763,0.0553229640825521));
#15521=CARTESIAN_POINT('',(-0.0551293232226038,-0.0153454751271908,0.055306510229077));
#15522=CARTESIAN_POINT('',(-0.0551293232226038,-0.0154799595622013,0.0553580553464983));
#15523=CARTESIAN_POINT('',(-0.0551293232226038,-0.0155435480876397,0.0553931466104444));
#15524=CARTESIAN_POINT('',(-0.0551293232226038,-0.0155435480876397,0.0553931466104444));
#15525=CARTESIAN_POINT('',(-0.0551293232226038,-0.0154799595622013,0.0553580553464983));
#15526=CARTESIAN_POINT('',(-0.0551293232226038,-0.0155942576385563,0.0554432810173176));
#15527=CARTESIAN_POINT('',(-0.0551293232226038,-0.0156449671894729,0.0554934154241908));
#15528=CARTESIAN_POINT('',(-0.0551293232226038,-0.0156449671894729,0.0554934154241908));
#15529=CARTESIAN_POINT('',(-0.0551293232226038,-0.0155942576385563,0.0554432810173176));
#15530=CARTESIAN_POINT('',(-0.0551293232226038,-0.0156803787242534,0.0555555189231097));
#15531=CARTESIAN_POINT('',(-0.0551293232226038,-0.0157157902590338,0.0556176224220286));
#15532=CARTESIAN_POINT('',(-0.0551293232226038,-0.0157157902590338,0.0556176224220286));
#15533=CARTESIAN_POINT('',(-0.0551293232226038,-0.0156803787242534,0.0555555189231097));
#15534=CARTESIAN_POINT('',(-0.0551293232226038,-0.015733484834636,0.0556886208499488));
#15535=CARTESIAN_POINT('',(-0.0551293232226038,-0.0157511794102382,0.055759619277869));
#15536=CARTESIAN_POINT('',(-0.0551293232226038,-0.0157511794102382,0.055759619277869));
#15537=CARTESIAN_POINT('',(-0.0551293232226038,-0.015733484834636,0.0556886208499488));
#15538=CARTESIAN_POINT('',(-0.0551293232226038,-0.0159368800001871,0.057523784424959));
#15539=CARTESIAN_POINT('',(-0.0551293232226038,-0.0161225805901361,0.059287949572049));
#15540=CARTESIAN_POINT('',(-0.0551293232226038,-0.0161225805901361,0.059287949572049));
#15541=CARTESIAN_POINT('',(-0.0551293232226038,-0.0159368800001871,0.057523784424959));
#15542=CARTESIAN_POINT('',(-0.0551293232226038,-0.0176581383334576,0.0601753989540839));
#15543=CARTESIAN_POINT('',(-0.0551293232226038,-0.0191936960767791,0.0610628483361188));
#15544=CARTESIAN_POINT('',(-0.0551293232226038,-0.0191936960767791,0.0610628483361188));
#15545=CARTESIAN_POINT('',(-0.0551293232226038,-0.0176581383334576,0.0601753989540839));
#15546=CARTESIAN_POINT('',(-0.0551293232226038,-0.019251072692827,0.0611076335737743));
#15547=CARTESIAN_POINT('',(-0.0551293232226038,-0.0193084493088748,0.0611524188114298));
#15548=CARTESIAN_POINT('',(-0.0551293232226038,-0.0193084493088748,0.0611524188114298));
#15549=CARTESIAN_POINT('',(-0.0551293232226038,-0.019251072692827,0.0611076335737743));
#15550=CARTESIAN_POINT('',(-0.0551293232226038,-0.0193505421758885,0.0612100200527084));
#15551=CARTESIAN_POINT('',(-0.0551293232226038,-0.0193926350429022,0.0612676212939871));
#15552=CARTESIAN_POINT('',(-0.0551293232226038,-0.0193926350429022,0.0612676212939871));
#15553=CARTESIAN_POINT('',(-0.0551293232226038,-0.0193505421758885,0.0612100200527084));
#15554=CARTESIAN_POINT('',(-0.0551293232226038,-0.0194176400687475,0.0613344807195341));
#15555=CARTESIAN_POINT('',(-0.0551293232226038,-0.0194426450945928,0.0614013401450812));
#15556=CARTESIAN_POINT('',(-0.0551293232226038,-0.0194426450945928,0.0614013401450812));
#15557=CARTESIAN_POINT('',(-0.0551293232226038,-0.0194176400687475,0.0613344807195341));
#15558=CARTESIAN_POINT('',(-0.0551293232226038,-0.0194487580535346,0.0614738997569629));
#15559=CARTESIAN_POINT('',(-0.0551293232226038,-0.0194548710124765,0.0615464593688447));
#15560=CARTESIAN_POINT('',(-0.0551293232226038,-0.0194548710124765,0.0615464593688447));
#15561=CARTESIAN_POINT('',(-0.0551293232226038,-0.0194487580535346,0.0614738997569629));
#15562=CARTESIAN_POINT('',(-0.0551293232226038,-0.0194411309460775,0.0616179575171844));
#15563=CARTESIAN_POINT('',(-0.0551293232226038,-0.0194273908796785,0.0616894556655241));
#15564=CARTESIAN_POINT('',(-0.0551293232226038,-0.0194273908796785,0.0616894556655241));
#15565=CARTESIAN_POINT('',(-0.0551293232226038,-0.0194411309460775,0.0616179575171844));
#15566=CARTESIAN_POINT('',(-0.0551293232226038,-0.0193954310126718,0.0617532864113459));
#15567=CARTESIAN_POINT('',(-0.0551293232226038,-0.0193634711456652,0.0618171171571678));
#15568=CARTESIAN_POINT('',(-0.0551293232226038,-0.0193634711456652,0.0618171171571678));
#15569=CARTESIAN_POINT('',(-0.0551293232226038,-0.0193954310126718,0.0617532864113459));
#15570=CARTESIAN_POINT('',(-0.0551293232226038,-0.0193153784470645,0.0618699560903277));
#15571=CARTESIAN_POINT('',(-0.0551293232226038,-0.0192672857484639,0.0619227950234876));
#15572=CARTESIAN_POINT('',(-0.0551293232226038,-0.0192672857484639,0.0619227950234876));
#15573=CARTESIAN_POINT('',(-0.0551293232226038,-0.0193153784470645,0.0618699560903277));
#15574=CARTESIAN_POINT('',(-0.0551293232226038,-0.0192051473794531,0.0619613178109759));
#15575=CARTESIAN_POINT('',(-0.0551293232226038,-0.0191430090104421,0.0619998405984643));
#15576=CARTESIAN_POINT('',(-0.0551293232226038,-0.0191430090104421,0.0619998405984643));
#15577=CARTESIAN_POINT('',(-0.0551293232226038,-0.0192051473794531,0.0619613178109759));
#15578=CARTESIAN_POINT('',(-0.0551293232226038,-0.0175236888892524,0.0627218765520855));
#15579=CARTESIAN_POINT('',(-0.0551293232226038,-0.0175236888892524,0.0627218765520855));
#15580=CARTESIAN_POINT('',(-0.0551293232226038,-0.0148386782508162,0.03355));
#15581=CARTESIAN_POINT('',(-0.0551293232226038,-0.0212583567005283,0.0558858381407964));
#15582=CARTESIAN_POINT('',(-0.0551293232226038,-0.0208141150808966,0.0564751882671882));
#15583=CARTESIAN_POINT('',(-0.0551293232226038,-0.0208141150808966,0.0564751882671882));
#15584=CARTESIAN_POINT('',(-0.0551293232226038,-0.0212583567005283,0.0558858381407964));
#15585=CARTESIAN_POINT('',(-0.0551293232226038,-0.0217025983201599,0.0552964880144046));
#15586=CARTESIAN_POINT('',(-0.0551293232226038,-0.0217025983201599,0.0552964880144046));
#15587=CARTESIAN_POINT('',(-0.0551293232226038,-0.0207927224500974,0.0564965208011976));
#15588=CARTESIAN_POINT('',(-0.0551293232226038,-0.0207713298192982,0.056517853335207));
#15589=CARTESIAN_POINT('',(-0.0551293232226038,-0.0207713298192982,0.056517853335207));
#15590=CARTESIAN_POINT('',(-0.0551293232226038,-0.0207927224500974,0.0564965208011976));
#15591=CARTESIAN_POINT('',(-0.0551293232226038,-0.020745362368437,0.0565323888073742));
#15592=CARTESIAN_POINT('',(-0.0551293232226038,-0.0207193949175759,0.0565469242795415));
#15593=CARTESIAN_POINT('',(-0.0551293232226038,-0.0207193949175759,0.0565469242795415));
#15594=CARTESIAN_POINT('',(-0.0551293232226038,-0.020745362368437,0.0565323888073742));
#15595=CARTESIAN_POINT('',(-0.0551293232226038,-0.020690489418571,0.0565539963473309));
#15596=CARTESIAN_POINT('',(-0.0551293232226038,-0.0206615839195662,0.0565610684151204));
#15597=CARTESIAN_POINT('',(-0.0551293232226038,-0.0206615839195662,0.0565610684151204));
#15598=CARTESIAN_POINT('',(-0.0551293232226038,-0.020690489418571,0.0565539963473309));
#15599=CARTESIAN_POINT('',(-0.0551293232226038,-0.0206313771762721,0.0565600106541268));
#15600=CARTESIAN_POINT('',(-0.0551293232226038,-0.020601170432978,0.0565589528931332));
#15601=CARTESIAN_POINT('',(-0.0551293232226038,-0.020601170432978,0.0565589528931332));
#15602=CARTESIAN_POINT('',(-0.0551293232226038,-0.0206313771762721,0.0565600106541268));
#15603=CARTESIAN_POINT('',(-0.0551293232226038,-0.0205724236206125,0.0565496155516553));
#15604=CARTESIAN_POINT('',(-0.0551293232226038,-0.0205436768082469,0.0565402782101774));
#15605=CARTESIAN_POINT('',(-0.0551293232226038,-0.0205436768082469,0.0565402782101774));
#15606=CARTESIAN_POINT('',(-0.0551293232226038,-0.0205724236206125,0.0565496155516553));
#15607=CARTESIAN_POINT('',(-0.0551293232226038,-0.0205189333137709,0.0565237463773494));
#15608=CARTESIAN_POINT('',(-0.0551293232226038,-0.0204941898192949,0.0565072145445214));
#15609=CARTESIAN_POINT('',(-0.0551293232226038,-0.0204941898192949,0.0565072145445214));
#15610=CARTESIAN_POINT('',(-0.0551293232226038,-0.0205189333137709,0.0565237463773494));
#15611=CARTESIAN_POINT('',(-0.0551293232226038,-0.0204747598216139,0.0564846742773209));
#15612=CARTESIAN_POINT('',(-0.0551293232226038,-0.020455329823933,0.0564621340101204));
#15613=CARTESIAN_POINT('',(-0.0551293232226038,-0.020455329823933,0.0564621340101204));
#15614=CARTESIAN_POINT('',(-0.0551293232226038,-0.0204747598216139,0.0564846742773209));
#15615=CARTESIAN_POINT('',(-0.0551293232226038,-0.0204425234829712,0.056434771274677));
#15616=CARTESIAN_POINT('',(-0.0551293232226038,-0.0204297171420095,0.0564074085392336));
#15617=CARTESIAN_POINT('',(-0.0551293232226038,-0.0204297171420095,0.0564074085392336));
#15618=CARTESIAN_POINT('',(-0.0551293232226038,-0.0204425234829712,0.056434771274677));
#15619=CARTESIAN_POINT('',(-0.0551293232226038,-0.0202133871100235,0.0557015818079705));
#15620=CARTESIAN_POINT('',(-0.0551293232226038,-0.0199970570780375,0.0549957550767074));
#15621=CARTESIAN_POINT('',(-0.0551293232226038,-0.0199970570780375,0.0549957550767074));
#15622=CARTESIAN_POINT('',(-0.0551293232226038,-0.0202133871100235,0.0557015818079705));
#15623=CARTESIAN_POINT('',(-0.0551293232226038,-0.0192991175779581,0.0547550811913544));
#15624=CARTESIAN_POINT('',(-0.0551293232226038,-0.0186011780778786,0.0545144073060015));
#15625=CARTESIAN_POINT('',(-0.0551293232226038,-0.0186011780778786,0.0545144073060015));
#15626=CARTESIAN_POINT('',(-0.0551293232226038,-0.0192991175779581,0.0547550811913544));
#15627=CARTESIAN_POINT('',(-0.0551293232226038,-0.0185742103509308,0.0545007244710134));
#15628=CARTESIAN_POINT('',(-0.0551293232226038,-0.018547242623983,0.0544870416360253));
#15629=CARTESIAN_POINT('',(-0.0551293232226038,-0.018547242623983,0.0544870416360253));
#15630=CARTESIAN_POINT('',(-0.0551293232226038,-0.0185742103509308,0.0545007244710134));
#15631=CARTESIAN_POINT('',(-0.0551293232226038,-0.0185253679207458,0.0544668773819536));
#15632=CARTESIAN_POINT('',(-0.0551293232226038,-0.0185034932175086,0.0544467131278819));
#15633=CARTESIAN_POINT('',(-0.0551293232226038,-0.0185034932175086,0.0544467131278819));
#15634=CARTESIAN_POINT('',(-0.0551293232226038,-0.0185253679207458,0.0544668773819536));
#15635=CARTESIAN_POINT('',(-0.0551293232226038,-0.0184878236512446,0.0544213921541297));
#15636=CARTESIAN_POINT('',(-0.0551293232226038,-0.0184721540849806,0.0543960711803775));
#15637=CARTESIAN_POINT('',(-0.0551293232226038,-0.0184721540849806,0.0543960711803775));
#15638=CARTESIAN_POINT('',(-0.0551293232226038,-0.0184878236512446,0.0544213921541297));
#15639=CARTESIAN_POINT('',(-0.0551293232226038,-0.018463801692084,0.0543669182252943));
#15640=CARTESIAN_POINT('',(-0.0551293232226038,-0.0184554492991873,0.0543377652702112));
#15641=CARTESIAN_POINT('',(-0.0551293232226038,-0.0184554492991873,0.0543377652702112));
#15642=CARTESIAN_POINT('',(-0.0551293232226038,-0.018463801692084,0.0543669182252943));
#15643=CARTESIAN_POINT('',(-0.0551293232226038,-0.0184554149560606,0.0543074744955845));
#15644=CARTESIAN_POINT('',(-0.0551293232226038,-0.0184553806129337,0.0542771837209577));
#15645=CARTESIAN_POINT('',(-0.0551293232226038,-0.0184553806129337,0.0542771837209577));
#15646=CARTESIAN_POINT('',(-0.0551293232226038,-0.0184554149560606,0.0543074744955845));
#15647=CARTESIAN_POINT('',(-0.0551293232226038,-0.0184634269680884,0.0542485782290753));
#15648=CARTESIAN_POINT('',(-0.0551293232226038,-0.018471473323243,0.0542199727371929));
#15649=CARTESIAN_POINT('',(-0.0551293232226038,-0.018471473323243,0.0542199727371929));
#15650=CARTESIAN_POINT('',(-0.0551293232226038,-0.0184634269680884,0.0542485782290753));
#15651=CARTESIAN_POINT('',(-0.0551293232226038,-0.0184868551730723,0.0541945706951117));
#15652=CARTESIAN_POINT('',(-0.0551293232226038,-0.0185022370229017,0.0541691686530305));
#15653=CARTESIAN_POINT('',(-0.0551293232226038,-0.0185022370229017,0.0541691686530305));
#15654=CARTESIAN_POINT('',(-0.0551293232226038,-0.0184868551730723,0.0541945706951117));
#15655=CARTESIAN_POINT('',(-0.0551293232226038,-0.0185242092127075,0.0541484881489303));
#15656=CARTESIAN_POINT('',(-0.0551293232226038,-0.0185461814025134,0.0541278076448301));
#15657=CARTESIAN_POINT('',(-0.0551293232226038,-0.0185461814025134,0.0541278076448301));
#15658=CARTESIAN_POINT('',(-0.0551293232226038,-0.0185242092127075,0.0541484881489303));
#15659=CARTESIAN_POINT('',(-0.0551293232226038,-0.019150572759474,0.0537042146310326));
#15660=CARTESIAN_POINT('',(-0.0551293232226038,-0.0197549641164345,0.0532806216172352));
#15661=CARTESIAN_POINT('',(-0.0551293232226038,-0.0197549641164345,0.0532806216172352));
#15662=CARTESIAN_POINT('',(-0.0551293232226038,-0.019150572759474,0.0537042146310326));
#15663=CARTESIAN_POINT('',(-0.0551293232226038,-0.0197684121259967,0.0525426160645388));
#15664=CARTESIAN_POINT('',(-0.0551293232226038,-0.0197818601355588,0.0518046105118423));
#15665=CARTESIAN_POINT('',(-0.0551293232226038,-0.0197818601355588,0.0518046105118423));
#15666=CARTESIAN_POINT('',(-0.0551293232226038,-0.0197684121259967,0.0525426160645388));
#15667=CARTESIAN_POINT('',(-0.0551293232226038,-0.0197865871128662,0.0517747251946144));
#15668=CARTESIAN_POINT('',(-0.0551293232226038,-0.0197913140901737,0.0517448398773865));
#15669=CARTESIAN_POINT('',(-0.0551293232226038,-0.0197913140901737,0.0517448398773865));
#15670=CARTESIAN_POINT('',(-0.0551293232226038,-0.0197865871128662,0.0517747251946144));
#15671=CARTESIAN_POINT('',(-0.0551293232226038,-0.0198037455263574,0.0517177889589457));
#15672=CARTESIAN_POINT('',(-0.0551293232226038,-0.0198161769625412,0.0516907380405049));
#15673=CARTESIAN_POINT('',(-0.0551293232226038,-0.0198161769625412,0.0516907380405049));
#15674=CARTESIAN_POINT('',(-0.0551293232226038,-0.0198037455263574,0.0517177889589457));
#15675=CARTESIAN_POINT('',(-0.0551293232226038,-0.0198353992450455,0.051668009940366));
#15676=CARTESIAN_POINT('',(-0.0551293232226038,-0.01985462152755,0.0516452818402272));
#15677=CARTESIAN_POINT('',(-0.0551293232226038,-0.01985462152755,0.0516452818402272));
#15678=CARTESIAN_POINT('',(-0.0551293232226038,-0.0198353992450455,0.051668009940366));
#15679=CARTESIAN_POINT('',(-0.0551293232226038,-0.0198797210887513,0.0516283650208282));
#15680=CARTESIAN_POINT('',(-0.0551293232226038,-0.0199048206499528,0.0516114482014292));
#15681=CARTESIAN_POINT('',(-0.0551293232226038,-0.0199048206499528,0.0516114482014292));
#15682=CARTESIAN_POINT('',(-0.0551293232226038,-0.0198797210887513,0.0516283650208282));
#15683=CARTESIAN_POINT('',(-0.0551293232226038,-0.0199335512416058,0.0516020446496599));
#15684=CARTESIAN_POINT('',(-0.0551293232226038,-0.0199622818332588,0.0515926410978907));
#15685=CARTESIAN_POINT('',(-0.0551293232226038,-0.0199622818332588,0.0515926410978907));
#15686=CARTESIAN_POINT('',(-0.0551293232226038,-0.0199335512416058,0.0516020446496599));
#15687=CARTESIAN_POINT('',(-0.0551293232226038,-0.0199919199147438,0.0515913847462413));
#15688=CARTESIAN_POINT('',(-0.0551293232226038,-0.0200215579962289,0.0515901283945918));
#15689=CARTESIAN_POINT('',(-0.0551293232226038,-0.0200215579962289,0.0515901283945918));
#15690=CARTESIAN_POINT('',(-0.0551293232226038,-0.0199919199147438,0.0515913847462413));
#15691=CARTESIAN_POINT('',(-0.0551293232226038,-0.0200504740848108,0.0515969055405343));
#15692=CARTESIAN_POINT('',(-0.0551293232226038,-0.0200793901733928,0.0516036826864767));
#15693=CARTESIAN_POINT('',(-0.0551293232226038,-0.0200793901733928,0.0516036826864767));
#15694=CARTESIAN_POINT('',(-0.0551293232226038,-0.0200504740848108,0.0515969055405343));
#15695=CARTESIAN_POINT('',(-0.0551293232226038,-0.0201059547973239,0.0516183796644207));
#15696=CARTESIAN_POINT('',(-0.0551293232226038,-0.020132519421255,0.0516330766423647));
#15697=CARTESIAN_POINT('',(-0.0551293232226038,-0.020132519421255,0.0516330766423647));
#15698=CARTESIAN_POINT('',(-0.0551293232226038,-0.0201059547973239,0.0516183796644207));
#15699=CARTESIAN_POINT('',(-0.0551293232226038,-0.0207228468444642,0.0520770275661455));
#15700=CARTESIAN_POINT('',(-0.0551293232226038,-0.0213131742676736,0.0525209784899264));
#15701=CARTESIAN_POINT('',(-0.0551293232226038,-0.0213131742676736,0.0525209784899264));
#15702=CARTESIAN_POINT('',(-0.0551293232226038,-0.0207228468444642,0.0520770275661455));
#15703=CARTESIAN_POINT('',(-0.0551293232226038,-0.0220192916917949,0.0523056257717304));
#15704=CARTESIAN_POINT('',(-0.0551293232226038,-0.0227254091159161,0.0520902730535344));
#15705=CARTESIAN_POINT('',(-0.0551293232226038,-0.0227254091159161,0.0520902730535344));
#15706=CARTESIAN_POINT('',(-0.0551293232226038,-0.0220192916917949,0.0523056257717304));
#15707=CARTESIAN_POINT('',(-0.0551293232226038,-0.0227552089126702,0.0520855146437092));
#15708=CARTESIAN_POINT('',(-0.0551293232226038,-0.0227850087094242,0.052080756233884));
#15709=CARTESIAN_POINT('',(-0.0551293232226038,-0.0227850087094242,0.052080756233884));
#15710=CARTESIAN_POINT('',(-0.0551293232226038,-0.0227552089126702,0.0520855146437092));
#15711=CARTESIAN_POINT('',(-0.0551293232226038,-0.0228145199277619,0.0520842813985616));
#15712=CARTESIAN_POINT('',(-0.0551293232226038,-0.0228440311460997,0.0520878065632393));
#15713=CARTESIAN_POINT('',(-0.0551293232226038,-0.0228440311460997,0.0520878065632393));
#15714=CARTESIAN_POINT('',(-0.0551293232226038,-0.0228145199277619,0.0520842813985616));
#15715=CARTESIAN_POINT('',(-0.0551293232226038,-0.0228715573813477,0.0520991425262625));
#15716=CARTESIAN_POINT('',(-0.0551293232226038,-0.0228990836165957,0.0521104784892857));
#15717=CARTESIAN_POINT('',(-0.0551293232226038,-0.0228990836165957,0.0521104784892857));
#15718=CARTESIAN_POINT('',(-0.0551293232226038,-0.0228715573813477,0.0520991425262625));
#15719=CARTESIAN_POINT('',(-0.0551293232226038,-0.0229229284750676,0.0521291525114349));
#15720=CARTESIAN_POINT('',(-0.0551293232226038,-0.0229467733335394,0.052147826533584));
#15721=CARTESIAN_POINT('',(-0.0551293232226038,-0.0229467733335394,0.052147826533584));
#15722=CARTESIAN_POINT('',(-0.0551293232226038,-0.0229229284750676,0.0521291525114349));
#15723=CARTESIAN_POINT('',(-0.0551293232226038,-0.0229645844458574,0.0521722445618313));
#15724=CARTESIAN_POINT('',(-0.0551293232226038,-0.0229823955581752,0.0521966625900787));
#15725=CARTESIAN_POINT('',(-0.0551293232226038,-0.0229823955581752,0.0521966625900787));
#15726=CARTESIAN_POINT('',(-0.0551293232226038,-0.0229645844458574,0.0521722445618313));
#15727=CARTESIAN_POINT('',(-0.0551293232226038,-0.0229927037048692,0.0522244891655476));
#15728=CARTESIAN_POINT('',(-0.0551293232226038,-0.0230030118515632,0.0522523157410165));
#15729=CARTESIAN_POINT('',(-0.0551293232226038,-0.0230030118515632,0.0522523157410165));
#15730=CARTESIAN_POINT('',(-0.0551293232226038,-0.0229927037048692,0.0522244891655476));
#15731=CARTESIAN_POINT('',(-0.0551293232226038,-0.0230054453153919,0.0522819660421772));
#15732=CARTESIAN_POINT('',(-0.0551293232226038,-0.0230078787792206,0.0523116163433379));
#15733=CARTESIAN_POINT('',(-0.0551293232226038,-0.0230078787792206,0.0523116163433379));
#15734=CARTESIAN_POINT('',(-0.0551293232226038,-0.0230054453153919,0.0522819660421772));
#15735=CARTESIAN_POINT('',(-0.0551293232226038,-0.0230020658998457,0.0523415055236938));
#15736=CARTESIAN_POINT('',(-0.0551293232226038,-0.0229962530204709,0.0523713947040497));
#15737=CARTESIAN_POINT('',(-0.0551293232226038,-0.0229962530204709,0.0523713947040497));
#15738=CARTESIAN_POINT('',(-0.0551293232226038,-0.0230020658998457,0.0523415055236938));
#15739=CARTESIAN_POINT('',(-0.0551293232226038,-0.0227560281930151,0.0530694133851522));
#15740=CARTESIAN_POINT('',(-0.0551293232226038,-0.0225158033655594,0.0537674320662548));
#15741=CARTESIAN_POINT('',(-0.0551293232226038,-0.0225158033655594,0.0537674320662548));
#15742=CARTESIAN_POINT('',(-0.0551293232226038,-0.0227560281930151,0.0530694133851522));
#15743=CARTESIAN_POINT('',(-0.0551293232226038,-0.0229388681204712,0.0543721933140692));
#15744=CARTESIAN_POINT('',(-0.0551293232226038,-0.0233619328753831,0.0549769545618836));
#15745=CARTESIAN_POINT('',(-0.0551293232226038,-0.0233619328753831,0.0549769545618836));
#15746=CARTESIAN_POINT('',(-0.0551293232226038,-0.0229388681204712,0.0543721933140692));
#15747=CARTESIAN_POINT('',(-0.0551293232226038,-0.0233756962778606,0.0550039362150749));
#15748=CARTESIAN_POINT('',(-0.0551293232226038,-0.023389459680338,0.0550309178682662));
#15749=CARTESIAN_POINT('',(-0.0551293232226038,-0.023389459680338,0.0550309178682662));
#15750=CARTESIAN_POINT('',(-0.0551293232226038,-0.0233756962778606,0.0550039362150749));
#15751=CARTESIAN_POINT('',(-0.0551293232226038,-0.0233952048351671,0.0550600451712903));
#15752=CARTESIAN_POINT('',(-0.0551293232226038,-0.0234009499899962,0.0550891724743143));
#15753=CARTESIAN_POINT('',(-0.0551293232226038,-0.0234009499899962,0.0550891724743143));
#15754=CARTESIAN_POINT('',(-0.0551293232226038,-0.0233952048351671,0.0550600451712903));
#15755=CARTESIAN_POINT('',(-0.0551293232226038,-0.0233986221897722,0.0551187863017217));
#15756=CARTESIAN_POINT('',(-0.0551293232226038,-0.0233962943895482,0.055148400129129));
#15757=CARTESIAN_POINT('',(-0.0551293232226038,-0.0233962943895482,0.055148400129129));
#15758=CARTESIAN_POINT('',(-0.0551293232226038,-0.0233986221897722,0.0551187863017217));
#15759=CARTESIAN_POINT('',(-0.0551293232226038,-0.023385838907885,0.0551768412646224));
#15760=CARTESIAN_POINT('',(-0.0551293232226038,-0.0233753834262218,0.0552052824001157));
#15761=CARTESIAN_POINT('',(-0.0551293232226038,-0.0233753834262218,0.0552052824001157));
#15762=CARTESIAN_POINT('',(-0.0551293232226038,-0.023385838907885,0.0551768412646224));
#15763=CARTESIAN_POINT('',(-0.0551293232226038,-0.0233576270009761,0.055229831666126));
#15764=CARTESIAN_POINT('',(-0.0551293232226038,-0.0233398705757305,0.0552543809321362));
#15765=CARTESIAN_POINT('',(-0.0551293232226038,-0.0233398705757305,0.0552543809321362));
#15766=CARTESIAN_POINT('',(-0.0551293232226038,-0.0233576270009761,0.055229831666126));
#15767=CARTESIAN_POINT('',(-0.0551293232226038,-0.0233165909632229,0.0552728341147945));
#15768=CARTESIAN_POINT('',(-0.0551293232226038,-0.0232933113507152,0.0552912872974529));
#15769=CARTESIAN_POINT('',(-0.0551293232226038,-0.0232933113507152,0.0552912872974529));
#15770=CARTESIAN_POINT('',(-0.0551293232226038,-0.0233165909632229,0.0552728341147945));
#15771=CARTESIAN_POINT('',(-0.0551293232226038,-0.02326588031831,0.0553027576200271));
#15772=CARTESIAN_POINT('',(-0.0551293232226038,-0.0232384492859047,0.0553142279426014));
#15773=CARTESIAN_POINT('',(-0.0551293232226038,-0.0232384492859047,0.0553142279426014));
#15774=CARTESIAN_POINT('',(-0.0551293232226038,-0.02326588031831,0.0553027576200271));
#15775=CARTESIAN_POINT('',(-0.0551293232226038,-0.0232082386598779,0.0553178286912476));
#15776=CARTESIAN_POINT('',(-0.0551293232226038,-0.0231780280338511,0.0553214294398938));
#15777=CARTESIAN_POINT('',(-0.0551293232226038,-0.0231780280338511,0.0553214294398938));
#15778=CARTESIAN_POINT('',(-0.0551293232226038,-0.0232082386598779,0.0553178286912476));
#15779=CARTESIAN_POINT('',(-0.0551293232226038,-0.0224403131770055,0.0553089587271492));
#15780=CARTESIAN_POINT('',(-0.0551293232226038,-0.0224403131770055,0.0553089587271492));
#15781=CARTESIAN_POINT('',(-0.0551293232226038,-0.0148386782508162,0.03355));
#15782=CARTESIAN_POINT('',(-0.0551293232226038,-0.0134625589134295,0.0480664819368248));
#15783=CARTESIAN_POINT('',(-0.0556293232226038,-0.0134625589134295,0.0480664819368248));
#15784=CARTESIAN_POINT('',(-0.0556293232226038,-0.0141498495025435,0.0497634156998078));
#15785=CARTESIAN_POINT('',(-0.0556293232226038,-0.0127752683243154,0.0463695481738419));
#15786=CARTESIAN_POINT('',(-0.0551293232226038,-0.0141498495025435,0.0497634156998078));
#15787=CARTESIAN_POINT('',(-0.0551293232226038,-0.0141498495025435,0.0497634156998078));
#15788=CARTESIAN_POINT('',(-0.0551293232226038,-0.0134625589134295,0.0480664819368248));
#15789=CARTESIAN_POINT('',(-0.0551293232226038,-0.0127752683243154,0.0463695481738419));
#15790=CARTESIAN_POINT('',(-0.0551293232226038,-0.0127752683243154,0.0463695481738419));
#15791=CARTESIAN_POINT('',(-0.0551293232226038,-0.0151213681130734,0.0482116089367462));
#15792=CARTESIAN_POINT('',(-0.0556293232226038,-0.0151213681130734,0.0482116089367462));
#15793=CARTESIAN_POINT('',(-0.0556293232226038,-0.0160928867236034,0.0466598021736846));
#15794=CARTESIAN_POINT('',(-0.0551293232226038,-0.0160928867236034,0.0466598021736846));
#15795=CARTESIAN_POINT('',(-0.0551293232226038,-0.0160928867236034,0.0466598021736846));
#15796=CARTESIAN_POINT('',(-0.0551293232226038,-0.0151213681130734,0.0482116089367462));
#15797=CARTESIAN_POINT('',(-0.0551293232226038,-0.0161441004093099,0.0465963236357453));
#15798=CARTESIAN_POINT('',(-0.0556293232226038,-0.0161441004093099,0.0465963236357453));
#15799=CARTESIAN_POINT('',(-0.0556293232226038,-0.0161953140950163,0.046532845097806));
#15800=CARTESIAN_POINT('',(-0.0551293232226038,-0.0161953140950163,0.046532845097806));
#15801=CARTESIAN_POINT('',(-0.0551293232226038,-0.0161953140950163,0.046532845097806));
#15802=CARTESIAN_POINT('',(-0.0551293232226038,-0.0161441004093099,0.0465963236357453));
#15803=CARTESIAN_POINT('',(-0.0551293232226038,-0.0162589851905861,0.0464834699146333));
#15804=CARTESIAN_POINT('',(-0.0556293232226038,-0.0162589851905861,0.0464834699146333));
#15805=CARTESIAN_POINT('',(-0.0556293232226038,-0.016322656286156,0.0464340947314606));
#15806=CARTESIAN_POINT('',(-0.0551293232226038,-0.016322656286156,0.0464340947314606));
#15807=CARTESIAN_POINT('',(-0.0551293232226038,-0.016322656286156,0.0464340947314606));
#15808=CARTESIAN_POINT('',(-0.0551293232226038,-0.0162589851905861,0.0464834699146333));
#15809=CARTESIAN_POINT('',(-0.0551293232226038,-0.016396040352659,0.0464007516258901));
#15810=CARTESIAN_POINT('',(-0.0556293232226038,-0.016396040352659,0.0464007516258901));
#15811=CARTESIAN_POINT('',(-0.0556293232226038,-0.0164694244191621,0.0463674085203196));
#15812=CARTESIAN_POINT('',(-0.0551293232226038,-0.0164694244191621,0.0463674085203196));
#15813=CARTESIAN_POINT('',(-0.0551293232226038,-0.0164694244191621,0.0463674085203196));
#15814=CARTESIAN_POINT('',(-0.0551293232226038,-0.016396040352659,0.0464007516258901));
#15815=CARTESIAN_POINT('',(-0.0551293232226038,-0.0165497772698617,0.04635202645585));
#15816=CARTESIAN_POINT('',(-0.0556293232226038,-0.0165497772698617,0.04635202645585));
#15817=CARTESIAN_POINT('',(-0.0556293232226038,-0.0166301301205614,0.0463366443913805));
#15818=CARTESIAN_POINT('',(-0.0551293232226038,-0.0166301301205614,0.0463366443913805));
#15819=CARTESIAN_POINT('',(-0.0551293232226038,-0.0166301301205614,0.0463366443913805));
#15820=CARTESIAN_POINT('',(-0.0551293232226038,-0.0165497772698617,0.04635202645585));
#15821=CARTESIAN_POINT('',(-0.0551293232226038,-0.0184561084080936,0.0462072088751247));
#15822=CARTESIAN_POINT('',(-0.0556293232226038,-0.0184561084080936,0.0462072088751247));
#15823=CARTESIAN_POINT('',(-0.0556293232226038,-0.0202820866956257,0.046077773358869));
#15824=CARTESIAN_POINT('',(-0.0551293232226038,-0.0202820866956257,0.046077773358869));
#15825=CARTESIAN_POINT('',(-0.0551293232226038,-0.0202820866956257,0.046077773358869));
#15826=CARTESIAN_POINT('',(-0.0551293232226038,-0.0184561084080936,0.0462072088751247));
#15827=CARTESIAN_POINT('',(-0.0551293232226038,-0.0191063587953316,0.0446750107962217));
#15828=CARTESIAN_POINT('',(-0.0556293232226038,-0.0191063587953316,0.0446750107962217));
#15829=CARTESIAN_POINT('',(-0.0556293232226038,-0.0179306308950376,0.0432722482335744));
#15830=CARTESIAN_POINT('',(-0.0551293232226038,-0.0179306308950376,0.0432722482335744));
#15831=CARTESIAN_POINT('',(-0.0551293232226038,-0.0179306308950376,0.0432722482335744));
#15832=CARTESIAN_POINT('',(-0.0551293232226038,-0.0191063587953316,0.0446750107962217));
#15833=CARTESIAN_POINT('',(-0.0551293232226038,-0.0178860759015964,0.0432040962205476));
#15834=CARTESIAN_POINT('',(-0.0556293232226038,-0.0178860759015964,0.0432040962205476));
#15835=CARTESIAN_POINT('',(-0.0556293232226038,-0.0178415209081553,0.0431359442075208));
#15836=CARTESIAN_POINT('',(-0.0551293232226038,-0.0178415209081553,0.0431359442075208));
#15837=CARTESIAN_POINT('',(-0.0551293232226038,-0.0178415209081553,0.0431359442075208));
#15838=CARTESIAN_POINT('',(-0.0551293232226038,-0.0178860759015964,0.0432040962205476));
#15839=CARTESIAN_POINT('',(-0.0551293232226038,-0.0178144476225531,0.0430601038171237));
#15840=CARTESIAN_POINT('',(-0.0556293232226038,-0.0178144476225531,0.0430601038171237));
#15841=CARTESIAN_POINT('',(-0.0556293232226038,-0.0177873743369509,0.0429842634267266));
#15842=CARTESIAN_POINT('',(-0.0551293232226038,-0.0177873743369509,0.0429842634267266));
#15843=CARTESIAN_POINT('',(-0.0551293232226038,-0.0177873743369509,0.0429842634267266));
#15844=CARTESIAN_POINT('',(-0.0551293232226038,-0.0178144476225531,0.0430601038171237));
#15845=CARTESIAN_POINT('',(-0.0551293232226038,-0.0177785764721071,0.0429040573996861));
#15846=CARTESIAN_POINT('',(-0.0556293232226038,-0.0177785764721071,0.0429040573996861));
#15847=CARTESIAN_POINT('',(-0.0556293232226038,-0.0177697786072634,0.0428238513726457));
#15848=CARTESIAN_POINT('',(-0.0551293232226038,-0.0177697786072634,0.0428238513726457));
#15849=CARTESIAN_POINT('',(-0.0551293232226038,-0.0177697786072634,0.0428238513726457));
#15850=CARTESIAN_POINT('',(-0.0551293232226038,-0.0177785764721071,0.0429040573996861));
#15851=CARTESIAN_POINT('',(-0.0551293232226038,-0.0177800499208422,0.0427426025629031));
#15852=CARTESIAN_POINT('',(-0.0556293232226038,-0.0177800499208422,0.0427426025629031));
#15853=CARTESIAN_POINT('',(-0.0556293232226038,-0.017790321234421,0.0426613537531606));
#15854=CARTESIAN_POINT('',(-0.0551293232226038,-0.017790321234421,0.0426613537531606));
#15855=CARTESIAN_POINT('',(-0.0551293232226038,-0.017790321234421,0.0426613537531606));
#15856=CARTESIAN_POINT('',(-0.0551293232226038,-0.0177800499208422,0.0427426025629031));
#15857=CARTESIAN_POINT('',(-0.0551293232226038,-0.0182319982616285,0.0408853412841291));
#15858=CARTESIAN_POINT('',(-0.0556293232226038,-0.0182319982616285,0.0408853412841291));
#15859=CARTESIAN_POINT('',(-0.0556293232226038,-0.018673675288836,0.0391093288150977));
#15860=CARTESIAN_POINT('',(-0.0551293232226038,-0.018673675288836,0.0391093288150977));
#15861=CARTESIAN_POINT('',(-0.0551293232226038,-0.018673675288836,0.0391093288150977));
#15862=CARTESIAN_POINT('',(-0.0551293232226038,-0.0182319982616285,0.0408853412841291));
#15863=CARTESIAN_POINT('',(-0.0551293232226038,-0.0169755576680041,0.039793623983698));
#15864=CARTESIAN_POINT('',(-0.0556293232226038,-0.0169755576680041,0.039793623983698));
#15865=CARTESIAN_POINT('',(-0.0556293232226038,-0.0152774400471721,0.0404779191522983));
#15866=CARTESIAN_POINT('',(-0.0551293232226038,-0.0152774400471721,0.0404779191522983));
#15867=CARTESIAN_POINT('',(-0.0551293232226038,-0.0152774400471721,0.0404779191522983));
#15868=CARTESIAN_POINT('',(-0.0551293232226038,-0.0169755576680041,0.039793623983698));
#15869=CARTESIAN_POINT('',(-0.0551293232226038,-0.0151980413296531,0.0404994396120783));
#15870=CARTESIAN_POINT('',(-0.0556293232226038,-0.0151980413296531,0.0404994396120783));
#15871=CARTESIAN_POINT('',(-0.0556293232226038,-0.0151186426121342,0.0405209600718583));
#15872=CARTESIAN_POINT('',(-0.0551293232226038,-0.0151186426121342,0.0405209600718583));
#15873=CARTESIAN_POINT('',(-0.0551293232226038,-0.0151186426121342,0.0405209600718583));
#15874=CARTESIAN_POINT('',(-0.0551293232226038,-0.0151980413296531,0.0404994396120783));
#15875=CARTESIAN_POINT('',(-0.0551293232226038,-0.0150377975025597,0.040523375987323));
#15876=CARTESIAN_POINT('',(-0.0556293232226038,-0.0150377975025597,0.040523375987323));
#15877=CARTESIAN_POINT('',(-0.0556293232226038,-0.0149569523929854,0.0405257919027877));
#15878=CARTESIAN_POINT('',(-0.0551293232226038,-0.0149569523929854,0.0405257919027877));
#15879=CARTESIAN_POINT('',(-0.0551293232226038,-0.0149569523929854,0.0405257919027877));
#15880=CARTESIAN_POINT('',(-0.0551293232226038,-0.0150377975025597,0.040523375987323));
#15881=CARTESIAN_POINT('',(-0.0551293232226038,-0.0148780241338231,0.0405093976288252));
#15882=CARTESIAN_POINT('',(-0.0556293232226038,-0.0148780241338231,0.0405093976288252));
#15883=CARTESIAN_POINT('',(-0.0556293232226038,-0.0147990958746608,0.0404930033548627));
#15884=CARTESIAN_POINT('',(-0.0551293232226038,-0.0147990958746608,0.0404930033548627));
#15885=CARTESIAN_POINT('',(-0.0551293232226038,-0.0147990958746608,0.0404930033548627));
#15886=CARTESIAN_POINT('',(-0.0551293232226038,-0.0148780241338231,0.0405093976288252));
#15887=CARTESIAN_POINT('',(-0.0551293232226038,-0.0147254475646538,0.0404580930151878));
#15888=CARTESIAN_POINT('',(-0.0556293232226038,-0.0147254475646538,0.0404580930151878));
#15889=CARTESIAN_POINT('',(-0.0556293232226038,-0.0146517992546468,0.040423182675513));
#15890=CARTESIAN_POINT('',(-0.0551293232226038,-0.0146517992546468,0.040423182675513));
#15891=CARTESIAN_POINT('',(-0.0551293232226038,-0.0146517992546468,0.040423182675513));
#15892=CARTESIAN_POINT('',(-0.0551293232226038,-0.0147254475646538,0.0404580930151878));
#15893=CARTESIAN_POINT('',(-0.0551293232226038,-0.0130983064651386,0.0394544084578051));
#15894=CARTESIAN_POINT('',(-0.0556293232226038,-0.0130983064651386,0.0394544084578051));
#15895=CARTESIAN_POINT('',(-0.0556293232226038,-0.0115448136756304,0.0384856342400971));
#15896=CARTESIAN_POINT('',(-0.0551293232226038,-0.0115448136756304,0.0384856342400971));
#15897=CARTESIAN_POINT('',(-0.0551293232226038,-0.0115448136756304,0.0384856342400971));
#15898=CARTESIAN_POINT('',(-0.0551293232226038,-0.0130983064651386,0.0394544084578051));
#15899=CARTESIAN_POINT('',(-0.0551293232226038,-0.011671379253356,0.0403113614951926));
#15900=CARTESIAN_POINT('',(-0.0556293232226038,-0.011671379253356,0.0403113614951926));
#15901=CARTESIAN_POINT('',(-0.0556293232226038,-0.0117979448310817,0.0421370887502881));
#15902=CARTESIAN_POINT('',(-0.0551293232226038,-0.0117979448310817,0.0421370887502881));
#15903=CARTESIAN_POINT('',(-0.0551293232226038,-0.0117979448310817,0.0421370887502881));
#15904=CARTESIAN_POINT('',(-0.0551293232226038,-0.011671379253356,0.0403113614951926));
#15905=CARTESIAN_POINT('',(-0.0551293232226038,-0.011793951446813,0.0422188868076757));
#15906=CARTESIAN_POINT('',(-0.0556293232226038,-0.011793951446813,0.0422188868076757));
#15907=CARTESIAN_POINT('',(-0.0556293232226038,-0.0117899580625443,0.0423006848650634));
#15908=CARTESIAN_POINT('',(-0.0551293232226038,-0.0117899580625443,0.0423006848650634));
#15909=CARTESIAN_POINT('',(-0.0551293232226038,-0.0117899580625443,0.0423006848650634));
#15910=CARTESIAN_POINT('',(-0.0551293232226038,-0.011793951446813,0.0422188868076757));
#15911=CARTESIAN_POINT('',(-0.0551293232226038,-0.0117673662266027,0.0423781446491336));
#15912=CARTESIAN_POINT('',(-0.0556293232226038,-0.0117673662266027,0.0423781446491336));
#15913=CARTESIAN_POINT('',(-0.0556293232226038,-0.0117447743906611,0.0424556044332038));
#15914=CARTESIAN_POINT('',(-0.0551293232226038,-0.0117447743906611,0.0424556044332038));
#15915=CARTESIAN_POINT('',(-0.0551293232226038,-0.0117447743906611,0.0424556044332038));
#15916=CARTESIAN_POINT('',(-0.0551293232226038,-0.0117673662266027,0.0423781446491336));
#15917=CARTESIAN_POINT('',(-0.0551293232226038,-0.0117049428635145,0.0425255914109502));
#15918=CARTESIAN_POINT('',(-0.0556293232226038,-0.0117049428635145,0.0425255914109502));
#15919=CARTESIAN_POINT('',(-0.0556293232226038,-0.011665111336368,0.0425955783886965));
#15920=CARTESIAN_POINT('',(-0.0551293232226038,-0.011665111336368,0.0425955783886965));
#15921=CARTESIAN_POINT('',(-0.0551293232226038,-0.011665111336368,0.0425955783886965));
#15922=CARTESIAN_POINT('',(-0.0551293232226038,-0.0117049428635145,0.0425255914109502));
#15923=CARTESIAN_POINT('',(-0.0551293232226038,-0.0116093987605253,0.0426549581260916));
#15924=CARTESIAN_POINT('',(-0.0556293232226038,-0.0116093987605253,0.0426549581260916));
#15925=CARTESIAN_POINT('',(-0.0556293232226038,-0.0115536861846826,0.0427143378634868));
#15926=CARTESIAN_POINT('',(-0.0551293232226038,-0.0115536861846826,0.0427143378634868));
#15927=CARTESIAN_POINT('',(-0.0551293232226038,-0.0115536861846826,0.0427143378634868));
#15928=CARTESIAN_POINT('',(-0.0551293232226038,-0.0116093987605253,0.0426549581260916));
#15929=CARTESIAN_POINT('',(-0.0551293232226038,-0.0101522330703372,0.0438916263034988));
#15930=CARTESIAN_POINT('',(-0.0556293232226038,-0.0101522330703372,0.0438916263034988));
#15931=CARTESIAN_POINT('',(-0.0556293232226038,-0.0087507799559917,0.0450689147435109));
#15932=CARTESIAN_POINT('',(-0.0551293232226038,-0.0087507799559917,0.0450689147435109));
#15933=CARTESIAN_POINT('',(-0.0551293232226038,-0.0087507799559917,0.0450689147435109));
#15934=CARTESIAN_POINT('',(-0.0551293232226038,-0.0101522330703372,0.0438916263034988));
#15935=CARTESIAN_POINT('',(-0.0551293232226038,-0.0105265412888621,0.0455134616455241));
#15936=CARTESIAN_POINT('',(-0.0556293232226038,-0.0105265412888621,0.0455134616455241));
#15937=CARTESIAN_POINT('',(-0.0556293232226038,-0.0123023026217325,0.0459580085475372));
#15938=CARTESIAN_POINT('',(-0.0551293232226038,-0.0123023026217325,0.0459580085475372));
#15939=CARTESIAN_POINT('',(-0.0551293232226038,-0.0123023026217325,0.0459580085475372));
#15940=CARTESIAN_POINT('',(-0.0551293232226038,-0.0105265412888621,0.0455134616455241));
#15941=CARTESIAN_POINT('',(-0.0551293232226038,-0.0123787636103797,0.0459871100452336));
#15942=CARTESIAN_POINT('',(-0.0556293232226038,-0.0123787636103797,0.0459871100452336));
#15943=CARTESIAN_POINT('',(-0.0556293232226038,-0.0124552245990268,0.0460162115429299));
#15944=CARTESIAN_POINT('',(-0.0551293232226038,-0.0124552245990268,0.0460162115429299));
#15945=CARTESIAN_POINT('',(-0.0551293232226038,-0.0124552245990268,0.0460162115429299));
#15946=CARTESIAN_POINT('',(-0.0551293232226038,-0.0123787636103797,0.0459871100452336));
#15947=CARTESIAN_POINT('',(-0.0551293232226038,-0.0125217038813811,0.0460617911059682));
#15948=CARTESIAN_POINT('',(-0.0556293232226038,-0.0125217038813811,0.0460617911059682));
#15949=CARTESIAN_POINT('',(-0.0556293232226038,-0.0125881831637355,0.0461073706690065));
#15950=CARTESIAN_POINT('',(-0.0551293232226038,-0.0125881831637355,0.0461073706690065));
#15951=CARTESIAN_POINT('',(-0.0551293232226038,-0.0125881831637355,0.0461073706690065));
#15952=CARTESIAN_POINT('',(-0.0551293232226038,-0.0125217038813811,0.0460617911059682));
#15953=CARTESIAN_POINT('',(-0.0551293232226038,-0.0126423129874809,0.0461670520971723));
#15954=CARTESIAN_POINT('',(-0.0556293232226038,-0.0126423129874809,0.0461670520971723));
#15955=CARTESIAN_POINT('',(-0.0556293232226038,-0.0126964428112263,0.046226733525338));
#15956=CARTESIAN_POINT('',(-0.0551293232226038,-0.0126964428112263,0.046226733525338));
#15957=CARTESIAN_POINT('',(-0.0551293232226038,-0.0126964428112263,0.046226733525338));
#15958=CARTESIAN_POINT('',(-0.0551293232226038,-0.0126423129874809,0.0461670520971723));
#15959=CARTESIAN_POINT('',(-0.0551293232226038,-0.0138661436021302,0.0519461265338195));
#15960=CARTESIAN_POINT('',(-0.0551293232226038,-0.0137738181778667,0.0519248209134157));
#15961=CARTESIAN_POINT('',(-0.0551293232226038,-0.0137738181778667,0.0519248209134157));
#15962=CARTESIAN_POINT('',(-0.0551293232226038,-0.0138661436021302,0.0519461265338195));
#15963=CARTESIAN_POINT('',(-0.0551293232226038,-0.0139584690263937,0.0519674321542233));
#15964=CARTESIAN_POINT('',(-0.0551293232226038,-0.0139584690263937,0.0519674321542233));
#15965=CARTESIAN_POINT('',(-0.0551293232226038,-0.0136914013907487,0.0518796092353471));
#15966=CARTESIAN_POINT('',(-0.0551293232226038,-0.0136089846036307,0.0518343975572785));
#15967=CARTESIAN_POINT('',(-0.0551293232226038,-0.0136089846036307,0.0518343975572785));
#15968=CARTESIAN_POINT('',(-0.0551293232226038,-0.0136914013907487,0.0518796092353471));
#15969=CARTESIAN_POINT('',(-0.0551293232226038,-0.0135416346238638,0.0517688150423039));
#15970=CARTESIAN_POINT('',(-0.0551293232226038,-0.0134742846440968,0.0517032325273292));
#15971=CARTESIAN_POINT('',(-0.0551293232226038,-0.0134742846440968,0.0517032325273292));
#15972=CARTESIAN_POINT('',(-0.0551293232226038,-0.0135416346238638,0.0517688150423039));
#15973=CARTESIAN_POINT('',(-0.0551293232226038,-0.0134264509303442,0.0516206505804064));
#15974=CARTESIAN_POINT('',(-0.0551293232226038,-0.0133786172165916,0.0515380686334836));
#15975=CARTESIAN_POINT('',(-0.0551293232226038,-0.0133786172165916,0.0515380686334836));
#15976=CARTESIAN_POINT('',(-0.0551293232226038,-0.0134264509303442,0.0516206505804064));
#15977=CARTESIAN_POINT('',(-0.0551293232226038,-0.0125035217338181,0.0493764628011488));
#15978=CARTESIAN_POINT('',(-0.0551293232226038,-0.0116284262510445,0.047214856968814));
#15979=CARTESIAN_POINT('',(-0.0551293232226038,-0.0116284262510445,0.047214856968814));
#15980=CARTESIAN_POINT('',(-0.0551293232226038,-0.0125035217338181,0.0493764628011488));
#15981=CARTESIAN_POINT('',(-0.0551293232226038,-0.00936581928300551,0.0466496358663765));
#15982=CARTESIAN_POINT('',(-0.0551293232226038,-0.0071032123149665,0.046084414763939));
#15983=CARTESIAN_POINT('',(-0.0551293232226038,-0.0071032123149665,0.046084414763939));
#15984=CARTESIAN_POINT('',(-0.0551293232226038,-0.00936581928300551,0.0466496358663765));
#15985=CARTESIAN_POINT('',(-0.0551293232226038,-0.00701397510648668,0.0460487280025746));
#15986=CARTESIAN_POINT('',(-0.0551293232226038,-0.00692473789800685,0.0460130412412102));
#15987=CARTESIAN_POINT('',(-0.0551293232226038,-0.00692473789800685,0.0460130412412102));
#15988=CARTESIAN_POINT('',(-0.0551293232226038,-0.00701397510648668,0.0460487280025746));
#15989=CARTESIAN_POINT('',(-0.0551293232226038,-0.00685041614125437,0.0459556147592455));
#15990=CARTESIAN_POINT('',(-0.0551293232226038,-0.00677609438450189,0.0458981882772808));
#15991=CARTESIAN_POINT('',(-0.0551293232226038,-0.00677609438450189,0.0458981882772808));
#15992=CARTESIAN_POINT('',(-0.0551293232226038,-0.00685041614125437,0.0459556147592455));
#15993=CARTESIAN_POINT('',(-0.0551293232226038,-0.00672014877850982,0.045822849263922));
#15994=CARTESIAN_POINT('',(-0.0551293232226038,-0.00666420317251774,0.0457475102505633));
#15995=CARTESIAN_POINT('',(-0.0551293232226038,-0.00666420317251774,0.0457475102505633));
#15996=CARTESIAN_POINT('',(-0.0551293232226038,-0.00672014877850982,0.045822849263922));
#15997=CARTESIAN_POINT('',(-0.0551293232226038,-0.00663009456478827,0.0456580860719556));
#15998=CARTESIAN_POINT('',(-0.0551293232226038,-0.00659598595705879,0.0455686618933479));
#15999=CARTESIAN_POINT('',(-0.0551293232226038,-0.00659598595705879,0.0455686618933479));
#16000=CARTESIAN_POINT('',(-0.0551293232226038,-0.00663009456478827,0.0456580860719556));
#16001=CARTESIAN_POINT('',(-0.0551293232226038,-0.00658733648073027,0.0454733316865606));
#16002=CARTESIAN_POINT('',(-0.0551293232226038,-0.00657868700440175,0.0453780014797733));
#16003=CARTESIAN_POINT('',(-0.0551293232226038,-0.00657868700440175,0.0453780014797733));
#16004=CARTESIAN_POINT('',(-0.0551293232226038,-0.00658733648073027,0.0454733316865606));
#16005=CARTESIAN_POINT('',(-0.0551293232226038,-0.00659579610137527,0.0452857381537748));
#16006=CARTESIAN_POINT('',(-0.0551293232226038,-0.00661290519834878,0.0451934748277762));
#16007=CARTESIAN_POINT('',(-0.0551293232226038,-0.00661290519834878,0.0451934748277762));
#16008=CARTESIAN_POINT('',(-0.0551293232226038,-0.00659579610137527,0.0452857381537748));
#16009=CARTESIAN_POINT('',(-0.0551293232226038,-0.00665424943521476,0.0451092963852078));
#16010=CARTESIAN_POINT('',(-0.0551293232226038,-0.00669559367208074,0.0450251179426395));
#16011=CARTESIAN_POINT('',(-0.0551293232226038,-0.00669559367208074,0.0450251179426395));
#16012=CARTESIAN_POINT('',(-0.0551293232226038,-0.00665424943521476,0.0451092963852078));
#16013=CARTESIAN_POINT('',(-0.0551293232226038,-0.00675964958491957,0.0449540421102246));
#16014=CARTESIAN_POINT('',(-0.0551293232226038,-0.0068237054977584,0.0448829662778097));
#16015=CARTESIAN_POINT('',(-0.0551293232226038,-0.0068237054977584,0.0448829662778097));
#16016=CARTESIAN_POINT('',(-0.0551293232226038,-0.00675964958491957,0.0449540421102246));
#16017=CARTESIAN_POINT('',(-0.0551293232226038,-0.00860904123825209,0.0433835620677813));
#16018=CARTESIAN_POINT('',(-0.0551293232226038,-0.0103943769787458,0.0418841578577529));
#16019=CARTESIAN_POINT('',(-0.0551293232226038,-0.0103943769787458,0.0418841578577529));
#16020=CARTESIAN_POINT('',(-0.0551293232226038,-0.00860904123825209,0.0433835620677813));
#16021=CARTESIAN_POINT('',(-0.0551293232226038,-0.010233510360716,0.0395580265000973));
#16022=CARTESIAN_POINT('',(-0.0551293232226038,-0.0100726437426861,0.0372318951424418));
#16023=CARTESIAN_POINT('',(-0.0551293232226038,-0.0100726437426861,0.0372318951424418));
#16024=CARTESIAN_POINT('',(-0.0551293232226038,-0.010233510360716,0.0395580265000973));
#16025=CARTESIAN_POINT('',(-0.0551293232226038,-0.0100793440600378,0.0371359422808936));
#16026=CARTESIAN_POINT('',(-0.0551293232226038,-0.0100860443773894,0.0370399894193454));
#16027=CARTESIAN_POINT('',(-0.0551293232226038,-0.0100860443773894,0.0370399894193454));
#16028=CARTESIAN_POINT('',(-0.0551293232226038,-0.0100793440600378,0.0371359422808936));
#16029=CARTESIAN_POINT('',(-0.0551293232226038,-0.0101177113084108,0.0369515075613443));
#16030=CARTESIAN_POINT('',(-0.0551293232226038,-0.0101493782394322,0.0368630257033431));
#16031=CARTESIAN_POINT('',(-0.0551293232226038,-0.0101493782394322,0.0368630257033431));
#16032=CARTESIAN_POINT('',(-0.0551293232226038,-0.0101177113084108,0.0369515075613443));
#16033=CARTESIAN_POINT('',(-0.0551293232226038,-0.0102035819370443,0.0367865467924922));
#16034=CARTESIAN_POINT('',(-0.0551293232226038,-0.0102577856346564,0.0367100678816413));
#16035=CARTESIAN_POINT('',(-0.0551293232226038,-0.0102577856346564,0.0367100678816413));
#16036=CARTESIAN_POINT('',(-0.0551293232226038,-0.0102035819370443,0.0367865467924922));
#16037=CARTESIAN_POINT('',(-0.0551293232226038,-0.0103320962612699,0.0366501237530747));
#16038=CARTESIAN_POINT('',(-0.0551293232226038,-0.0104064068878833,0.036590179624508));
#16039=CARTESIAN_POINT('',(-0.0551293232226038,-0.0104064068878833,0.036590179624508));
#16040=CARTESIAN_POINT('',(-0.0551293232226038,-0.0103320962612699,0.0366501237530747));
#16041=CARTESIAN_POINT('',(-0.0551293232226038,-0.0104944319961489,0.0365526952048401));
#16042=CARTESIAN_POINT('',(-0.0551293232226038,-0.0105824571044144,0.0365152107851723));
#16043=CARTESIAN_POINT('',(-0.0551293232226038,-0.0105824571044144,0.0365152107851723));
#16044=CARTESIAN_POINT('',(-0.0551293232226038,-0.0104944319961489,0.0365526952048401));
#16045=CARTESIAN_POINT('',(-0.0551293232226038,-0.0106757155640294,0.0365031266999582));
#16046=CARTESIAN_POINT('',(-0.0551293232226038,-0.0107689740236443,0.0364910426147442));
#16047=CARTESIAN_POINT('',(-0.0551293232226038,-0.0107689740236443,0.0364910426147442));
#16048=CARTESIAN_POINT('',(-0.0551293232226038,-0.0106757155640294,0.0365031266999582));
#16049=CARTESIAN_POINT('',(-0.0551293232226038,-0.0108619031529206,0.0365044143726052));
#16050=CARTESIAN_POINT('',(-0.0551293232226038,-0.0109548322821968,0.0365177861304661));
#16051=CARTESIAN_POINT('',(-0.0551293232226038,-0.0109548322821968,0.0365177861304661));
#16052=CARTESIAN_POINT('',(-0.0551293232226038,-0.0108619031529206,0.0365044143726052));
#16053=CARTESIAN_POINT('',(-0.0551293232226038,-0.0110418694441912,0.0365566693532371));
#16054=CARTESIAN_POINT('',(-0.0551293232226038,-0.0111289066061856,0.0365955525760082));
#16055=CARTESIAN_POINT('',(-0.0551293232226038,-0.0111289066061856,0.0365955525760082));
#16056=CARTESIAN_POINT('',(-0.0551293232226038,-0.0110418694441912,0.0365566693532371));
#16057=CARTESIAN_POINT('',(-0.0551293232226038,-0.0131074000746587,0.0378299679671013));
#16058=CARTESIAN_POINT('',(-0.0551293232226038,-0.0150858935431319,0.0390643833581944));
#16059=CARTESIAN_POINT('',(-0.0551293232226038,-0.0150858935431319,0.0390643833581944));
#16060=CARTESIAN_POINT('',(-0.0551293232226038,-0.0131074000746587,0.0378299679671013));
#16061=CARTESIAN_POINT('',(-0.0551293232226038,-0.0172486832333156,0.0381922832959347));
#16062=CARTESIAN_POINT('',(-0.0551293232226038,-0.0194114729234993,0.0373201832336749));
#16063=CARTESIAN_POINT('',(-0.0551293232226038,-0.0194114729234993,0.0373201832336749));
#16064=CARTESIAN_POINT('',(-0.0551293232226038,-0.0172486832333156,0.0381922832959347));
#16065=CARTESIAN_POINT('',(-0.0551293232226038,-0.0195039397962075,0.0372970045789974));
#16066=CARTESIAN_POINT('',(-0.0551293232226038,-0.0195964066689158,0.03727382592432));
#16067=CARTESIAN_POINT('',(-0.0551293232226038,-0.0195964066689158,0.03727382592432));
#16068=CARTESIAN_POINT('',(-0.0551293232226038,-0.0195039397962075,0.0372970045789974));
#16069=CARTESIAN_POINT('',(-0.0551293232226038,-0.0196902460315272,0.037276794292203));
#16070=CARTESIAN_POINT('',(-0.0551293232226038,-0.0197840853941385,0.0372797626600862));
#16071=CARTESIAN_POINT('',(-0.0551293232226038,-0.0197840853941385,0.0372797626600862));
#16072=CARTESIAN_POINT('',(-0.0551293232226038,-0.0196902460315272,0.037276794292203));
#16073=CARTESIAN_POINT('',(-0.0551293232226038,-0.019873828668825,0.0373078573224571));
#16074=CARTESIAN_POINT('',(-0.0551293232226038,-0.0199635719435117,0.037335951984828));
#16075=CARTESIAN_POINT('',(-0.0551293232226038,-0.0199635719435117,0.037335951984828));
#16076=CARTESIAN_POINT('',(-0.0551293232226038,-0.019873828668825,0.0373078573224571));
#16077=CARTESIAN_POINT('',(-0.0551293232226038,-0.0200437505971904,0.0373881523268285));
#16078=CARTESIAN_POINT('',(-0.0551293232226038,-0.0201239292508692,0.0374403526688288));
#16079=CARTESIAN_POINT('',(-0.0551293232226038,-0.0201239292508692,0.0374403526688288));
#16080=CARTESIAN_POINT('',(-0.0551293232226038,-0.0200437505971904,0.0373881523268285));
#16081=CARTESIAN_POINT('',(-0.0551293232226038,-0.0201866840923179,0.037512491769096));
#16082=CARTESIAN_POINT('',(-0.0551293232226038,-0.0202494389337664,0.0375846308693632));
#16083=CARTESIAN_POINT('',(-0.0551293232226038,-0.0202494389337664,0.0375846308693632));
#16084=CARTESIAN_POINT('',(-0.0551293232226038,-0.0201866840923179,0.037512491769096));
#16085=CARTESIAN_POINT('',(-0.0551293232226038,-0.0202895093581888,0.0376696966349291));
#16086=CARTESIAN_POINT('',(-0.0551293232226038,-0.0203295797826113,0.037754762400495));
#16087=CARTESIAN_POINT('',(-0.0551293232226038,-0.0203295797826113,0.037754762400495));
#16088=CARTESIAN_POINT('',(-0.0551293232226038,-0.0202895093581888,0.0376696966349291));
#16089=CARTESIAN_POINT('',(-0.0551293232226038,-0.0203453950247021,0.0378474661760578));
#16090=CARTESIAN_POINT('',(-0.0551293232226038,-0.0203612102667928,0.0379401699516205));
#16091=CARTESIAN_POINT('',(-0.0551293232226038,-0.0203612102667928,0.0379401699516205));
#16092=CARTESIAN_POINT('',(-0.0551293232226038,-0.0203453950247021,0.0378474661760578));
#16093=CARTESIAN_POINT('',(-0.0551293232226038,-0.0203511997144608,0.0380352232045823));
#16094=CARTESIAN_POINT('',(-0.0551293232226038,-0.0203411891621286,0.0381302764575441));
#16095=CARTESIAN_POINT('',(-0.0551293232226038,-0.0203411891621286,0.0381302764575441));
#16096=CARTESIAN_POINT('',(-0.0551293232226038,-0.0203511997144608,0.0380352232045823));
#16097=CARTESIAN_POINT('',(-0.0551293232226038,-0.0197774030042113,0.0403930089123116));
#16098=CARTESIAN_POINT('',(-0.0551293232226038,-0.019213616846294,0.0426557413670792));
#16099=CARTESIAN_POINT('',(-0.0551293232226038,-0.019213616846294,0.0426557413670792));
#16100=CARTESIAN_POINT('',(-0.0551293232226038,-0.0197774030042113,0.0403930089123116));
#16101=CARTESIAN_POINT('',(-0.0551293232226038,-0.0207128955106143,0.0444425121015828));
#16102=CARTESIAN_POINT('',(-0.0551293232226038,-0.0222121741749346,0.0462292828360864));
#16103=CARTESIAN_POINT('',(-0.0551293232226038,-0.0222121741749346,0.0462292828360864));
#16104=CARTESIAN_POINT('',(-0.0551293232226038,-0.0207128955106143,0.0444425121015828));
#16105=CARTESIAN_POINT('',(-0.0551293232226038,-0.0222623093788371,0.0463103490966915));
#16106=CARTESIAN_POINT('',(-0.0551293232226038,-0.0223124445827395,0.0463914153572966));
#16107=CARTESIAN_POINT('',(-0.0551293232226038,-0.0223124445827395,0.0463914153572966));
#16108=CARTESIAN_POINT('',(-0.0551293232226038,-0.0222623093788371,0.0463103490966915));
#16109=CARTESIAN_POINT('',(-0.0551293232226038,-0.0223386105255348,0.0464815001752579));
#16110=CARTESIAN_POINT('',(-0.0551293232226038,-0.0223647764683301,0.0465715849932193));
#16111=CARTESIAN_POINT('',(-0.0551293232226038,-0.0223647764683301,0.0465715849932193));
#16112=CARTESIAN_POINT('',(-0.0551293232226038,-0.0223386105255348,0.0464815001752579));
#16113=CARTESIAN_POINT('',(-0.0551293232226038,-0.0223659405901768,0.0466654470187107));
#16114=CARTESIAN_POINT('',(-0.0551293232226038,-0.0223671047120235,0.0467593090442022));
#16115=CARTESIAN_POINT('',(-0.0551293232226038,-0.0223671047120235,0.0467593090442022));
#16116=CARTESIAN_POINT('',(-0.0551293232226038,-0.0223659405901768,0.0466654470187107));
#16117=CARTESIAN_POINT('',(-0.0551293232226038,-0.0223422345310396,0.0468517066609693));
#16118=CARTESIAN_POINT('',(-0.0551293232226038,-0.0223173643500556,0.0469441042777365));
#16119=CARTESIAN_POINT('',(-0.0551293232226038,-0.0223173643500556,0.0469441042777365));
#16120=CARTESIAN_POINT('',(-0.0551293232226038,-0.0223422345310396,0.0468517066609693));
#16121=CARTESIAN_POINT('',(-0.0551293232226038,-0.0222680437760155,0.0470262293487322));
#16122=CARTESIAN_POINT('',(-0.0551293232226038,-0.0222187232019754,0.0471083544197278));
#16123=CARTESIAN_POINT('',(-0.0551293232226038,-0.0222187232019754,0.0471083544197278));
#16124=CARTESIAN_POINT('',(-0.0551293232226038,-0.0222680437760155,0.0470262293487322));
#16125=CARTESIAN_POINT('',(-0.0551293232226038,-0.0221502087441451,0.0471728045884403));
#16126=CARTESIAN_POINT('',(-0.0551293232226038,-0.0220816942863149,0.0472372547571529));
#16127=CARTESIAN_POINT('',(-0.0551293232226038,-0.0220816942863149,0.0472372547571529));
#16128=CARTESIAN_POINT('',(-0.0551293232226038,-0.0221502087441451,0.0471728045884403));
#16129=CARTESIAN_POINT('',(-0.0551293232226038,-0.0219984623891664,0.0472808970805042));
#16130=CARTESIAN_POINT('',(-0.0551293232226038,-0.0219152304920179,0.0473245394038555));
#16131=CARTESIAN_POINT('',(-0.0551293232226038,-0.0219152304920179,0.0473245394038555));
#16132=CARTESIAN_POINT('',(-0.0551293232226038,-0.0219984623891664,0.0472808970805042));
#16133=CARTESIAN_POINT('',(-0.0551293232226038,-0.0218217574230846,0.0473442410872366));
#16134=CARTESIAN_POINT('',(-0.0551293232226038,-0.0217282843541513,0.0473639427706176));
#16135=CARTESIAN_POINT('',(-0.0551293232226038,-0.0217282843541513,0.0473639427706176));
#16136=CARTESIAN_POINT('',(-0.0551293232226038,-0.0218217574230846,0.0473442410872366));
#16137=CARTESIAN_POINT('',(-0.0551293232226038,-0.0194019018555899,0.0475276793176877));
#16138=CARTESIAN_POINT('',(-0.0551293232226038,-0.0170755193570284,0.0476914158647578));
#16139=CARTESIAN_POINT('',(-0.0551293232226038,-0.0170755193570284,0.0476914158647578));
#16140=CARTESIAN_POINT('',(-0.0551293232226038,-0.0194019018555899,0.0475276793176877));
#16141=CARTESIAN_POINT('',(-0.0551293232226038,-0.0158397945671232,0.0496683488524925));
#16142=CARTESIAN_POINT('',(-0.0551293232226038,-0.014604069777218,0.0516452818402272));
#16143=CARTESIAN_POINT('',(-0.0551293232226038,-0.014604069777218,0.0516452818402272));
#16144=CARTESIAN_POINT('',(-0.0551293232226038,-0.0158397945671232,0.0496683488524925));
#16145=CARTESIAN_POINT('',(-0.0551293232226038,-0.0145426225604677,0.0517183029445914));
#16146=CARTESIAN_POINT('',(-0.0551293232226038,-0.0144811753437175,0.0517913240489557));
#16147=CARTESIAN_POINT('',(-0.0551293232226038,-0.0144811753437175,0.0517913240489557));
#16148=CARTESIAN_POINT('',(-0.0551293232226038,-0.0145426225604677,0.0517183029445914));
#16149=CARTESIAN_POINT('',(-0.0551293232226038,-0.0144034602772656,0.0518442150169123));
#16150=CARTESIAN_POINT('',(-0.0551293232226038,-0.0143257452108138,0.051897105984869));
#16151=CARTESIAN_POINT('',(-0.0551293232226038,-0.0143257452108138,0.051897105984869));
#16152=CARTESIAN_POINT('',(-0.0551293232226038,-0.0144034602772656,0.0518442150169123));
#16153=CARTESIAN_POINT('',(-0.0551293232226038,-0.0142367295943757,0.0519273192710654));
#16154=CARTESIAN_POINT('',(-0.0551293232226038,-0.0141477139779377,0.0519575325572618));
#16155=CARTESIAN_POINT('',(-0.0551293232226038,-0.0141477139779377,0.0519575325572618));
#16156=CARTESIAN_POINT('',(-0.0551293232226038,-0.0142367295943757,0.0519273192710654));
#16157=CARTESIAN_POINT('',(-0.0551293232226038,-0.0140530915021657,0.0519624823557425));
#16158=CARTESIAN_POINT('',(-0.0551293232226038,-0.0140530915021657,0.0519624823557425));
#16159=CARTESIAN_POINT('',(-0.0551293232226038,-0.0127358555677709,0.0462981408495899));
#16160=CARTESIAN_POINT('',(-0.0556293232226038,-0.0127358555677709,0.0462981408495899));
#16161=CARTESIAN_POINT('',(-0.0551293232226038,-0.0127358555677709,0.0462981408495899));
#16162=CARTESIAN_POINT('',(-0.0551293232226038,-0.0148386782508162,0.03355));
#16163=CARTESIAN_POINT('',(-0.0556293232226038,-0.0148386782508162,0.0691));
#16164=CARTESIAN_POINT('',(0.0050046767773962,-0.0155257373277846,0.0637250586344187));
#16165=CARTESIAN_POINT('',(0.00550467677739621,-0.0155257373277846,0.0637250586344187));
#16166=CARTESIAN_POINT('',(0.00550467677739621,-0.0151310381877995,0.0655742123801886));
#16167=CARTESIAN_POINT('',(0.00550467677739621,-0.0159204364677698,0.0618759048886489));
#16168=CARTESIAN_POINT('',(0.0050046767773962,-0.0151310381877995,0.0655742123801886));
#16169=CARTESIAN_POINT('',(0.0050046767773962,-0.0151310381877995,0.0655742123801886));
#16170=CARTESIAN_POINT('',(0.0050046767773962,-0.0155257373277846,0.0637250586344187));
#16171=CARTESIAN_POINT('',(0.0050046767773962,-0.0159204364677698,0.0618759048886489));
#16172=CARTESIAN_POINT('',(0.0050046767773962,-0.0159204364677698,0.0618759048886489));
#16173=CARTESIAN_POINT('',(0.0050046767773962,-0.0138646417785261,0.0641701478453935));
#16174=CARTESIAN_POINT('',(0.00550467677739621,-0.0138646417785261,0.0641701478453935));
#16175=CARTESIAN_POINT('',(0.00550467677739621,-0.0125982453692528,0.0627660833105984));
#16176=CARTESIAN_POINT('',(0.0050046767773962,-0.0125982453692528,0.0627660833105984));
#16177=CARTESIAN_POINT('',(0.0050046767773962,-0.0125982453692528,0.0627660833105984));
#16178=CARTESIAN_POINT('',(0.0050046767773962,-0.0138646417785261,0.0641701478453935));
#16179=CARTESIAN_POINT('',(0.0050046767773962,-0.0125347735336471,0.0627107057934115));
#16180=CARTESIAN_POINT('',(0.00550467677739621,-0.0125347735336471,0.0627107057934115));
#16181=CARTESIAN_POINT('',(0.00550467677739621,-0.0124713016980415,0.0626553282762246));
#16182=CARTESIAN_POINT('',(0.0050046767773962,-0.0124713016980415,0.0626553282762246));
#16183=CARTESIAN_POINT('',(0.0050046767773962,-0.0124713016980415,0.0626553282762246));
#16184=CARTESIAN_POINT('',(0.0050046767773962,-0.0125347735336471,0.0627107057934115));
#16185=CARTESIAN_POINT('',(0.0050046767773962,-0.0123976890739619,0.0626165289021761));
#16186=CARTESIAN_POINT('',(0.00550467677739621,-0.0123976890739619,0.0626165289021761));
#16187=CARTESIAN_POINT('',(0.00550467677739621,-0.0123240764498824,0.0625777295281277));
#16188=CARTESIAN_POINT('',(0.0050046767773962,-0.0123240764498824,0.0625777295281277));
#16189=CARTESIAN_POINT('',(0.0050046767773962,-0.0123240764498824,0.0625777295281277));
#16190=CARTESIAN_POINT('',(0.0050046767773962,-0.0123976890739619,0.0626165289021761));
#16191=CARTESIAN_POINT('',(0.0050046767773962,-0.0122434602094953,0.0625569777616657));
#16192=CARTESIAN_POINT('',(0.00550467677739621,-0.0122434602094953,0.0625569777616657));
#16193=CARTESIAN_POINT('',(0.00550467677739621,-0.0121628439691081,0.0625362259952038));
#16194=CARTESIAN_POINT('',(0.0050046767773962,-0.0121628439691081,0.0625362259952038));
#16195=CARTESIAN_POINT('',(0.0050046767773962,-0.0121628439691081,0.0625362259952038));
#16196=CARTESIAN_POINT('',(0.0050046767773962,-0.0122434602094953,0.0625569777616657));
#16197=CARTESIAN_POINT('',(0.0050046767773962,-0.0120783610712415,0.0625349915907745));
#16198=CARTESIAN_POINT('',(0.00550467677739621,-0.0120783610712415,0.0625349915907745));
#16199=CARTESIAN_POINT('',(0.00550467677739621,-0.0119938781733748,0.0625337571863452));
#16200=CARTESIAN_POINT('',(0.0050046767773962,-0.0119938781733748,0.0625337571863452));
#16201=CARTESIAN_POINT('',(0.0050046767773962,-0.0119938781733748,0.0625337571863452));
#16202=CARTESIAN_POINT('',(0.0050046767773962,-0.0120783610712415,0.0625349915907745));
#16203=CARTESIAN_POINT('',(0.0050046767773962,-0.0101135211570168,0.0627295771171673));
#16204=CARTESIAN_POINT('',(0.00550467677739621,-0.0101135211570168,0.0627295771171673));
#16205=CARTESIAN_POINT('',(0.00550467677739621,-0.0082331641406588,0.0629253970479893));
#16206=CARTESIAN_POINT('',(0.0050046767773962,-0.0082331641406588,0.0629253970479893));
#16207=CARTESIAN_POINT('',(0.0050046767773962,-0.0082331641406588,0.0629253970479893));
#16208=CARTESIAN_POINT('',(0.0050046767773962,-0.0101135211570168,0.0627295771171673));
#16209=CARTESIAN_POINT('',(0.0050046767773962,-0.00917739300335,0.0612878408109945));
#16210=CARTESIAN_POINT('',(0.00550467677739621,-0.00917739300335,0.0612878408109945));
#16211=CARTESIAN_POINT('',(0.00550467677739621,-0.0101216218660412,0.0596502845739998));
#16212=CARTESIAN_POINT('',(0.0050046767773962,-0.0101216218660412,0.0596502845739998));
#16213=CARTESIAN_POINT('',(0.0050046767773962,-0.0101216218660412,0.0596502845739998));
#16214=CARTESIAN_POINT('',(0.0050046767773962,-0.00917739300335,0.0612878408109945));
#16215=CARTESIAN_POINT('',(0.0050046767773962,-0.0101547151859138,0.0595729789874474));
#16216=CARTESIAN_POINT('',(0.00550467677739621,-0.0101547151859138,0.0595729789874474));
#16217=CARTESIAN_POINT('',(0.00550467677739621,-0.0101878085057863,0.059495673400895));
#16218=CARTESIAN_POINT('',(0.0050046767773962,-0.0101878085057863,0.059495673400895));
#16219=CARTESIAN_POINT('',(0.0050046767773962,-0.0101878085057863,0.059495673400895));
#16220=CARTESIAN_POINT('',(0.0050046767773962,-0.0101547151859138,0.0595729789874474));
#16221=CARTESIAN_POINT('',(0.0050046767773962,-0.0102017429288849,0.0594136833195287));
#16222=CARTESIAN_POINT('',(0.00550467677739621,-0.0102017429288849,0.0594136833195287));
#16223=CARTESIAN_POINT('',(0.00550467677739621,-0.0102156773519836,0.0593316932381625));
#16224=CARTESIAN_POINT('',(0.0050046767773962,-0.0102156773519836,0.0593316932381625));
#16225=CARTESIAN_POINT('',(0.0050046767773962,-0.0102156773519836,0.0593316932381625));
#16226=CARTESIAN_POINT('',(0.0050046767773962,-0.0102017429288849,0.0594136833195287));
#16227=CARTESIAN_POINT('',(0.0050046767773962,-0.0102102415070408,0.059248540457746));
#16228=CARTESIAN_POINT('',(0.00550467677739621,-0.0102102415070408,0.059248540457746));
#16229=CARTESIAN_POINT('',(0.00550467677739621,-0.010204805662098,0.0591653876773296));
#16230=CARTESIAN_POINT('',(0.0050046767773962,-0.010204805662098,0.0591653876773296));
#16231=CARTESIAN_POINT('',(0.0050046767773962,-0.010204805662098,0.0591653876773296));
#16232=CARTESIAN_POINT('',(0.0050046767773962,-0.0102102415070408,0.059248540457746));
#16233=CARTESIAN_POINT('',(0.0050046767773962,-0.0101797881526414,0.0590845941167976));
#16234=CARTESIAN_POINT('',(0.00550467677739621,-0.0101797881526414,0.0590845941167976));
#16235=CARTESIAN_POINT('',(0.00550467677739621,-0.0101547706431847,0.0590038005562657));
#16236=CARTESIAN_POINT('',(0.0050046767773962,-0.0101547706431847,0.0590038005562657));
#16237=CARTESIAN_POINT('',(0.0050046767773962,-0.0101547706431847,0.0590038005562657));
#16238=CARTESIAN_POINT('',(0.0050046767773962,-0.0101797881526414,0.0590845941167976));
#16239=CARTESIAN_POINT('',(0.0050046767773962,-0.00938705099024063,0.0572766835503932));
#16240=CARTESIAN_POINT('',(0.00550467677739621,-0.00938705099024063,0.0572766835503932));
#16241=CARTESIAN_POINT('',(0.00550467677739621,-0.00861933133729652,0.0555495665445208));
#16242=CARTESIAN_POINT('',(0.0050046767773962,-0.00861933133729652,0.0555495665445208));
#16243=CARTESIAN_POINT('',(0.0050046767773962,-0.00861933133729652,0.0555495665445208));
#16244=CARTESIAN_POINT('',(0.0050046767773962,-0.00938705099024063,0.0572766835503932));
#16245=CARTESIAN_POINT('',(0.0050046767773962,-0.0104691519588286,0.0559410068284773));
#16246=CARTESIAN_POINT('',(0.00550467677739621,-0.0104691519588286,0.0559410068284773));
#16247=CARTESIAN_POINT('',(0.00550467677739621,-0.0123189725803607,0.0563324471124338));
#16248=CARTESIAN_POINT('',(0.0050046767773962,-0.0123189725803607,0.0563324471124338));
#16249=CARTESIAN_POINT('',(0.0050046767773962,-0.0123189725803607,0.0563324471124338));
#16250=CARTESIAN_POINT('',(0.0050046767773962,-0.0104691519588286,0.0559410068284773));
#16251=CARTESIAN_POINT('',(0.0050046767773962,-0.0124035858984428,0.0563400957946541));
#16252=CARTESIAN_POINT('',(0.00550467677739621,-0.0124035858984428,0.0563400957946541));
#16253=CARTESIAN_POINT('',(0.00550467677739621,-0.0124881992165249,0.0563477444768745));
#16254=CARTESIAN_POINT('',(0.0050046767773962,-0.0124881992165249,0.0563477444768745));
#16255=CARTESIAN_POINT('',(0.0050046767773962,-0.0124881992165249,0.0563477444768745));
#16256=CARTESIAN_POINT('',(0.0050046767773962,-0.0124035858984428,0.0563400957946541));
#16257=CARTESIAN_POINT('',(0.0050046767773962,-0.0125708574705729,0.0563357031431386));
#16258=CARTESIAN_POINT('',(0.00550467677739621,-0.0125708574705729,0.0563357031431386));
#16259=CARTESIAN_POINT('',(0.00550467677739621,-0.0126535157246209,0.0563236618094027));
#16260=CARTESIAN_POINT('',(0.0050046767773962,-0.0126535157246209,0.0563236618094027));
#16261=CARTESIAN_POINT('',(0.0050046767773962,-0.0126535157246209,0.0563236618094027));
#16262=CARTESIAN_POINT('',(0.0050046767773962,-0.0125708574705729,0.0563357031431386));
#16263=CARTESIAN_POINT('',(0.0050046767773962,-0.0127308510561857,0.0562928329910795));
#16264=CARTESIAN_POINT('',(0.00550467677739621,-0.0127308510561857,0.0562928329910795));
#16265=CARTESIAN_POINT('',(0.00550467677739621,-0.0128081863877504,0.0562620041727563));
#16266=CARTESIAN_POINT('',(0.0050046767773962,-0.0128081863877504,0.0562620041727563));
#16267=CARTESIAN_POINT('',(0.0050046767773962,-0.0128081863877504,0.0562620041727563));
#16268=CARTESIAN_POINT('',(0.0050046767773962,-0.0127308510561857,0.0562928329910795));
#16269=CARTESIAN_POINT('',(0.0050046767773962,-0.0128768310431021,0.0562132901403207));
#16270=CARTESIAN_POINT('',(0.00550467677739621,-0.0128768310431021,0.0562132901403207));
#16271=CARTESIAN_POINT('',(0.00550467677739621,-0.0129454756984538,0.0561645761078852));
#16272=CARTESIAN_POINT('',(0.0050046767773962,-0.0129454756984538,0.0561645761078852));
#16273=CARTESIAN_POINT('',(0.0050046767773962,-0.0129454756984538,0.0561645761078852));
#16274=CARTESIAN_POINT('',(0.0050046767773962,-0.0128768310431021,0.0562132901403207));
#16275=CARTESIAN_POINT('',(0.0050046767773962,-0.0143517472071666,0.0549006685671482));
#16276=CARTESIAN_POINT('',(0.00550467677739621,-0.0143517472071666,0.0549006685671482));
#16277=CARTESIAN_POINT('',(0.00550467677739621,-0.0157580187158795,0.0536367610264113));
#16278=CARTESIAN_POINT('',(0.0050046767773962,-0.0157580187158795,0.0536367610264113));
#16279=CARTESIAN_POINT('',(0.0050046767773962,-0.0157580187158795,0.0536367610264113));
#16280=CARTESIAN_POINT('',(0.0050046767773962,-0.0143517472071666,0.0549006685671482));
#16281=CARTESIAN_POINT('',(0.0050046767773962,-0.0159567125506909,0.0555163480407248));
#16282=CARTESIAN_POINT('',(0.00550467677739621,-0.0159567125506909,0.0555163480407248));
#16283=CARTESIAN_POINT('',(0.00550467677739621,-0.0161554063855023,0.0573959350550383));
#16284=CARTESIAN_POINT('',(0.0050046767773962,-0.0161554063855023,0.0573959350550383));
#16285=CARTESIAN_POINT('',(0.0050046767773962,-0.0161554063855023,0.0573959350550383));
#16286=CARTESIAN_POINT('',(0.0050046767773962,-0.0159567125506909,0.0555163480407248));
#16287=CARTESIAN_POINT('',(0.0050046767773962,-0.01617413731273,0.0574784131002017));
#16288=CARTESIAN_POINT('',(0.00550467677739621,-0.01617413731273,0.0574784131002017));
#16289=CARTESIAN_POINT('',(0.00550467677739621,-0.0161928682399578,0.0575608911453651));
#16290=CARTESIAN_POINT('',(0.0050046767773962,-0.0161928682399578,0.0575608911453651));
#16291=CARTESIAN_POINT('',(0.0050046767773962,-0.0161928682399578,0.0575608911453651));
#16292=CARTESIAN_POINT('',(0.0050046767773962,-0.01617413731273,0.0574784131002017));
#16293=CARTESIAN_POINT('',(0.0050046767773962,-0.0162297370503546,0.0576356214880724));
#16294=CARTESIAN_POINT('',(0.00550467677739621,-0.0162297370503546,0.0576356214880724));
#16295=CARTESIAN_POINT('',(0.00550467677739621,-0.0162666058607513,0.0577103518307797));
#16296=CARTESIAN_POINT('',(0.0050046767773962,-0.0162666058607513,0.0577103518307797));
#16297=CARTESIAN_POINT('',(0.0050046767773962,-0.0162666058607513,0.0577103518307797));
#16298=CARTESIAN_POINT('',(0.0050046767773962,-0.0162297370503546,0.0576356214880724));
#16299=CARTESIAN_POINT('',(0.0050046767773962,-0.0163196684658249,0.0577743901125519));
#16300=CARTESIAN_POINT('',(0.00550467677739621,-0.0163196684658249,0.0577743901125519));
#16301=CARTESIAN_POINT('',(0.00550467677739621,-0.0163727310708985,0.0578384283943242));
#16302=CARTESIAN_POINT('',(0.0050046767773962,-0.0163727310708985,0.0578384283943242));
#16303=CARTESIAN_POINT('',(0.0050046767773962,-0.0163727310708985,0.0578384283943242));
#16304=CARTESIAN_POINT('',(0.0050046767773962,-0.0163196684658249,0.0577743901125519));
#16305=CARTESIAN_POINT('',(0.0050046767773962,-0.0164400435198799,0.0578888303361967));
#16306=CARTESIAN_POINT('',(0.00550467677739621,-0.0164400435198799,0.0578888303361967));
#16307=CARTESIAN_POINT('',(0.00550467677739621,-0.0165073559688613,0.0579392322780692));
#16308=CARTESIAN_POINT('',(0.0050046767773962,-0.0165073559688613,0.0579392322780692));
#16309=CARTESIAN_POINT('',(0.0050046767773962,-0.0165073559688613,0.0579392322780692));
#16310=CARTESIAN_POINT('',(0.0050046767773962,-0.0164400435198799,0.0578888303361967));
#16311=CARTESIAN_POINT('',(0.0050046767773962,-0.0181438602694357,0.0588852831480868));
#16312=CARTESIAN_POINT('',(0.00550467677739621,-0.0181438602694357,0.0588852831480868));
#16313=CARTESIAN_POINT('',(0.00550467677739621,-0.0197803645700102,0.0598313340181043));
#16314=CARTESIAN_POINT('',(0.0050046767773962,-0.0197803645700102,0.0598313340181043));
#16315=CARTESIAN_POINT('',(0.0050046767773962,-0.0197803645700102,0.0598313340181043));
#16316=CARTESIAN_POINT('',(0.0050046767773962,-0.0181438602694357,0.0588852831480868));
#16317=CARTESIAN_POINT('',(0.0050046767773962,-0.0180540176602489,0.0606019274916241));
#16318=CARTESIAN_POINT('',(0.00550467677739621,-0.0180540176602489,0.0606019274916241));
#16319=CARTESIAN_POINT('',(0.00550467677739621,-0.0163276707504875,0.0613725209651439));
#16320=CARTESIAN_POINT('',(0.0050046767773962,-0.0163276707504875,0.0613725209651439));
#16321=CARTESIAN_POINT('',(0.0050046767773962,-0.0163276707504875,0.0613725209651439));
#16322=CARTESIAN_POINT('',(0.0050046767773962,-0.0180540176602489,0.0606019274916241));
#16323=CARTESIAN_POINT('',(0.0050046767773962,-0.0162551236712737,0.0614158314251194));
#16324=CARTESIAN_POINT('',(0.00550467677739621,-0.0162551236712737,0.0614158314251194));
#16325=CARTESIAN_POINT('',(0.00550467677739621,-0.0161825765920598,0.0614591418850948));
#16326=CARTESIAN_POINT('',(0.0050046767773962,-0.0161825765920598,0.0614591418850948));
#16327=CARTESIAN_POINT('',(0.0050046767773962,-0.0161825765920598,0.0614591418850948));
#16328=CARTESIAN_POINT('',(0.0050046767773962,-0.0162551236712737,0.0614158314251194));
#16329=CARTESIAN_POINT('',(0.0050046767773962,-0.0161231367088485,0.06151742157677));
#16330=CARTESIAN_POINT('',(0.00550467677739621,-0.0161231367088485,0.06151742157677));
#16331=CARTESIAN_POINT('',(0.00550467677739621,-0.0160636968256374,0.0615757012684452));
#16332=CARTESIAN_POINT('',(0.0050046767773962,-0.0160636968256374,0.0615757012684452));
#16333=CARTESIAN_POINT('',(0.0050046767773962,-0.0160636968256374,0.0615757012684452));
#16334=CARTESIAN_POINT('',(0.0050046767773962,-0.0161231367088485,0.06151742157677));
#16335=CARTESIAN_POINT('',(0.0050046767773962,-0.0160193461644788,0.0616461088095097));
#16336=CARTESIAN_POINT('',(0.00550467677739621,-0.0160193461644788,0.0616461088095097));
#16337=CARTESIAN_POINT('',(0.00550467677739621,-0.0159749955033203,0.0617165163505742));
#16338=CARTESIAN_POINT('',(0.0050046767773962,-0.0159749955033203,0.0617165163505742));
#16339=CARTESIAN_POINT('',(0.0050046767773962,-0.0159749955033203,0.0617165163505742));
#16340=CARTESIAN_POINT('',(0.0050046767773962,-0.0160193461644788,0.0616461088095097));
#16341=CARTESIAN_POINT('',(0.0050046767773962,-0.0158110263167648,0.0677432993699656));
#16342=CARTESIAN_POINT('',(0.0050046767773962,-0.0159011066952318,0.0677050727756109));
#16343=CARTESIAN_POINT('',(0.0050046767773962,-0.0159011066952318,0.0677050727756109));
#16344=CARTESIAN_POINT('',(0.0050046767773962,-0.0158110263167648,0.0677432993699656));
#16345=CARTESIAN_POINT('',(0.0050046767773962,-0.0157209459382978,0.0677815259643202));
#16346=CARTESIAN_POINT('',(0.0050046767773962,-0.0157209459382978,0.0677815259643202));
#16347=CARTESIAN_POINT('',(0.0050046767773962,-0.0159768220833449,0.0676443090706227));
#16348=CARTESIAN_POINT('',(0.0050046767773962,-0.016052537471458,0.0675835453656345));
#16349=CARTESIAN_POINT('',(0.0050046767773962,-0.016052537471458,0.0675835453656345));
#16350=CARTESIAN_POINT('',(0.0050046767773962,-0.0159768220833449,0.0676443090706227));
#16351=CARTESIAN_POINT('',(0.0050046767773962,-0.0161092756525665,0.0675047651592611));
#16352=CARTESIAN_POINT('',(0.0050046767773962,-0.016166013833675,0.0674259849528878));
#16353=CARTESIAN_POINT('',(0.0050046767773962,-0.016166013833675,0.0674259849528878));
#16354=CARTESIAN_POINT('',(0.0050046767773962,-0.0161092756525665,0.0675047651592611));
#16355=CARTESIAN_POINT('',(0.0050046767773962,-0.0161998540209547,0.0673334151446356));
#16356=CARTESIAN_POINT('',(0.0050046767773962,-0.0162336942082344,0.0672408453363834));
#16357=CARTESIAN_POINT('',(0.0050046767773962,-0.0162336942082344,0.0672408453363834));
#16358=CARTESIAN_POINT('',(0.0050046767773962,-0.0161998540209547,0.0673334151446356));
#16359=CARTESIAN_POINT('',(0.0050046767773962,-0.0167360710432491,0.0648854081087379));
#16360=CARTESIAN_POINT('',(0.0050046767773962,-0.0172384478782637,0.0625299708810924));
#16361=CARTESIAN_POINT('',(0.0050046767773962,-0.0172384478782637,0.0625299708810924));
#16362=CARTESIAN_POINT('',(0.0050046767773962,-0.0167360710432491,0.0648854081087379));
#16363=CARTESIAN_POINT('',(0.0050046767773962,-0.0194383087167126,0.0615493342868555));
#16364=CARTESIAN_POINT('',(0.0050046767773962,-0.0216381695551614,0.0605686976926185));
#16365=CARTESIAN_POINT('',(0.0050046767773962,-0.0216381695551614,0.0605686976926185));
#16366=CARTESIAN_POINT('',(0.0050046767773962,-0.0194383087167126,0.0615493342868555));
#16367=CARTESIAN_POINT('',(0.0050046767773962,-0.0217225299430032,0.0605163983267839));
#16368=CARTESIAN_POINT('',(0.0050046767773962,-0.021806890330845,0.0604640989609493));
#16369=CARTESIAN_POINT('',(0.0050046767773962,-0.021806890330845,0.0604640989609493));
#16370=CARTESIAN_POINT('',(0.0050046767773962,-0.0217225299430032,0.0605163983267839));
#16371=CARTESIAN_POINT('',(0.0050046767773962,-0.0218721819597724,0.0603923637020227));
#16372=CARTESIAN_POINT('',(0.0050046767773962,-0.0219374735886998,0.0603206284430961));
#16373=CARTESIAN_POINT('',(0.0050046767773962,-0.0219374735886998,0.0603206284430961));
#16374=CARTESIAN_POINT('',(0.0050046767773962,-0.0218721819597724,0.0603923637020227));
#16375=CARTESIAN_POINT('',(0.0050046767773962,-0.0219808630466735,0.0602339704335004));
#16376=CARTESIAN_POINT('',(0.0050046767773962,-0.0220242525046472,0.0601473124239046));
#16377=CARTESIAN_POINT('',(0.0050046767773962,-0.0220242525046472,0.0601473124239046));
#16378=CARTESIAN_POINT('',(0.0050046767773962,-0.0219808630466735,0.0602339704335004));
#16379=CARTESIAN_POINT('',(0.0050046767773962,-0.0220429062603563,0.060050245012647));
#16380=CARTESIAN_POINT('',(0.0050046767773962,-0.0220615600160655,0.0599531776013894));
#16381=CARTESIAN_POINT('',(0.0050046767773962,-0.0220615600160655,0.0599531776013894));
#16382=CARTESIAN_POINT('',(0.0050046767773962,-0.0220429062603563,0.060050245012647));
#16383=CARTESIAN_POINT('',(0.0050046767773962,-0.0220532609313711,0.0598546691098175));
#16384=CARTESIAN_POINT('',(0.0050046767773962,-0.0220449618466767,0.0597561606182456));
#16385=CARTESIAN_POINT('',(0.0050046767773962,-0.0220449618466767,0.0597561606182456));
#16386=CARTESIAN_POINT('',(0.0050046767773962,-0.0220532609313711,0.0598546691098175));
#16387=CARTESIAN_POINT('',(0.0050046767773962,-0.0220110145394462,0.0596653908078361));
#16388=CARTESIAN_POINT('',(0.0050046767773962,-0.0219770672322159,0.0595746209974265));
#16389=CARTESIAN_POINT('',(0.0050046767773962,-0.0219770672322159,0.0595746209974265));
#16390=CARTESIAN_POINT('',(0.0050046767773962,-0.0220110145394462,0.0596653908078361));
#16391=CARTESIAN_POINT('',(0.0050046767773962,-0.0219199210495405,0.0594964203118954));
#16392=CARTESIAN_POINT('',(0.0050046767773962,-0.021862774866865,0.0594182196263643));
#16393=CARTESIAN_POINT('',(0.0050046767773962,-0.021862774866865,0.0594182196263643));
#16394=CARTESIAN_POINT('',(0.0050046767773962,-0.0219199210495405,0.0594964203118954));
#16395=CARTESIAN_POINT('',(0.0050046767773962,-0.0217848791373843,0.0593574182233287));
#16396=CARTESIAN_POINT('',(0.0050046767773962,-0.0217069834079036,0.0592966168202931));
#16397=CARTESIAN_POINT('',(0.0050046767773962,-0.0217069834079036,0.0592966168202931));
#16398=CARTESIAN_POINT('',(0.0050046767773962,-0.0217848791373843,0.0593574182233287));
#16399=CARTESIAN_POINT('',(0.0050046767773962,-0.0196222771492408,0.0580917964291219));
#16400=CARTESIAN_POINT('',(0.0050046767773962,-0.0175375708905779,0.0568869760379508));
#16401=CARTESIAN_POINT('',(0.0050046767773962,-0.0175375708905779,0.0568869760379508));
#16402=CARTESIAN_POINT('',(0.0050046767773962,-0.0196222771492408,0.0580917964291219));
#16403=CARTESIAN_POINT('',(0.0050046767773962,-0.0172840227989582,0.0544922924806083));
#16404=CARTESIAN_POINT('',(0.0050046767773962,-0.0170304747073386,0.0520976089232658));
#16405=CARTESIAN_POINT('',(0.0050046767773962,-0.0170304747073386,0.0520976089232658));
#16406=CARTESIAN_POINT('',(0.0050046767773962,-0.0172840227989582,0.0544922924806083));
#16407=CARTESIAN_POINT('',(0.0050046767773962,-0.0170064521704704,0.0520012199286583));
#16408=CARTESIAN_POINT('',(0.0050046767773962,-0.0169824296336021,0.0519048309340509));
#16409=CARTESIAN_POINT('',(0.0050046767773962,-0.0169824296336021,0.0519048309340509));
#16410=CARTESIAN_POINT('',(0.0050046767773962,-0.0170064521704704,0.0520012199286583));
#16411=CARTESIAN_POINT('',(0.0050046767773962,-0.0169343541714407,0.0518205178865969));
#16412=CARTESIAN_POINT('',(0.0050046767773962,-0.0168862787092794,0.0517362048391428));
#16413=CARTESIAN_POINT('',(0.0050046767773962,-0.0168862787092794,0.0517362048391428));
#16414=CARTESIAN_POINT('',(0.0050046767773962,-0.0169343541714407,0.0518205178865969));
#16415=CARTESIAN_POINT('',(0.0050046767773962,-0.0168174343852972,0.0516681412742374));
#16416=CARTESIAN_POINT('',(0.0050046767773962,-0.016748590061315,0.051600077709332));
#16417=CARTESIAN_POINT('',(0.0050046767773962,-0.016748590061315,0.051600077709332));
#16418=CARTESIAN_POINT('',(0.0050046767773962,-0.0168174343852972,0.0516681412742374));
#16419=CARTESIAN_POINT('',(0.0050046767773962,-0.0166622609098799,0.0515524370537519));
#16420=CARTESIAN_POINT('',(0.0050046767773962,-0.0165759317584449,0.0515047963981717));
#16421=CARTESIAN_POINT('',(0.0050046767773962,-0.0165759317584449,0.0515047963981717));
#16422=CARTESIAN_POINT('',(0.0050046767773962,-0.0166622609098799,0.0515524370537519));
#16423=CARTESIAN_POINT('',(0.0050046767773962,-0.0164796818906448,0.0514824583069328));
#16424=CARTESIAN_POINT('',(0.0050046767773962,-0.0163834320228448,0.0514601202156939));
#16425=CARTESIAN_POINT('',(0.0050046767773962,-0.0163834320228448,0.0514601202156939));
#16426=CARTESIAN_POINT('',(0.0050046767773962,-0.0164796818906448,0.0514824583069328));
#16427=CARTESIAN_POINT('',(0.0050046767773962,-0.0162864146885171,0.051464554528797));
#16428=CARTESIAN_POINT('',(0.0050046767773962,-0.0161893973541894,0.0514689888419002));
#16429=CARTESIAN_POINT('',(0.0050046767773962,-0.0161893973541894,0.0514689888419002));
#16430=CARTESIAN_POINT('',(0.0050046767773962,-0.0162864146885171,0.051464554528797));
#16431=CARTESIAN_POINT('',(0.0050046767773962,-0.0160972801348479,0.0514992544231505));
#16432=CARTESIAN_POINT('',(0.0050046767773962,-0.0160051629155063,0.0515295200044007));
#16433=CARTESIAN_POINT('',(0.0050046767773962,-0.0160051629155063,0.0515295200044007));
#16434=CARTESIAN_POINT('',(0.0050046767773962,-0.0160972801348479,0.0514992544231505));
#16435=CARTESIAN_POINT('',(0.0050046767773962,-0.0159236133674597,0.0515846758407743));
#16436=CARTESIAN_POINT('',(0.0050046767773962,-0.015842063819413,0.0516398316771478));
#16437=CARTESIAN_POINT('',(0.0050046767773962,-0.015842063819413,0.0516398316771478));
#16438=CARTESIAN_POINT('',(0.0050046767773962,-0.0159236133674597,0.0515846758407743));
#16439=CARTESIAN_POINT('',(0.0050046767773962,-0.0140511768013941,0.053250132578139));
#16440=CARTESIAN_POINT('',(0.0050046767773962,-0.0122602897833753,0.0548604334791302));
#16441=CARTESIAN_POINT('',(0.0050046767773962,-0.0122602897833753,0.0548604334791302));
#16442=CARTESIAN_POINT('',(0.0050046767773962,-0.0140511768013941,0.053250132578139));
#16443=CARTESIAN_POINT('',(0.0050046767773962,-0.00990418567996756,0.0543613155001443));
#16444=CARTESIAN_POINT('',(0.0050046767773962,-0.00754808157655987,0.0538621975211583));
#16445=CARTESIAN_POINT('',(0.0050046767773962,-0.00754808157655987,0.0538621975211583));
#16446=CARTESIAN_POINT('',(0.0050046767773962,-0.00990418567996756,0.0543613155001443));
#16447=CARTESIAN_POINT('',(0.0050046767773962,-0.00744987967809754,0.0538552059397152));
#16448=CARTESIAN_POINT('',(0.0050046767773962,-0.00735167777963521,0.0538482143582721));
#16449=CARTESIAN_POINT('',(0.0050046767773962,-0.00735167777963521,0.0538482143582721));
#16450=CARTESIAN_POINT('',(0.0050046767773962,-0.00744987967809754,0.0538552059397152));
#16451=CARTESIAN_POINT('',(0.0050046767773962,-0.00725676908262493,0.053868062220272));
#16452=CARTESIAN_POINT('',(0.0050046767773962,-0.00716186038561465,0.0538879100822719));
#16453=CARTESIAN_POINT('',(0.0050046767773962,-0.00716186038561465,0.0538879100822719));
#16454=CARTESIAN_POINT('',(0.0050046767773962,-0.00725676908262493,0.053868062220272));
#16455=CARTESIAN_POINT('',(0.0050046767773962,-0.00707562375292787,0.0539325785216401));
#16456=CARTESIAN_POINT('',(0.0050046767773962,-0.00698938712024109,0.0539772469610083));
#16457=CARTESIAN_POINT('',(0.0050046767773962,-0.00698938712024109,0.0539772469610083));
#16458=CARTESIAN_POINT('',(0.0050046767773962,-0.00707562375292787,0.0539325785216401));
#16459=CARTESIAN_POINT('',(0.0050046767773962,-0.00691720138954419,0.0540447172348411));
#16460=CARTESIAN_POINT('',(0.0050046767773962,-0.00684501565884728,0.0541121875086739));
#16461=CARTESIAN_POINT('',(0.0050046767773962,-0.00684501565884728,0.0541121875086739));
#16462=CARTESIAN_POINT('',(0.0050046767773962,-0.00691720138954419,0.0540447172348411));
#16463=CARTESIAN_POINT('',(0.0050046767773962,-0.00679412688242177,0.0541968121332687));
#16464=CARTESIAN_POINT('',(0.0050046767773962,-0.00674323810599626,0.0542814367578634));
#16465=CARTESIAN_POINT('',(0.0050046767773962,-0.00674323810599626,0.0542814367578634));
#16466=CARTESIAN_POINT('',(0.0050046767773962,-0.00679412688242177,0.0541968121332687));
#16467=CARTESIAN_POINT('',(0.0050046767773962,-0.00671773915312614,0.0543751405374588));
#16468=CARTESIAN_POINT('',(0.0050046767773962,-0.00669224020025603,0.0544688443170542));
#16469=CARTESIAN_POINT('',(0.0050046767773962,-0.00669224020025603,0.0544688443170542));
#16470=CARTESIAN_POINT('',(0.0050046767773962,-0.00671773915312614,0.0543751405374588));
#16471=CARTESIAN_POINT('',(0.0050046767773962,-0.00669278019712408,0.0545659666327312));
#16472=CARTESIAN_POINT('',(0.0050046767773962,-0.00669332019399213,0.0546630889484083));
#16473=CARTESIAN_POINT('',(0.0050046767773962,-0.00669332019399213,0.0546630889484083));
#16474=CARTESIAN_POINT('',(0.0050046767773962,-0.00669278019712408,0.0545659666327312));
#16475=CARTESIAN_POINT('',(0.0050046767773962,-0.00672054813295728,0.0547579693335232));
#16476=CARTESIAN_POINT('',(0.0050046767773962,-0.00674777607192242,0.0548528497186381));
#16477=CARTESIAN_POINT('',(0.0050046767773962,-0.00674777607192242,0.0548528497186381));
#16478=CARTESIAN_POINT('',(0.0050046767773962,-0.00672054813295728,0.0547579693335232));
#16479=CARTESIAN_POINT('',(0.0050046767773962,-0.00772697573404333,0.0570530955236785));
#16480=CARTESIAN_POINT('',(0.0050046767773962,-0.00870617539616424,0.0592533413287188));
#16481=CARTESIAN_POINT('',(0.0050046767773962,-0.00870617539616424,0.0592533413287188));
#16482=CARTESIAN_POINT('',(0.0050046767773962,-0.00772697573404333,0.0570530955236785));
#16483=CARTESIAN_POINT('',(0.0050046767773962,-0.00750174004044608,0.0613394845592549));
#16484=CARTESIAN_POINT('',(0.0050046767773962,-0.00629730468472791,0.0634256277897911));
#16485=CARTESIAN_POINT('',(0.0050046767773962,-0.00629730468472791,0.0634256277897911));
#16486=CARTESIAN_POINT('',(0.0050046767773962,-0.00750174004044608,0.0613394845592549));
#16487=CARTESIAN_POINT('',(0.0050046767773962,-0.00626085190696354,0.0635170687829987));
#16488=CARTESIAN_POINT('',(0.0050046767773962,-0.00622439912919916,0.0636085097762063));
#16489=CARTESIAN_POINT('',(0.0050046767773962,-0.00622439912919916,0.0636085097762063));
#16490=CARTESIAN_POINT('',(0.0050046767773962,-0.00626085190696354,0.0635170687829987));
#16491=CARTESIAN_POINT('',(0.0050046767773962,-0.00621394208240787,0.0637048246924788));
#16492=CARTESIAN_POINT('',(0.0050046767773962,-0.00620348503561659,0.0638011396087512));
#16493=CARTESIAN_POINT('',(0.0050046767773962,-0.00620348503561659,0.0638011396087512));
#16494=CARTESIAN_POINT('',(0.0050046767773962,-0.00621394208240787,0.0637048246924788));
#16495=CARTESIAN_POINT('',(0.0050046767773962,-0.0062191339379072,0.0638968124619872));
#16496=CARTESIAN_POINT('',(0.0050046767773962,-0.0062347828401978,0.0639924853152231));
#16497=CARTESIAN_POINT('',(0.0050046767773962,-0.0062347828401978,0.0639924853152231));
#16498=CARTESIAN_POINT('',(0.0050046767773962,-0.0062191339379072,0.0638968124619872));
#16499=CARTESIAN_POINT('',(0.0050046767773962,-0.00627664778260895,0.0640819998623265));
#16500=CARTESIAN_POINT('',(0.0050046767773962,-0.0063185127250201,0.0641715144094299));
#16501=CARTESIAN_POINT('',(0.0050046767773962,-0.0063185127250201,0.0641715144094299));
#16502=CARTESIAN_POINT('',(0.0050046767773962,-0.00627664778260895,0.0640819998623265));
#16503=CARTESIAN_POINT('',(0.0050046767773962,-0.0063834031421703,0.0642461962270376));
#16504=CARTESIAN_POINT('',(0.0050046767773962,-0.00644829355932049,0.0643208780446452));
#16505=CARTESIAN_POINT('',(0.0050046767773962,-0.00644829355932049,0.0643208780446452));
#16506=CARTESIAN_POINT('',(0.0050046767773962,-0.0063834031421703,0.0642461962270376));
#16507=CARTESIAN_POINT('',(0.0050046767773962,-0.00652953570944258,0.0643741411155003));
#16508=CARTESIAN_POINT('',(0.0050046767773962,-0.00661077785956466,0.0644274041863554));
#16509=CARTESIAN_POINT('',(0.0050046767773962,-0.00661077785956466,0.0644274041863554));
#16510=CARTESIAN_POINT('',(0.0050046767773962,-0.00652953570944258,0.0643741411155003));
#16511=CARTESIAN_POINT('',(0.0050046767773962,-0.00670325704196415,0.0644568648837978));
#16512=CARTESIAN_POINT('',(0.0050046767773962,-0.00679573622436363,0.0644863255812401));
#16513=CARTESIAN_POINT('',(0.0050046767773962,-0.00679573622436363,0.0644863255812401));
#16514=CARTESIAN_POINT('',(0.0050046767773962,-0.00670325704196415,0.0644568648837978));
#16515=CARTESIAN_POINT('',(0.0050046767773962,-0.00689433794493061,0.064489600397881));
#16516=CARTESIAN_POINT('',(0.0050046767773962,-0.00699293966549758,0.064492875214522));
#16517=CARTESIAN_POINT('',(0.0050046767773962,-0.00699293966549758,0.064492875214522));
#16518=CARTESIAN_POINT('',(0.0050046767773962,-0.00689433794493061,0.064489600397881));
#16519=CARTESIAN_POINT('',(0.0050046767773962,-0.00938839333350332,0.0642422009977875));
#16520=CARTESIAN_POINT('',(0.0050046767773962,-0.0117838470015091,0.063991526781053));
#16521=CARTESIAN_POINT('',(0.0050046767773962,-0.0117838470015091,0.063991526781053));
#16522=CARTESIAN_POINT('',(0.0050046767773962,-0.00938839333350332,0.0642422009977875));
#16523=CARTESIAN_POINT('',(0.0050046767773962,-0.0133951997991634,0.065780591860607));
#16524=CARTESIAN_POINT('',(0.0050046767773962,-0.0150065525968177,0.0675696569401611));
#16525=CARTESIAN_POINT('',(0.0050046767773962,-0.0150065525968177,0.0675696569401611));
#16526=CARTESIAN_POINT('',(0.0050046767773962,-0.0133951997991634,0.065780591860607));
#16527=CARTESIAN_POINT('',(0.0050046767773962,-0.0150821439627969,0.0676329046520911));
#16528=CARTESIAN_POINT('',(0.0050046767773962,-0.015157735328776,0.0676961523640211));
#16529=CARTESIAN_POINT('',(0.0050046767773962,-0.015157735328776,0.0676961523640211));
#16530=CARTESIAN_POINT('',(0.0050046767773962,-0.0150821439627969,0.0676329046520911));
#16531=CARTESIAN_POINT('',(0.0050046767773962,-0.0152462621381671,0.0677360089335016));
#16532=CARTESIAN_POINT('',(0.0050046767773962,-0.0153347889475583,0.067775865502982));
#16533=CARTESIAN_POINT('',(0.0050046767773962,-0.0153347889475583,0.067775865502982));
#16534=CARTESIAN_POINT('',(0.0050046767773962,-0.0152462621381671,0.0677360089335016));
#16535=CARTESIAN_POINT('',(0.0050046767773962,-0.0154307422496157,0.0677906307210733));
#16536=CARTESIAN_POINT('',(0.0050046767773962,-0.0155266955516731,0.0678053959391647));
#16537=CARTESIAN_POINT('',(0.0050046767773962,-0.0155266955516731,0.0678053959391647));
#16538=CARTESIAN_POINT('',(0.0050046767773962,-0.0154307422496157,0.0677906307210733));
#16539=CARTESIAN_POINT('',(0.0050046767773962,-0.0156238207449855,0.0677934609517425));
#16540=CARTESIAN_POINT('',(0.0050046767773962,-0.0156238207449855,0.0677934609517425));
#16541=CARTESIAN_POINT('',(0.0050046767773962,-0.015947715985545,0.0617962106196116));
#16542=CARTESIAN_POINT('',(0.00550467677739621,-0.015947715985545,0.0617962106196116));
#16543=CARTESIAN_POINT('',(0.0050046767773962,-0.015947715985545,0.0617962106196116));
#16544=CARTESIAN_POINT('',(0.0050046767773962,-0.0148386782508162,0.03355));
#16545=CARTESIAN_POINT('',(0.00550467677739621,-0.0148386782508162,0.0691));
#16546=CARTESIAN_POINT('',(-0.0070623232226038,-0.0148386782508162,-0.0015));
#16547=CARTESIAN_POINT('',(-0.0070623232226038,-0.0148386782508162,-0.0015));
#16548=CARTESIAN_POINT('',(-2.60184755983698E-5,-0.0148386782508162,-0.0015));
#16549=CARTESIAN_POINT('',(-0.0250623232226038,-0.0148386782508162,-0.0015));
#16550=CARTESIAN_POINT('',(-0.0250623232226038,-0.0148386782508162,-0.0015));
#16551=CARTESIAN_POINT('',(-0.0250623232226038,-0.0148386782508162,-0.0015));
#16552=CARTESIAN_POINT('',(-0.0181104427149743,-0.0148386782508162,-0.0015));
#16553=CARTESIAN_POINT('',(-0.0250623232226038,-0.0148386782508162,-0.0015));
#16554=CARTESIAN_POINT('',(-0.0430623232226038,-0.0148386782508162,-0.0015));
#16555=CARTESIAN_POINT('',(-0.0430623232226038,-0.0148386782508162,-0.0015));
#16556=CARTESIAN_POINT('',(-0.0362101407819177,-0.0148386782508162,-0.0015));
#16557=CARTESIAN_POINT('',(-0.0250623232226038,-0.0148386782508162,-0.0015));
#16558=CARTESIAN_POINT('',(0.0050046767773962,-0.0182955438495335,0.0216430636467188));
#16559=CARTESIAN_POINT('',(0.00550467677739621,-0.0182955438495335,0.0216430636467188));
#16560=CARTESIAN_POINT('',(0.00550467677739621,-0.0182815345388298,0.022102998565538));
#16561=CARTESIAN_POINT('',(0.00550467677739621,-0.018526258144904,0.0220408853578284));
#16562=CARTESIAN_POINT('',(0.0050046767773962,-0.0182815345388298,0.022102998565538));
#16563=CARTESIAN_POINT('',(0.0050046767773962,-0.0182815345388298,0.022102998565538));
#16564=CARTESIAN_POINT('',(0.0050046767773962,-0.0182955438495335,0.0216430636467188));
#16565=CARTESIAN_POINT('',(0.00500467677739655,-0.0185262600597357,0.0220408841993876));
#16566=CARTESIAN_POINT('',(0.0050046767773962,-0.0185261504987375,0.0220406944135363));
#16567=CARTESIAN_POINT('',(0.0050046767773962,-0.0182815345388298,0.0216301501451596));
#16568=CARTESIAN_POINT('',(0.00550467677739621,-0.0182815345388298,0.0216301501451596));
#16569=CARTESIAN_POINT('',(0.00550467677739621,-0.0182815345388298,0.0211567412856878));
#16570=CARTESIAN_POINT('',(0.0050046767773962,-0.0182815345388298,0.0211567412856878));
#16571=CARTESIAN_POINT('',(0.0050046767773962,-0.0182815345388298,0.0211567412856878));
#16572=CARTESIAN_POINT('',(0.0050046767773962,-0.0182815345388298,0.0216301501451596));
#16573=CARTESIAN_POINT('',(0.0050046767773962,-0.0186153155820256,0.0213085571349312));
#16574=CARTESIAN_POINT('',(0.00550467677739621,-0.0186153155820256,0.0213085571349312));
#16575=CARTESIAN_POINT('',(0.0050046767773962,-0.0185350598795617,0.0212201760771558));
#16576=CARTESIAN_POINT('',(0.00550467677739621,-0.0185350598795617,0.0212201760771558));
#16577=CARTESIAN_POINT('',(0.0050046767773962,-0.0184237995318298,0.0211695707940746));
#16578=CARTESIAN_POINT('',(0.00550467677739621,-0.0184237995318298,0.0211695707940746));
#16579=CARTESIAN_POINT('',(0.0050046767773962,-0.0182815345388298,0.0211567412856878));
#16580=CARTESIAN_POINT('',(0.00550467677739621,-0.0182815345388298,0.0211567412856878));
#16581=CARTESIAN_POINT('',(0.00550467677739621,-0.0186153155820256,0.0213085571349312));
#16582=CARTESIAN_POINT('',(0.00550467677739621,-0.0184949320283298,0.021175985548268));
#16583=CARTESIAN_POINT('',(0.00550467677739621,-0.0182815345388298,0.0211567412856878));
#16584=CARTESIAN_POINT('',(0.00550467677739621,-0.0186153155820256,0.0213085571349312));
#16585=CARTESIAN_POINT('',(0.0050046767773962,-0.0186153155820256,0.0213085571349312));
#16586=CARTESIAN_POINT('',(0.0050046767773962,-0.0186153155820256,0.0213085571349312));
#16587=CARTESIAN_POINT('',(0.0050046767773962,-0.0186153155820256,0.0213085571349312));
#16588=CARTESIAN_POINT('',(0.0050046767773962,-0.0184949320283298,0.021175985548268));
#16589=CARTESIAN_POINT('',(0.0050046767773962,-0.0182815345388298,0.0211567412856878));
#16590=CARTESIAN_POINT('',(0.0050046767773962,-0.0182749244847406,0.0216183401237185));
#16591=CARTESIAN_POINT('',(0.00550467677739621,-0.0182749244847406,0.0216183401237185));
#16592=CARTESIAN_POINT('',(0.00550467677739621,-0.0187354359298148,0.0216301430863287));
#16593=CARTESIAN_POINT('',(0.0050046767773962,-0.0187356991357214,0.0216301501451596));
#16594=CARTESIAN_POINT('',(0.0050046767773962,-0.0187354359298148,0.0216301430863287));
#16595=CARTESIAN_POINT('',(0.0050046767773962,-0.0182749244847406,0.0216183401237185));
#16596=CARTESIAN_POINT('',(0.0050046767773962,-0.0182023437897766,0.021637752125312));
#16597=CARTESIAN_POINT('',(0.00550467677739621,-0.0182023437897766,0.021637752125312));
#16598=CARTESIAN_POINT('',(0.00550467677739621,-0.0186822976171041,0.0218696605631417));
#16599=CARTESIAN_POINT('',(0.0050046767773962,-0.0186822428507766,0.0218696343017127));
#16600=CARTESIAN_POINT('',(0.0050046767773962,-0.0186822976171041,0.0218696605631417));
#16601=CARTESIAN_POINT('',(0.0050046767773962,-0.0182023437897766,0.021637752125312));
#16602=CARTESIAN_POINT('',(0.0050046767773962,-0.0182348853019826,0.020874316788655));
#16603=CARTESIAN_POINT('',(0.0050046767773962,-0.0182293612047236,0.022361004472926));
#16604=CARTESIAN_POINT('',(0.0050046767773962,-0.0182293657344502,0.0223607821135242));
#16605=CARTESIAN_POINT('',(0.0050046767773962,-0.0182348853019826,0.020874316788655));
#16606=CARTESIAN_POINT('',(0.0050046767773962,-0.0180788283063188,0.0223528410200061));
#16607=CARTESIAN_POINT('',(0.0050046767773962,-0.0180788283063188,0.0223528410200061));
#16608=CARTESIAN_POINT('',(0.0050046767773962,-0.0182432917869171,0.0216047929812546));
#16609=CARTESIAN_POINT('',(0.0050046767773962,-0.0185975680954239,0.0222720532147777));
#16610=CARTESIAN_POINT('',(0.0050046767773962,-0.0185976542520591,0.0222722172759357));
#16611=CARTESIAN_POINT('',(0.0050046767773962,-0.0182432917869171,0.0216047929812546));
#16612=CARTESIAN_POINT('',(0.0050046767773962,-0.0182910931614397,0.0217066374294662));
#16613=CARTESIAN_POINT('',(0.0050046767773962,-0.01885351678774,0.0220188842492788));
#16614=CARTESIAN_POINT('',(0.0050046767773962,-0.0188536677241977,0.0220189657086954));
#16615=CARTESIAN_POINT('',(0.0050046767773962,-0.0182910931614397,0.0217066374294662));
#16616=CARTESIAN_POINT('',(0.0050046767773962,-0.0181927562105306,0.0216580909391134));
#16617=CARTESIAN_POINT('',(0.0050046767773962,-0.0189459065763953,0.021640846552174));
#16618=CARTESIAN_POINT('',(0.0050046767773962,-0.0189459065763953,0.021640846552174));
#16619=CARTESIAN_POINT('',(0.0050046767773962,-0.0181927562105306,0.0216580909391134));
#16620=CARTESIAN_POINT('',(0.0050046767773962,-0.018167034738166,0.0216238337479047));
#16621=CARTESIAN_POINT('',(0.0050046767773962,-0.0188520200117616,0.0212538178991477));
#16622=CARTESIAN_POINT('',(0.0050046767773962,-0.0188522507112141,0.0212536949748553));
#16623=CARTESIAN_POINT('',(0.0050046767773962,-0.018167034738166,0.0216238337479047));
#16624=CARTESIAN_POINT('',(0.0050046767773962,-0.0182824272389462,0.021571996274312));
#16625=CARTESIAN_POINT('',(0.0050046767773962,-0.0185823865104995,0.0209923097531974));
#16626=CARTESIAN_POINT('',(0.0050046767773962,-0.0185824909152653,0.0209921000359852));
#16627=CARTESIAN_POINT('',(0.0050046767773962,-0.0182824272389462,0.021571996274312));
#16628=CARTESIAN_POINT('',(0.0050046767773962,-0.0181962690618261,0.0217582069176443));
#16629=CARTESIAN_POINT('',(0.0050046767773962,-0.0181746219689401,0.0208992958173933));
#16630=CARTESIAN_POINT('',(0.0050046767773962,-0.0181746297968059,0.0208996815446975));
#16631=CARTESIAN_POINT('',(0.0050046767773962,-0.0181962690618261,0.0217582069176443));
#16632=CARTESIAN_POINT('',(0.0050046767773962,-0.0181541424644858,0.0217461231053009));
#16633=CARTESIAN_POINT('',(0.0050046767773962,-0.017765360651402,0.0209950894800145));
#16634=CARTESIAN_POINT('',(0.0050046767773962,-0.0177652751111517,0.0209949220894285));
#16635=CARTESIAN_POINT('',(0.0050046767773962,-0.0181541424644858,0.0217461231053009));
#16636=CARTESIAN_POINT('',(0.0050046767773962,-0.0180812849136864,0.0215944586119418));
#16637=CARTESIAN_POINT('',(0.0050046767773962,-0.0174929474233229,0.0212591635276422));
#16638=CARTESIAN_POINT('',(0.0050046767773962,-0.0174927742227011,0.0212590667761399));
#16639=CARTESIAN_POINT('',(0.0050046767773962,-0.0180812849136864,0.0215944586119418));
#16640=CARTESIAN_POINT('',(0.0050046767773962,-0.018156190287904,0.0216266729360168));
#16641=CARTESIAN_POINT('',(0.0050046767773962,-0.0173971537607018,0.0216412690524282));
#16642=CARTESIAN_POINT('',(0.0050046767773962,-0.0173971537607018,0.0216412690524282));
#16643=CARTESIAN_POINT('',(0.0050046767773962,-0.018156190287904,0.0216266729360168));
#16644=CARTESIAN_POINT('',(0.0050046767773962,-0.0175327188993219,0.0220900880208254));
#16645=CARTESIAN_POINT('',(0.00550467677739621,-0.0175327188993219,0.0220900880208254));
#16646=CARTESIAN_POINT('',(0.0050046767773962,-0.0174423421402418,0.0219696331920829));
#16647=CARTESIAN_POINT('',(0.00550467677739621,-0.0174423421402418,0.0219696331920829));
#16648=CARTESIAN_POINT('',(0.0050046767773962,-0.0173971537607018,0.0218200268692839));
#16649=CARTESIAN_POINT('',(0.00550467677739621,-0.0173971537607018,0.0218200268692839));
#16650=CARTESIAN_POINT('',(0.0050046767773962,-0.0173971537607018,0.0216412690524282));
#16651=CARTESIAN_POINT('',(0.00550467677739621,-0.0173971537607018,0.0216412690524282));
#16652=CARTESIAN_POINT('',(0.0050046767773962,-0.0175327188993219,0.0220900880208254));
#16653=CARTESIAN_POINT('',(0.0050046767773962,-0.0175327188993219,0.0220900880208254));
#16654=CARTESIAN_POINT('',(0.0050046767773962,-0.0175327188993219,0.0220900880208254));
#16655=CARTESIAN_POINT('',(0.0050046767773962,-0.0173971537607018,0.0219094057777117));
#16656=CARTESIAN_POINT('',(0.0050046767773962,-0.0173971537607018,0.0216412690524282));
#16657=CARTESIAN_POINT('',(0.0050046767773962,-0.0180507202942797,0.0217101631195357));
#16658=CARTESIAN_POINT('',(0.0050046767773962,-0.017884675079399,0.0223305110958029));
#16659=CARTESIAN_POINT('',(0.0050046767773962,-0.017884675079399,0.0223305110958029));
#16660=CARTESIAN_POINT('',(0.0050046767773962,-0.0180507202942797,0.0217101631195357));
#16661=CARTESIAN_POINT('',(0.0050046767773962,-0.017884675079399,0.0221965729404356));
#16662=CARTESIAN_POINT('',(0.0050046767773962,-0.017884675079399,0.0220623634622635));
#16663=CARTESIAN_POINT('',(0.0050046767773962,-0.017884675079399,0.0220623634622635));
#16664=CARTESIAN_POINT('',(0.0050046767773962,-0.017884675079399,0.0221965729404356));
#16665=CARTESIAN_POINT('',(0.0050046767773962,-0.0180102233064596,0.021686154351423));
#16666=CARTESIAN_POINT('',(0.0050046767773962,-0.0176832517977267,0.0219106887285504));
#16667=CARTESIAN_POINT('',(0.0050046767773962,-0.0176829557698731,0.0219108794320062));
#16668=CARTESIAN_POINT('',(0.0050046767773962,-0.0180102233064596,0.021686154351423));
#16669=CARTESIAN_POINT('',(0.0050046767773962,-0.0180705036785346,0.0216599976220629));
#16670=CARTESIAN_POINT('',(0.0050046767773962,-0.0176079853485244,0.0216412690524282));
#16671=CARTESIAN_POINT('',(0.0050046767773962,-0.017608405812269,0.0216412888464652));
#16672=CARTESIAN_POINT('',(0.0050046767773962,-0.0180705036785346,0.0216599976220629));
#16673=CARTESIAN_POINT('',(0.0050046767773962,-0.0180908678405607,0.0216287310388637));
#16674=CARTESIAN_POINT('',(0.0050046767773962,-0.0177326454050158,0.0213057774081142));
#16675=CARTESIAN_POINT('',(0.0050046767773962,-0.0177326454050158,0.0213057774081142));
#16676=CARTESIAN_POINT('',(0.0050046767773962,-0.0180908678405607,0.0216287310388637));
#16677=CARTESIAN_POINT('',(0.0050046767773962,-0.0180788283063188,0.0211537477337309));
#16678=CARTESIAN_POINT('',(0.00550467677739621,-0.0180788283063188,0.0211537477337309));
#16679=CARTESIAN_POINT('',(0.0050046767773962,-0.0179311464097778,0.0211628709396948));
#16680=CARTESIAN_POINT('',(0.00550467677739621,-0.0179311464097778,0.0211628709396948));
#16681=CARTESIAN_POINT('',(0.0050046767773962,-0.0178157521093434,0.0212135474978226));
#16682=CARTESIAN_POINT('',(0.00550467677739621,-0.0178157521093434,0.0212135474978226));
#16683=CARTESIAN_POINT('',(0.0050046767773962,-0.0177326454050158,0.0213057774081142));
#16684=CARTESIAN_POINT('',(0.00550467677739621,-0.0177326454050158,0.0213057774081142));
#16685=CARTESIAN_POINT('',(0.0050046767773962,-0.0180788283063188,0.0211537477337309));
#16686=CARTESIAN_POINT('',(0.0050046767773962,-0.0180788283063188,0.0211537477337309));
#16687=CARTESIAN_POINT('',(0.0050046767773962,-0.0180788283063188,0.0211537477337309));
#16688=CARTESIAN_POINT('',(0.0050046767773962,-0.0178573054615072,0.0211674325426768));
#16689=CARTESIAN_POINT('',(0.0050046767773962,-0.0177326454050158,0.0213057774081142));
#16690=CARTESIAN_POINT('',(0.0050046767773962,-0.0180788283063188,0.0217533134256727));
#16691=CARTESIAN_POINT('',(0.0050046767773962,-0.0180788283063188,0.0217533134256727));
#16692=CARTESIAN_POINT('',(0.0050046767773962,-0.0183145842365867,0.0216909315297416));
#16693=CARTESIAN_POINT('',(0.00550467677739621,-0.0183145842365867,0.0216909315297416));
#16694=CARTESIAN_POINT('',(0.0050046767773962,-0.0183145842365867,0.0216909315297416));
#16695=CARTESIAN_POINT('',(0.0050046767773962,-0.0202869122155467,0.0283199242298857));
#16696=CARTESIAN_POINT('',(0.0050046767773962,-0.0181911647271853,0.0197073842856564));
#16697=CARTESIAN_POINT('',(0.00550467677739621,-0.0181911647271853,0.0197073842856564));
#16698=CARTESIAN_POINT('',(0.00550467677739621,-0.01817515639274,0.0203188129819819));
#16699=CARTESIAN_POINT('',(0.00550467677739621,-0.0184704020083436,0.0202510967318832));
#16700=CARTESIAN_POINT('',(0.0050046767773962,-0.01817515639274,0.0203188129819819));
#16701=CARTESIAN_POINT('',(0.0050046767773962,-0.01817515639274,0.0203188129819819));
#16702=CARTESIAN_POINT('',(0.0050046767773962,-0.0181911647271853,0.0197073842856564));
#16703=CARTESIAN_POINT('',(0.0050046770273962,-0.0184704020083433,0.0202510967318827));
#16704=CARTESIAN_POINT('',(0.0050046767773962,-0.0184703421372551,0.0202509779935818));
#16705=CARTESIAN_POINT('',(0.0050046767773962,-0.0181586571795794,0.0197000325515252));
#16706=CARTESIAN_POINT('',(0.00550467677739621,-0.0181586571795794,0.0197000325515252));
#16707=CARTESIAN_POINT('',(0.00550467677739621,-0.0178775719227254,0.0202510714536541));
#16708=CARTESIAN_POINT('',(0.0050046767773962,-0.0178776188497863,0.0202509779935818));
#16709=CARTESIAN_POINT('',(0.0050046767773962,-0.0178775719227254,0.0202510714536541));
#16710=CARTESIAN_POINT('',(0.0050046767773962,-0.0181586571795794,0.0197000325515252));
#16711=CARTESIAN_POINT('',(0.0050046767773962,-0.0180983823572674,0.0198227999485563));
#16712=CARTESIAN_POINT('',(0.00550467677739621,-0.0180983823572674,0.0198227999485563));
#16713=CARTESIAN_POINT('',(0.00550467677739621,-0.0176831690430294,0.0200662816623297));
#16714=CARTESIAN_POINT('',(0.0050046767773962,-0.0176832517977267,0.0200662330728123));
#16715=CARTESIAN_POINT('',(0.0050046767773962,-0.0176831690430294,0.0200662816623297));
#16716=CARTESIAN_POINT('',(0.0050046767773962,-0.0180983823572674,0.0198227999485563));
#16717=CARTESIAN_POINT('',(0.0050046767773962,-0.0181190791084854,0.0198156231290418));
#16718=CARTESIAN_POINT('',(0.00550467677739621,-0.0181190791084854,0.0198156231290418));
#16719=CARTESIAN_POINT('',(0.00550467677739621,-0.0176162087443455,0.0198100709904366));
#16720=CARTESIAN_POINT('',(0.0050046767773962,-0.0176161107038359,0.0198100705553565));
#16721=CARTESIAN_POINT('',(0.0050046767773962,-0.0176162087443455,0.0198100709904366));
#16722=CARTESIAN_POINT('',(0.0050046767773962,-0.0181190791084854,0.0198156231290418));
#16723=CARTESIAN_POINT('',(0.0050046767773962,-0.0181114075515266,0.0198041136273061));
#16724=CARTESIAN_POINT('',(0.00550467677739621,-0.0181114075515266,0.0198041136273061));
#16725=CARTESIAN_POINT('',(0.00550467677739621,-0.0176831573490306,0.0195555630717177));
#16726=CARTESIAN_POINT('',(0.0050046767773962,-0.0176832517977267,0.0195556186390189));
#16727=CARTESIAN_POINT('',(0.0050046767773962,-0.0176831573490306,0.0195555630717177));
#16728=CARTESIAN_POINT('',(0.0050046767773962,-0.0181114075515266,0.0198041136273061));
#16729=CARTESIAN_POINT('',(0.0050046767773962,-0.0180992795564088,0.0198031292942972));
#16730=CARTESIAN_POINT('',(0.00550467677739621,-0.0180992795564088,0.0198031292942972));
#16731=CARTESIAN_POINT('',(0.00550467677739621,-0.0178775642876324,0.0193720468681433));
#16732=CARTESIAN_POINT('',(0.0050046767773962,-0.0178776188497863,0.0193721566690881));
#16733=CARTESIAN_POINT('',(0.0050046767773962,-0.0178775642876324,0.0193720468681433));
#16734=CARTESIAN_POINT('',(0.0050046767773962,-0.0180992795564088,0.0198031292942972));
#16735=CARTESIAN_POINT('',(0.0050046767773962,-0.0181599413275994,0.019929167702011));
#16736=CARTESIAN_POINT('',(0.00550467677739621,-0.0181599413275994,0.019929167702011));
#16737=CARTESIAN_POINT('',(0.00550467677739621,-0.0181767715382314,0.0193043473129821));
#16738=CARTESIAN_POINT('',(0.0050046767773962,-0.0181767715382314,0.019304347312982));
#16739=CARTESIAN_POINT('',(0.0050046767773962,-0.0181767715382314,0.0193043473129821));
#16740=CARTESIAN_POINT('',(0.0050046767773962,-0.0181599413275994,0.019929167702011));
#16741=CARTESIAN_POINT('',(0.0050046767773962,-0.0181937306288627,0.0199157503770134));
#16742=CARTESIAN_POINT('',(0.00550467677739621,-0.0181937306288627,0.0199157503770134));
#16743=CARTESIAN_POINT('',(0.00550467677739621,-0.018472958071573,0.0193720575279306));
#16744=CARTESIAN_POINT('',(0.0050046767773962,-0.0184729080389324,0.0193721566690881));
#16745=CARTESIAN_POINT('',(0.0050046767773962,-0.018472958071573,0.0193720575279306));
#16746=CARTESIAN_POINT('',(0.0050046767773962,-0.0181937306288627,0.0199157503770134));
#16747=CARTESIAN_POINT('',(0.0050046767773962,-0.0182533562204601,0.0197945863455651));
#16748=CARTESIAN_POINT('',(0.00550467677739621,-0.0182533562204601,0.0197945863455651));
#16749=CARTESIAN_POINT('',(0.00550467677739621,-0.01866458668493,0.0195555655885682));
#16750=CARTESIAN_POINT('',(0.0050046767773962,-0.0186644953641749,0.0195556186390189));
#16751=CARTESIAN_POINT('',(0.0050046767773962,-0.01866458668493,0.0195555655885682));
#16752=CARTESIAN_POINT('',(0.0050046767773962,-0.0182533562204601,0.0197945863455651));
#16753=CARTESIAN_POINT('',(0.0050046767773962,-0.0182260373056224,0.0198037961135849));
#16754=CARTESIAN_POINT('',(0.00550467677739621,-0.0182260373056224,0.0198037961135849));
#16755=CARTESIAN_POINT('',(0.00550467677739621,-0.0187300362469757,0.0198100697480065));
#16756=CARTESIAN_POINT('',(0.0050046767773962,-0.0187301396820872,0.0198100705553565));
#16757=CARTESIAN_POINT('',(0.0050046767773962,-0.0187300362469757,0.0198100697480065));
#16758=CARTESIAN_POINT('',(0.0050046767773962,-0.0182260373056224,0.0198037961135849));
#16759=CARTESIAN_POINT('',(0.0050046767773962,-0.0182259173974038,0.01981566890239));
#16760=CARTESIAN_POINT('',(0.00550467677739621,-0.0182259173974038,0.01981566890239));
#16761=CARTESIAN_POINT('',(0.00550467677739621,-0.0186632843087405,0.0200662746298642));
#16762=CARTESIAN_POINT('',(0.0050046767773962,-0.0186632124133362,0.0200662330728123));
#16763=CARTESIAN_POINT('',(0.0050046767773962,-0.0186632843087405,0.0200662746298642));
#16764=CARTESIAN_POINT('',(0.0050046767773962,-0.0182259173974038,0.01981566890239));
#16765=CARTESIAN_POINT('',(0.0050046767773962,-0.018198124130449,0.0198947057445551));
#16766=CARTESIAN_POINT('',(0.0050046767773962,-0.0181771878706174,0.0190492807080209));
#16767=CARTESIAN_POINT('',(0.0050046767773962,-0.0181771970728335,0.0190496545620967));
#16768=CARTESIAN_POINT('',(0.0050046767773962,-0.018198124130449,0.0198947057445551));
#16769=CARTESIAN_POINT('',(0.0050046770273962,-0.0185811900817907,0.0191421221701613));
#16770=CARTESIAN_POINT('',(0.0050046767773962,-0.0185811035596609,0.0191422946438251));
#16771=CARTESIAN_POINT('',(0.0050046767773962,-0.018159672072546,0.019911452264635));
#16772=CARTESIAN_POINT('',(0.0050046767773962,-0.017772203055875,0.0191422946438251));
#16773=CARTESIAN_POINT('',(0.0050046767773962,-0.0177721628736144,0.0191422144272076));
#16774=CARTESIAN_POINT('',(0.0050046767773962,-0.018159672072546,0.019911452264635));
#16775=CARTESIAN_POINT('',(0.0050046767773962,-0.0180822204281913,0.0197558117238939));
#16776=CARTESIAN_POINT('',(0.0050046767773962,-0.0174957271501401,0.0193982433361411));
#16777=CARTESIAN_POINT('',(0.0050046767773962,-0.0174956544918039,0.0193981991510309));
#16778=CARTESIAN_POINT('',(0.0050046767773962,-0.0180822204281913,0.0197558117238939));
#16779=CARTESIAN_POINT('',(0.0050046767773962,-0.0180837512577626,0.0197519518640575));
#16780=CARTESIAN_POINT('',(0.0050046767773962,-0.0173971537607018,0.0197608907732072));
#16781=CARTESIAN_POINT('',(0.0050046767773962,-0.0173974861209545,0.0197608934045762));
#16782=CARTESIAN_POINT('',(0.0050046767773962,-0.0180837512577626,0.0197519518640575));
#16783=CARTESIAN_POINT('',(0.0050046767773962,-0.0180491812815322,0.0197781193539912));
#16784=CARTESIAN_POINT('',(0.0050046767773962,-0.0174835391171727,0.020100445095177));
#16785=CARTESIAN_POINT('',(0.0050046767773962,-0.0174834805089389,0.020100478570872));
#16786=CARTESIAN_POINT('',(0.0050046767773962,-0.0180491812815322,0.0197781193539912));
#16787=CARTESIAN_POINT('',(0.0050046767773962,-0.0179926844784972,0.019810531134281));
#16788=CARTESIAN_POINT('',(0.0050046767773962,-0.0177031412573032,0.0203194020383113));
#16789=CARTESIAN_POINT('',(0.0050046767773962,-0.0177031412573032,0.0203194020383113));
#16790=CARTESIAN_POINT('',(0.0050046767773962,-0.0179926844784972,0.019810531134281));
#16791=CARTESIAN_POINT('',(0.0050046767773962,-0.0175628682440308,0.0203194020383113));
#16792=CARTESIAN_POINT('',(0.0050046767773962,-0.0174219574769162,0.0203194020383113));
#16793=CARTESIAN_POINT('',(0.0050046767773962,-0.0174219574769162,0.0203194020383113));
#16794=CARTESIAN_POINT('',(0.0050046767773962,-0.0175628682440308,0.0203194020383113));
#16795=CARTESIAN_POINT('',(0.0050046767773962,-0.0174219574769162,0.0204453450456414));
#16796=CARTESIAN_POINT('',(0.0050046767773962,-0.0174219574769162,0.0205712880529715));
#16797=CARTESIAN_POINT('',(0.0050046767773962,-0.0174219574769162,0.0205712880529715));
#16798=CARTESIAN_POINT('',(0.0050046767773962,-0.0174219574769162,0.0204453450456414));
#16799=CARTESIAN_POINT('',(0.0050046767773962,-0.0184346333389119,0.0205712880529715));
#16800=CARTESIAN_POINT('',(0.0050046767773962,-0.0194473092009077,0.0205712880529715));
#16801=CARTESIAN_POINT('',(0.0050046767773962,-0.0194473092009077,0.0205712880529715));
#16802=CARTESIAN_POINT('',(0.0050046767773962,-0.0184346333389119,0.0205712880529715));
#16803=CARTESIAN_POINT('',(0.0050046767773962,-0.0194473092009077,0.0204453450456414));
#16804=CARTESIAN_POINT('',(0.0050046767773962,-0.0194473092009077,0.0203194020383113));
#16805=CARTESIAN_POINT('',(0.0050046767773962,-0.0194473092009077,0.0203194020383113));
#16806=CARTESIAN_POINT('',(0.0050046767773962,-0.0194473092009077,0.0204453450456414));
#16807=CARTESIAN_POINT('',(0.0050046767773962,-0.0190504497414769,0.0203194020383113));
#16808=CARTESIAN_POINT('',(0.0050046767773962,-0.018654258838813,0.0203194020383113));
#16809=CARTESIAN_POINT('',(0.0050046767773962,-0.018654258838813,0.0203194020383113));
#16810=CARTESIAN_POINT('',(0.0050046767773962,-0.0190504497414769,0.0203194020383113));
#16811=CARTESIAN_POINT('',(0.0050046767773962,-0.0183442418276816,0.0198234627845964));
#16812=CARTESIAN_POINT('',(0.0050046767773962,-0.0188657048207074,0.0200893261879085));
#16813=CARTESIAN_POINT('',(0.0050046767773962,-0.0188655131214439,0.0200892317045505));
#16814=CARTESIAN_POINT('',(0.0050046767773962,-0.0183442418276816,0.0198234627845964));
#16815=CARTESIAN_POINT('',(0.0050046767773962,-0.0182697211478466,0.0197689161604596));
#16816=CARTESIAN_POINT('',(0.0050046767773962,-0.0189465307235441,0.0197638843251641));
#16817=CARTESIAN_POINT('',(0.0050046767773962,-0.0189463344310576,0.0197638830270707));
#16818=CARTESIAN_POINT('',(0.0050046767773962,-0.0182697211478466,0.0197689161604596));
#16819=CARTESIAN_POINT('',(0.0050046767773962,-0.018238764217294,0.0197526977114867));
#16820=CARTESIAN_POINT('',(0.0050046767773962,-0.0188507370609228,0.0193982433361411));
#16821=CARTESIAN_POINT('',(0.0050046767773962,-0.0188508454398189,0.0193981805871534));
#16822=CARTESIAN_POINT('',(0.0050046767773962,-0.018238764217294,0.0197526977114867));
#16823=CARTESIAN_POINT('',(0.0050046767773962,-0.0182703925901584,0.0197406604201113));
#16824=CARTESIAN_POINT('',(0.0050046767773962,-0.0182703925901584,0.0197406604201113));
#16825=CARTESIAN_POINT('',(0.0050046767773962,-0.0182470506011702,0.019823653954954));
#16826=CARTESIAN_POINT('',(0.00550467677739621,-0.0182470506011702,0.019823653954954));
#16827=CARTESIAN_POINT('',(0.0050046767773962,-0.0182470506011702,0.019823653954954));
#16828=CARTESIAN_POINT('',(0.0050046767773962,-0.0202869122155467,0.0283199242298857));
#16829=CARTESIAN_POINT('',(0.0050046767773962,-0.0181405543716545,0.0180473126499212));
#16830=CARTESIAN_POINT('',(0.00550467677739621,-0.0181405543716545,0.0180473126499212));
#16831=CARTESIAN_POINT('',(0.00550467677739621,-0.01761619560167,0.0180447298035054));
#16832=CARTESIAN_POINT('',(0.00550467677739621,-0.0176790949404931,0.0182966679752369));
#16833=CARTESIAN_POINT('',(0.0050046767773962,-0.0176161107038359,0.0180447302013369));
#16834=CARTESIAN_POINT('',(0.0050046767773962,-0.01761619560167,0.0180447298035054));
#16835=CARTESIAN_POINT('',(0.0050046767773962,-0.0181405543716545,0.0180473126499212));
#16836=CARTESIAN_POINT('',(0.0050046770273962,-0.0176790949575744,0.0182966680063908));
#16837=CARTESIAN_POINT('',(0.0050046767773962,-0.0176791891200709,0.0182966162159971));
#16838=CARTESIAN_POINT('',(0.0050046767773962,-0.0181191554966826,0.0180393153259873));
#16839=CARTESIAN_POINT('',(0.00550467677739621,-0.0181191554966826,0.0180393153259873));
#16840=CARTESIAN_POINT('',(0.00550467677739621,-0.0176775532126604,0.0177985396293335));
#16841=CARTESIAN_POINT('',(0.0050046767773962,-0.0176776923440924,0.0177986174654506));
#16842=CARTESIAN_POINT('',(0.0050046767773962,-0.0176775532126604,0.0177985396293335));
#16843=CARTESIAN_POINT('',(0.0050046767773962,-0.0181191554966826,0.0180393153259873));
#16844=CARTESIAN_POINT('',(0.0050046767773962,-0.0180655979710004,0.0180182628676785));
#16845=CARTESIAN_POINT('',(0.00550467677739621,-0.0180655979710004,0.0180182628676785));
#16846=CARTESIAN_POINT('',(0.00550467677739621,-0.0178652169916791,0.0176192181731756));
#16847=CARTESIAN_POINT('',(0.0050046767773962,-0.0178652169916791,0.0176192181731756));
#16848=CARTESIAN_POINT('',(0.0050046767773962,-0.0178652169916791,0.0176192181731756));
#16849=CARTESIAN_POINT('',(0.0050046767773962,-0.0180655979710004,0.0180182628676785));
#16850=CARTESIAN_POINT('',(0.0050046767773962,-0.0181746219689401,0.0175520770792849));
#16851=CARTESIAN_POINT('',(0.00550467677739621,-0.0181746219689401,0.0175520770792849));
#16852=CARTESIAN_POINT('',(0.0050046767773962,-0.0180523139889861,0.0175520770792849));
#16853=CARTESIAN_POINT('',(0.00550467677739621,-0.0180523139889861,0.0175520770792849));
#16854=CARTESIAN_POINT('',(0.0050046767773962,-0.0179491789965658,0.0175744574439151));
#16855=CARTESIAN_POINT('',(0.00550467677739621,-0.0179491789965658,0.0175744574439151));
#16856=CARTESIAN_POINT('',(0.0050046767773962,-0.0178652169916791,0.0176192181731756));
#16857=CARTESIAN_POINT('',(0.00550467677739621,-0.0178652169916791,0.0176192181731756));
#16858=CARTESIAN_POINT('',(0.00550467677739621,-0.0181746219689401,0.0175520770792849));
#16859=CARTESIAN_POINT('',(0.00550467677739621,-0.0179911599990092,0.0175520770792849));
#16860=CARTESIAN_POINT('',(0.00550467677739621,-0.0178652169916791,0.0176192181731756));
#16861=CARTESIAN_POINT('',(0.00550467677739621,-0.0181746219689401,0.0175520770792849));
#16862=CARTESIAN_POINT('',(0.0050046767773962,-0.0181746219689401,0.0175520770792849));
#16863=CARTESIAN_POINT('',(0.0050046767773962,-0.0181746219689401,0.0175520770792849));
#16864=CARTESIAN_POINT('',(0.0050046767773962,-0.0181746219689401,0.0175520770792849));
#16865=CARTESIAN_POINT('',(0.0050046767773962,-0.0179911599990092,0.0175520770792849));
#16866=CARTESIAN_POINT('',(0.0050046767773962,-0.0178652169916791,0.0176192181731756));
#16867=CARTESIAN_POINT('',(0.0050046767773962,-0.0181963697727753,0.0181898975198404));
#16868=CARTESIAN_POINT('',(0.00550467677739621,-0.0181963697727753,0.0181898975198404));
#16869=CARTESIAN_POINT('',(0.00550467677739621,-0.0184811144810057,0.0176203339137027));
#16870=CARTESIAN_POINT('',(0.0050046767773962,-0.0184810333942441,0.0176205011240143));
#16871=CARTESIAN_POINT('',(0.0050046767773962,-0.0184811144810057,0.0176203339137027));
#16872=CARTESIAN_POINT('',(0.0050046767773962,-0.0181963697727753,0.0181898975198404));
#16873=CARTESIAN_POINT('',(0.0050046767773962,-0.0182748128070041,0.0180221499880279));
#16874=CARTESIAN_POINT('',(0.00550467677739621,-0.0182748128070041,0.0180221499880279));
#16875=CARTESIAN_POINT('',(0.00550467677739621,-0.0186686884043366,0.0178026073046755));
#16876=CARTESIAN_POINT('',(0.0050046767773962,-0.0186685580418307,0.0178026801431064));
#16877=CARTESIAN_POINT('',(0.0050046767773962,-0.0186686884043366,0.0178026073046755));
#16878=CARTESIAN_POINT('',(0.0050046767773962,-0.0182748128070041,0.0180221499880279));
#16879=CARTESIAN_POINT('',(0.0050046767773962,-0.0182124372781568,0.0180469574032118));
#16880=CARTESIAN_POINT('',(0.00550467677739621,-0.0182124372781568,0.0180469574032118));
#16881=CARTESIAN_POINT('',(0.00550467677739621,-0.0187300379753563,0.0180532820359349));
#16882=CARTESIAN_POINT('',(0.0050046767773962,-0.0187301396820872,0.018053283206928));
#16883=CARTESIAN_POINT('',(0.0050046767773962,-0.0187300379753563,0.0180532820359349));
#16884=CARTESIAN_POINT('',(0.0050046767773962,-0.0182124372781568,0.0180469574032118));
#16885=CARTESIAN_POINT('',(0.0050046767773962,-0.0182112834776323,0.0180572744795946));
#16886=CARTESIAN_POINT('',(0.00550467677739621,-0.0182112834776323,0.0180572744795946));
#16887=CARTESIAN_POINT('',(0.00550467677739621,-0.0186686892415684,0.018302247705777));
#16888=CARTESIAN_POINT('',(0.0050046767773962,-0.0186685580418307,0.0183021756696314));
#16889=CARTESIAN_POINT('',(0.0050046767773962,-0.0186686892415684,0.018302247705777));
#16890=CARTESIAN_POINT('',(0.0050046767773962,-0.0182112834776323,0.0180572744795946));
#16891=CARTESIAN_POINT('',(0.0050046767773962,-0.0182607410185721,0.0180772999294589));
#16892=CARTESIAN_POINT('',(0.00550467677739621,-0.0182607410185721,0.0180772999294589));
#16893=CARTESIAN_POINT('',(0.00550467677739621,-0.0184811173686276,0.0184885828629963));
#16894=CARTESIAN_POINT('',(0.0050046767773962,-0.0184810333942441,0.0184884173663793));
#16895=CARTESIAN_POINT('',(0.0050046767773962,-0.0184811173686276,0.0184885828629963));
#16896=CARTESIAN_POINT('',(0.0050046767773962,-0.0182607410185721,0.0180772999294589));
#16897=CARTESIAN_POINT('',(0.0050046767773962,-0.018195920824344,0.0179425075691243));
#16898=CARTESIAN_POINT('',(0.00550467677739621,-0.018195920824344,0.0179425075691243));
#16899=CARTESIAN_POINT('',(0.00550467677739621,-0.0181745865129562,0.0185587996614061));
#16900=CARTESIAN_POINT('',(0.0050046767773962,-0.0181745831586342,0.0185587995454533));
#16901=CARTESIAN_POINT('',(0.0050046767773962,-0.0181745865129562,0.0185587996614061));
#16902=CARTESIAN_POINT('',(0.0050046767773962,-0.018195920824344,0.0179425075691243));
#16903=CARTESIAN_POINT('',(0.0050046767773962,-0.0181535729544948,0.0179529308046794));
#16904=CARTESIAN_POINT('',(0.00550467677739621,-0.0181535729544948,0.0179529308046794));
#16905=CARTESIAN_POINT('',(0.00550467677739621,-0.017868112015949,0.0184871099026465));
#16906=CARTESIAN_POINT('',(0.0050046767773962,-0.017868210543636,0.0184869205904009));
#16907=CARTESIAN_POINT('',(0.0050046767773962,-0.017868112015949,0.0184871099026465));
#16908=CARTESIAN_POINT('',(0.0050046767773962,-0.0181535729544948,0.0179529308046794));
#16909=CARTESIAN_POINT('',(0.0050046767773962,-0.0181643031507375,0.0180333214149231));
#16910=CARTESIAN_POINT('',(0.0050046767773962,-0.0173975348274456,0.0180443067560503));
#16911=CARTESIAN_POINT('',(0.0050046767773962,-0.0173975348274456,0.0180443067560503));
#16912=CARTESIAN_POINT('',(0.0050046767773962,-0.0181643031507375,0.0180333214149231));
#16913=CARTESIAN_POINT('',(0.0050046767773962,-0.0174928346052637,0.0176632040677148));
#16914=CARTESIAN_POINT('',(0.0050046767773962,-0.0174929474233229,0.0176632661519702));
#16915=CARTESIAN_POINT('',(0.0050046767773962,-0.0181940942911546,0.0180560038871928));
#16916=CARTESIAN_POINT('',(0.0050046767773962,-0.0174929474233229,0.0184336781305957));
#16917=CARTESIAN_POINT('',(0.0050046767773962,-0.0174928370576542,0.018433737341829));
#16918=CARTESIAN_POINT('',(0.0050046767773962,-0.0181940942911546,0.0180560038871928));
#16919=CARTESIAN_POINT('',(0.0050046767773962,-0.018116789417133,0.0180937318919062));
#16920=CARTESIAN_POINT('',(0.0050046767773962,-0.017765360651402,0.0187114369871693));
#16921=CARTESIAN_POINT('',(0.0050046767773962,-0.0177652648074587,0.0187116109274874));
#16922=CARTESIAN_POINT('',(0.0050046767773962,-0.018116789417133,0.0180937318919062));
#16923=CARTESIAN_POINT('',(0.0050046767773962,-0.0181554021961897,0.0180131867603633));
#16924=CARTESIAN_POINT('',(0.0050046767773962,-0.0181746219689401,0.0188140730542635));
#16925=CARTESIAN_POINT('',(0.0050046767773962,-0.0181746157612632,0.0188136914537649));
#16926=CARTESIAN_POINT('',(0.0050046767773962,-0.0181554021961897,0.0180131867603633));
#16927=CARTESIAN_POINT('',(0.0050046767773962,-0.0181950505218292,0.0180035554680866));
#16928=CARTESIAN_POINT('',(0.0050046767773962,-0.0185823865104995,0.0187142167139865));
#16929=CARTESIAN_POINT('',(0.0050046767773962,-0.0185824922863995,0.0187144128248174));
#16930=CARTESIAN_POINT('',(0.0050046767773962,-0.0181950505218292,0.0180035554680866));
#16931=CARTESIAN_POINT('',(0.0050046767773962,-0.0182462397357067,0.0181112513238793));
#16932=CARTESIAN_POINT('',(0.0050046767773962,-0.0188520200117616,0.0184418034859074));
#16933=CARTESIAN_POINT('',(0.0050046767773962,-0.0188521549646351,0.0184418760960018));
#16934=CARTESIAN_POINT('',(0.0050046767773962,-0.0182462397357067,0.0181112513238793));
#16935=CARTESIAN_POINT('',(0.0050046767773962,-0.0181563539810465,0.0180684037409271));
#16936=CARTESIAN_POINT('',(0.0050046767773962,-0.0189461038652783,0.0180558558838433));
#16937=CARTESIAN_POINT('',(0.0050046767773962,-0.0189461039191458,0.0180558524962196));
#16938=CARTESIAN_POINT('',(0.0050046767773962,-0.0181563539810465,0.0180684037409271));
#16939=CARTESIAN_POINT('',(0.0050046767773962,-0.0181563539810532,0.0180432944762814));
#16940=CARTESIAN_POINT('',(0.0050046767773962,-0.0188520200117616,0.0176698947313033));
#16941=CARTESIAN_POINT('',(0.0050046767773962,-0.0188521551862027,0.0176698225216081));
#16942=CARTESIAN_POINT('',(0.0050046767773962,-0.0181563539810532,0.0180432944762814));
#16943=CARTESIAN_POINT('',(0.0050046767773962,-0.0182485475391703,0.0179998722250865));
#16944=CARTESIAN_POINT('',(0.0050046767773962,-0.0185811035596609,0.0173974815032242));
#16945=CARTESIAN_POINT('',(0.0050046767773962,-0.0185811806271836,0.0173973380134615));
#16946=CARTESIAN_POINT('',(0.0050046767773962,-0.0182485475391703,0.0179998722250865));
#16947=CARTESIAN_POINT('',(0.0050046767773962,-0.0181931400297902,0.0181095582780866));
#16948=CARTESIAN_POINT('',(0.0050046767773962,-0.0181746219689401,0.0172976251629472));
#16949=CARTESIAN_POINT('',(0.0050046767773962,-0.018174627420213,0.0172979924303079));
#16950=CARTESIAN_POINT('',(0.0050046767773962,-0.0181931400297902,0.0181095582780866));
#16951=CARTESIAN_POINT('',(0.0050046767773962,-0.0181544099771943,0.0181337826238117));
#16952=CARTESIAN_POINT('',(0.0050046767773962,-0.017765360651402,0.0173949156015469));
#16953=CARTESIAN_POINT('',(0.0050046767773962,-0.0177652667085801,0.0173947351599151));
#16954=CARTESIAN_POINT('',(0.0050046767773962,-0.0181544099771943,0.0181337826238117));
#16955=CARTESIAN_POINT('',(0.0050046767773962,-0.018088192176643,0.0179957805742809));
#16956=CARTESIAN_POINT('',(0.0050046767773962,-0.018088192176643,0.0179957805742809));
#16957=CARTESIAN_POINT('',(0.0050046767773962,-0.0181006541163052,0.0180655311511117));
#16958=CARTESIAN_POINT('',(0.00550467677739621,-0.0181006541163052,0.0180655311511117));
#16959=CARTESIAN_POINT('',(0.0050046767773962,-0.0181006541163052,0.0180655311511117));
#16960=CARTESIAN_POINT('',(0.0050046767773962,-0.0202869122155467,0.0283199242298857));
#16961=CARTESIAN_POINT('',(0.0050046767773962,-0.0181968499162167,0.0164876688275001));
#16962=CARTESIAN_POINT('',(0.0050046767773962,-0.0181742791315854,0.0156370118870665));
#16963=CARTESIAN_POINT('',(0.0050046767773962,-0.0181742791315854,0.0156370118870666));
#16964=CARTESIAN_POINT('',(0.0050046767773962,-0.0181968499162167,0.0164876688275001));
#16965=CARTESIAN_POINT('',(0.0050046770273962,-0.0185812141906587,0.0157289964573532));
#16966=CARTESIAN_POINT('',(0.0050046767773962,-0.0185811035596609,0.0157292177626645));
#16967=CARTESIAN_POINT('',(0.0050046767773962,-0.0181517851547803,0.0165024725273848));
#16968=CARTESIAN_POINT('',(0.0050046767773962,-0.0177640777005634,0.0157292177626645));
#16969=CARTESIAN_POINT('',(0.0050046767773962,-0.0177639709628533,0.0157290016382698));
#16970=CARTESIAN_POINT('',(0.0050046767773962,-0.0181517851547803,0.0165024725273848));
#16971=CARTESIAN_POINT('',(0.0050046767773962,-0.0180692176094959,0.0163213151006635));
#16972=CARTESIAN_POINT('',(0.0050046767773962,-0.0174929474233229,0.0159879461817977));
#16973=CARTESIAN_POINT('',(0.0050046767773962,-0.0174927540860168,0.0159878369403888));
#16974=CARTESIAN_POINT('',(0.0050046767773962,-0.0180692176094959,0.0163213151006635));
#16975=CARTESIAN_POINT('',(0.0050046767773962,-0.0181414342637809,0.0163514726481595));
#16976=CARTESIAN_POINT('',(0.0050046767773962,-0.0173971537607018,0.0163670581546268));
#16977=CARTESIAN_POINT('',(0.0050046767773962,-0.0173971537607018,0.0163670581546268));
#16978=CARTESIAN_POINT('',(0.0050046767773962,-0.0181414342637809,0.0163514726481595));
#16979=CARTESIAN_POINT('',(0.0050046767773962,-0.0175354986261391,0.0168186568498411));
#16980=CARTESIAN_POINT('',(0.00550467677739621,-0.0175354986261391,0.0168186568498411));
#16981=CARTESIAN_POINT('',(0.0050046767773962,-0.0174432687158475,0.0166983445711918));
#16982=CARTESIAN_POINT('',(0.00550467677739621,-0.0174432687158475,0.0166983445711918));
#16983=CARTESIAN_POINT('',(0.0050046767773962,-0.0173971537607018,0.0165478116727871));
#16984=CARTESIAN_POINT('',(0.00550467677739621,-0.0173971537607018,0.0165478116727871));
#16985=CARTESIAN_POINT('',(0.0050046767773962,-0.0173971537607018,0.0163670581546268));
#16986=CARTESIAN_POINT('',(0.00550467677739621,-0.0173971537607018,0.0163670581546268));
#16987=CARTESIAN_POINT('',(0.0050046767773962,-0.0175354986261391,0.0168186568498411));
#16988=CARTESIAN_POINT('',(0.0050046767773962,-0.0175354986261391,0.0168186568498411));
#16989=CARTESIAN_POINT('',(0.0050046767773962,-0.0175354986261391,0.0168186568498411));
#16990=CARTESIAN_POINT('',(0.0050046767773962,-0.0173971537607018,0.0166381884318672));
#16991=CARTESIAN_POINT('',(0.0050046767773962,-0.0173971537607018,0.0163670581546268));
#16992=CARTESIAN_POINT('',(0.0050046767773962,-0.0180595193167268,0.0164176975584903));
#16993=CARTESIAN_POINT('',(0.0050046767773962,-0.0179034916916996,0.0170589395678907));
#16994=CARTESIAN_POINT('',(0.0050046767773962,-0.0179034916916996,0.0170589395678907));
#16995=CARTESIAN_POINT('',(0.0050046767773962,-0.0180595193167268,0.0164176975584903));
#16996=CARTESIAN_POINT('',(0.0050046767773962,-0.0179034916916996,0.0169253555945911));
#16997=CARTESIAN_POINT('',(0.0050046767773962,-0.0179034916916996,0.0167907331753356));
#16998=CARTESIAN_POINT('',(0.0050046767773962,-0.0179034916916996,0.0167907331753356));
#16999=CARTESIAN_POINT('',(0.0050046767773962,-0.0179034916916996,0.0169253555945911));
#17000=CARTESIAN_POINT('',(0.0050046767773962,-0.0180003117061325,0.0164141640440211));
#17001=CARTESIAN_POINT('',(0.0050046767773962,-0.0176847485737052,0.0166407543335446));
#17002=CARTESIAN_POINT('',(0.0050046767773962,-0.0176844275228531,0.0166409728032149));
#17003=CARTESIAN_POINT('',(0.0050046767773962,-0.0180003117061325,0.0164141640440211));
#17004=CARTESIAN_POINT('',(0.0050046767773962,-0.0180753309197509,0.016386414748287));
#17005=CARTESIAN_POINT('',(0.0050046767773962,-0.0176079853485244,0.0163670581546268));
#17006=CARTESIAN_POINT('',(0.0050046767773962,-0.017608453464238,0.0163670738277144));
#17007=CARTESIAN_POINT('',(0.0050046767773962,-0.0180753309197509,0.016386414748287));
#17008=CARTESIAN_POINT('',(0.0050046767773962,-0.0180471517054501,0.0163495179298172));
#17009=CARTESIAN_POINT('',(0.0050046767773962,-0.017755738520112,0.0160221582041625));
#17010=CARTESIAN_POINT('',(0.0050046767773962,-0.017755738520112,0.0160221582041625));
#17011=CARTESIAN_POINT('',(0.0050046767773962,-0.0180471517054501,0.0163495179298172));
#17012=CARTESIAN_POINT('',(0.0050046767773962,-0.0181746219689401,0.015890655743198));
#17013=CARTESIAN_POINT('',(0.00550467677739621,-0.0181746219689401,0.015890655743198));
#17014=CARTESIAN_POINT('',(0.0050046767773962,-0.0179938684507797,0.015890655743198));
#17015=CARTESIAN_POINT('',(0.00550467677739621,-0.0179938684507797,0.015890655743198));
#17016=CARTESIAN_POINT('',(0.0050046767773962,-0.0178542406345037,0.0159344898968528));
#17017=CARTESIAN_POINT('',(0.00550467677739621,-0.0178542406345037,0.0159344898968528));
#17018=CARTESIAN_POINT('',(0.0050046767773962,-0.017755738520112,0.0160221582041625));
#17019=CARTESIAN_POINT('',(0.00550467677739621,-0.017755738520112,0.0160221582041625));
#17020=CARTESIAN_POINT('',(0.0050046767773962,-0.0181746219689401,0.015890655743198));
#17021=CARTESIAN_POINT('',(0.0050046767773962,-0.0181746219689401,0.015890655743198));
#17022=CARTESIAN_POINT('',(0.0050046767773962,-0.0181746219689401,0.015890655743198));
#17023=CARTESIAN_POINT('',(0.0050046767773962,-0.0179034916916996,0.015890655743198));
#17024=CARTESIAN_POINT('',(0.0050046767773962,-0.017755738520112,0.0160221582041625));
#17025=CARTESIAN_POINT('',(0.0050046767773962,-0.0185892289149725,0.0160221582041625));
#17026=CARTESIAN_POINT('',(0.00550467677739621,-0.0185892289149725,0.0160221582041625));
#17027=CARTESIAN_POINT('',(0.0050046767773962,-0.0184915821011399,0.0159344898968528));
#17028=CARTESIAN_POINT('',(0.00550467677739621,-0.0184915821011399,0.0159344898968528));
#17029=CARTESIAN_POINT('',(0.0050046767773962,-0.0183533797857957,0.015890655743198));
#17030=CARTESIAN_POINT('',(0.00550467677739621,-0.0183533797857957,0.015890655743198));
#17031=CARTESIAN_POINT('',(0.0050046767773962,-0.0181746219689401,0.015890655743198));
#17032=CARTESIAN_POINT('',(0.00550467677739621,-0.0181746219689401,0.015890655743198));
#17033=CARTESIAN_POINT('',(0.0050046767773962,-0.0185892289149725,0.0160221582041625));
#17034=CARTESIAN_POINT('',(0.0050046767773962,-0.0185892289149725,0.0160221582041625));
#17035=CARTESIAN_POINT('',(0.0050046767773962,-0.0185892289149725,0.0160221582041625));
#17036=CARTESIAN_POINT('',(0.0050046767773962,-0.0184427586942236,0.015890655743198));
#17037=CARTESIAN_POINT('',(0.0050046767773962,-0.0181746219689401,0.015890655743198));
#17038=CARTESIAN_POINT('',(0.0050046767773962,-0.0182946740888632,0.0163491280058224));
#17039=CARTESIAN_POINT('',(0.0050046767773962,-0.0187356991357214,0.0163670581546268));
#17040=CARTESIAN_POINT('',(0.0050046767773962,-0.0187352187164921,0.0163670404513714));
#17041=CARTESIAN_POINT('',(0.0050046767773962,-0.0182946740888632,0.0163491280058224));
#17042=CARTESIAN_POINT('',(0.0050046767773962,-0.0182739272064492,0.0163853682337875));
#17043=CARTESIAN_POINT('',(0.0050046767773962,-0.0186563700088632,0.0166420372843833));
#17044=CARTESIAN_POINT('',(0.0050046767773962,-0.018656667980106,0.0166422327683401));
#17045=CARTESIAN_POINT('',(0.0050046767773962,-0.0182739272064492,0.0163853682337875));
#17046=CARTESIAN_POINT('',(0.0050046767773962,-0.0183429012874687,0.0164182486415079));
#17047=CARTESIAN_POINT('',(0.0050046767773962,-0.0184401927925462,0.0167909863678029));
#17048=CARTESIAN_POINT('',(0.0050046767773962,-0.0184401927925462,0.0167909863678029));
#17049=CARTESIAN_POINT('',(0.0050046767773962,-0.0183429012874687,0.0164182486415079));
#17050=CARTESIAN_POINT('',(0.0050046767773962,-0.0184401927925462,0.0169253555945911));
#17051=CARTESIAN_POINT('',(0.0050046767773962,-0.0184401927925462,0.0170585531136378));
#17052=CARTESIAN_POINT('',(0.0050046767773962,-0.0184401927925462,0.0170585531136378));
#17053=CARTESIAN_POINT('',(0.0050046767773962,-0.0184401927925462,0.0169253555945911));
#17054=CARTESIAN_POINT('',(0.0050046767773962,-0.0183104977029238,0.016440824898387));
#17055=CARTESIAN_POINT('',(0.0050046767773962,-0.0188124623609023,0.016822719527497));
#17056=CARTESIAN_POINT('',(0.0050046767773962,-0.0188124623609023,0.016822719527497));
#17057=CARTESIAN_POINT('',(0.0050046767773962,-0.0183104977029238,0.016440824898387));
#17058=CARTESIAN_POINT('',(0.0050046767773962,-0.0189465307235441,0.0163670581546268));
#17059=CARTESIAN_POINT('',(0.00550467677739621,-0.0189465307235441,0.0163670581546268));
#17060=CARTESIAN_POINT('',(0.0050046767773962,-0.0189465307235441,0.0165512328750235));
#17061=CARTESIAN_POINT('',(0.00550467677739621,-0.0189465307235441,0.0165512328750235));
#17062=CARTESIAN_POINT('',(0.0050046767773962,-0.0189018412693301,0.0167031199993136));
#17063=CARTESIAN_POINT('',(0.00550467677739621,-0.0189018412693301,0.0167031199993136));
#17064=CARTESIAN_POINT('',(0.0050046767773962,-0.0188124623609023,0.016822719527497));
#17065=CARTESIAN_POINT('',(0.00550467677739621,-0.0188124623609023,0.016822719527497));
#17066=CARTESIAN_POINT('',(0.0050046767773962,-0.0189465307235441,0.0163670581546268));
#17067=CARTESIAN_POINT('',(0.0050046767773962,-0.0189465307235441,0.0163670581546268));
#17068=CARTESIAN_POINT('',(0.0050046767773962,-0.0189465307235441,0.0163670581546268));
#17069=CARTESIAN_POINT('',(0.0050046767773962,-0.0189465307235441,0.0166433202352219));
#17070=CARTESIAN_POINT('',(0.0050046767773962,-0.0188124623609023,0.016822719527497));
#17071=CARTESIAN_POINT('',(0.0050046767773962,-0.0182022502204649,0.0163514726481595));
#17072=CARTESIAN_POINT('',(0.0050046767773962,-0.0188507370609228,0.0159879461817977));
#17073=CARTESIAN_POINT('',(0.0050046767773962,-0.0188509312289656,0.0159878383822377));
#17074=CARTESIAN_POINT('',(0.0050046767773962,-0.0182022502204649,0.0163514726481595));
#17075=CARTESIAN_POINT('',(0.0050046767773962,-0.0182720848370086,0.0163218566598127));
#17076=CARTESIAN_POINT('',(0.0050046767773962,-0.0182720848370086,0.0163218566598127));
#17077=CARTESIAN_POINT('',(0.0050046767773962,-0.0202869122155467,0.0283199242298857));
#17078=CARTESIAN_POINT('',(0.00550467677739621,-0.0148386782508162,0.0691));
#17079=CARTESIAN_POINT('',(0.00550467677739621,-0.0148386782508162,0.0691));
#17080=CARTESIAN_POINT('',(0.00550467677739621,-0.0148386782508162,0.0691));
#17081=CARTESIAN_POINT('',(0.0050046767773962,-0.02344491848421,0.0352062795708028));
#17082=CARTESIAN_POINT('',(0.0050046767773962,-0.0241311587176037,0.035420546196285));
#17083=CARTESIAN_POINT('',(0.0050046767773962,-0.0241311587176037,0.035420546196285));
#17084=CARTESIAN_POINT('',(0.0050046767773962,-0.02344491848421,0.0352062795708028));
#17085=CARTESIAN_POINT('',(0.0050046767773962,-0.0227586782508163,0.0349920129453206));
#17086=CARTESIAN_POINT('',(0.0050046767773962,-0.0227586782508163,0.0349920129453206));
#17087=CARTESIAN_POINT('',(0.0050046767773962,-0.0241311587176037,0.0353078360809628));
#17088=CARTESIAN_POINT('',(0.0050046767773962,-0.0241311587176037,0.0351951259656407));
#17089=CARTESIAN_POINT('',(0.0050046767773962,-0.0241311587176037,0.0351951259656407));
#17090=CARTESIAN_POINT('',(0.0050046767773962,-0.0241311587176037,0.0353078360809628));
#17091=CARTESIAN_POINT('',(0.0050046767773962,-0.0235539107311448,0.0350397582025056));
#17092=CARTESIAN_POINT('',(0.0050046767773962,-0.0229766627446858,0.0348843904393706));
#17093=CARTESIAN_POINT('',(0.0050046767773962,-0.0229766627446858,0.0348843904393706));
#17094=CARTESIAN_POINT('',(0.0050046767773962,-0.0235539107311448,0.0350397582025056));
#17095=CARTESIAN_POINT('',(0.0050046767773962,-0.0235539107311448,0.0347178690710735));
#17096=CARTESIAN_POINT('',(0.0050046767773962,-0.0241311587176037,0.0345513477027763));
#17097=CARTESIAN_POINT('',(0.0050046767773962,-0.0241311587176037,0.0345513477027763));
#17098=CARTESIAN_POINT('',(0.0050046767773962,-0.0235539107311448,0.0347178690710735));
#17099=CARTESIAN_POINT('',(0.0050046767773962,-0.0241311587176037,0.0344349197190668));
#17100=CARTESIAN_POINT('',(0.0050046767773962,-0.0241311587176037,0.0343184917353573));
#17101=CARTESIAN_POINT('',(0.0050046767773962,-0.0241311587176037,0.0343184917353573));
#17102=CARTESIAN_POINT('',(0.0050046767773962,-0.0241311587176037,0.0344349197190668));
#17103=CARTESIAN_POINT('',(0.0050046767773962,-0.0235550847948461,0.0341480568213892));
#17104=CARTESIAN_POINT('',(0.0050046767773962,-0.0229790108720884,0.0339776219074211));
#17105=CARTESIAN_POINT('',(0.0050046767773962,-0.0229790108720884,0.0339776219074211));
#17106=CARTESIAN_POINT('',(0.0050046767773962,-0.0235550847948461,0.0341480568213892));
#17107=CARTESIAN_POINT('',(0.0050046767773962,-0.0235550847948461,0.0338199060168835));
#17108=CARTESIAN_POINT('',(0.0050046767773962,-0.0241311587176037,0.033662190126346));
#17109=CARTESIAN_POINT('',(0.0050046767773962,-0.0241311587176037,0.033662190126346));
#17110=CARTESIAN_POINT('',(0.0050046767773962,-0.0235550847948461,0.0338199060168835));
#17111=CARTESIAN_POINT('',(0.0050046767773962,-0.0241311587176037,0.0335457621426365));
#17112=CARTESIAN_POINT('',(0.0050046767773962,-0.0241311587176037,0.0334293341589269));
#17113=CARTESIAN_POINT('',(0.0050046767773962,-0.0241311587176037,0.0334293341589269));
#17114=CARTESIAN_POINT('',(0.0050046767773962,-0.0241311587176037,0.0335457621426365));
#17115=CARTESIAN_POINT('',(0.0050046767773962,-0.02344491848421,0.0336447748481104));
#17116=CARTESIAN_POINT('',(0.0050046767773962,-0.0227586782508163,0.0338602155372939));
#17117=CARTESIAN_POINT('',(0.0050046767773962,-0.0227586782508163,0.0338602155372939));
#17118=CARTESIAN_POINT('',(0.0050046767773962,-0.02344491848421,0.0336447748481104));
#17119=CARTESIAN_POINT('',(0.0050046767773962,-0.0227586782508163,0.0339778175847047));
#17120=CARTESIAN_POINT('',(0.0050046767773962,-0.0227586782508163,0.0340954196321155));
#17121=CARTESIAN_POINT('',(0.0050046767773962,-0.0227586782508163,0.0340954196321155));
#17122=CARTESIAN_POINT('',(0.0050046767773962,-0.0227586782508163,0.0339778175847047));
#17123=CARTESIAN_POINT('',(0.0050046767773962,-0.0233034438082067,0.0342607669367114));
#17124=CARTESIAN_POINT('',(0.0050046767773962,-0.023848209365597,0.0344261142413073));
#17125=CARTESIAN_POINT('',(0.0050046767773962,-0.023848209365597,0.0344261142413073));
#17126=CARTESIAN_POINT('',(0.0050046767773962,-0.0233034438082067,0.0342607669367114));
#17127=CARTESIAN_POINT('',(0.0050046767773962,-0.0233034438082067,0.0345914615459031));
#17128=CARTESIAN_POINT('',(0.0050046767773962,-0.0227586782508163,0.034756808850499));
#17129=CARTESIAN_POINT('',(0.0050046767773962,-0.0227586782508163,0.034756808850499));
#17130=CARTESIAN_POINT('',(0.0050046767773962,-0.0233034438082067,0.0345914615459031));
#17131=CARTESIAN_POINT('',(0.0050046767773962,-0.0227586782508163,0.0348744108979098));
#17132=CARTESIAN_POINT('',(0.0050046767773962,-0.0227586782508163,0.0348744108979098));
#17133=CARTESIAN_POINT('',(0.0050046767773962,-0.0202869122155467,0.0340393241846356));
#17134=CARTESIAN_POINT('',(0.0050046767773962,-0.0237120373120548,0.0362660181109114));
#17135=CARTESIAN_POINT('',(0.0050046767773962,-0.0239081739983822,0.0358737347849762));
#17136=CARTESIAN_POINT('',(0.0050046767773962,-0.023908477968929,0.0358737347849762));
#17137=CARTESIAN_POINT('',(0.0050046767773962,-0.0237120373120548,0.0362660181109114));
#17138=CARTESIAN_POINT('',(0.0050046770273962,-0.0240913549817698,0.0360451756996488));
#17139=CARTESIAN_POINT('',(0.0050046767773962,-0.0240910448744769,0.0360453437626456));
#17140=CARTESIAN_POINT('',(0.0050046767773962,-0.0240198183432664,0.0358737347849762));
#17141=CARTESIAN_POINT('',(0.0050046767773962,-0.0241311587176037,0.0358737347849762));
#17142=CARTESIAN_POINT('',(0.0050046767773962,-0.0241311587176037,0.0358737347849762));
#17143=CARTESIAN_POINT('',(0.0050046767773962,-0.0240198183432664,0.0358737347849762));
#17144=CARTESIAN_POINT('',(0.0050046767773962,-0.0241311587176037,0.0357598506059527));
#17145=CARTESIAN_POINT('',(0.0050046767773962,-0.0241311587176037,0.0356459664269293));
#17146=CARTESIAN_POINT('',(0.0050046767773962,-0.0241311587176037,0.0356459664269293));
#17147=CARTESIAN_POINT('',(0.0050046767773962,-0.0241311587176037,0.0357598506059527));
#17148=CARTESIAN_POINT('',(0.0050046767773962,-0.02344491848421,0.0356459664269293));
#17149=CARTESIAN_POINT('',(0.0050046767773962,-0.0227586782508163,0.0356459664269293));
#17150=CARTESIAN_POINT('',(0.0050046767773962,-0.0227586782508163,0.0356459664269293));
#17151=CARTESIAN_POINT('',(0.0050046767773962,-0.02344491848421,0.0356459664269293));
#17152=CARTESIAN_POINT('',(0.0050046767773962,-0.0227586782508163,0.0357598506059527));
#17153=CARTESIAN_POINT('',(0.0050046767773962,-0.0227586782508163,0.0358737347849762));
#17154=CARTESIAN_POINT('',(0.0050046767773962,-0.0227586782508163,0.0358737347849762));
#17155=CARTESIAN_POINT('',(0.0050046767773962,-0.0227586782508163,0.0357598506059527));
#17156=CARTESIAN_POINT('',(0.0050046767773962,-0.0231318348305374,0.0358737347849762));
#17157=CARTESIAN_POINT('',(0.0050046767773962,-0.0235049914102585,0.0358737347849762));
#17158=CARTESIAN_POINT('',(0.0050046767773962,-0.0235049914102585,0.0358737347849762));
#17159=CARTESIAN_POINT('',(0.0050046767773962,-0.0231318348305374,0.0358737347849762));
#17160=CARTESIAN_POINT('',(0.0050046767773962,-0.023921001315076,0.0362568709061581));
#17161=CARTESIAN_POINT('',(0.00550467677739621,-0.023921001315076,0.0362568709061581));
#17162=CARTESIAN_POINT('',(0.0050046767773962,-0.023921001315076,0.0360014468253702));
#17163=CARTESIAN_POINT('',(0.00550467677739621,-0.023921001315076,0.0360014468253702));
#17164=CARTESIAN_POINT('',(0.0050046767773962,-0.0237823313468035,0.0358737347849762));
#17165=CARTESIAN_POINT('',(0.00550467677739621,-0.0237823313468035,0.0358737347849762));
#17166=CARTESIAN_POINT('',(0.0050046767773962,-0.0235049914102585,0.0358737347849762));
#17167=CARTESIAN_POINT('',(0.00550467677739621,-0.0235049914102585,0.0358737347849762));
#17168=CARTESIAN_POINT('',(0.0050046767773962,-0.023921001315076,0.0362568709061581));
#17169=CARTESIAN_POINT('',(0.0050046767773962,-0.023921001315076,0.0362568709061581));
#17170=CARTESIAN_POINT('',(0.0050046767773962,-0.023921001315076,0.0362568709061581));
#17171=CARTESIAN_POINT('',(0.0050046767773962,-0.023921001315076,0.0358737347849762));
#17172=CARTESIAN_POINT('',(0.0050046767773962,-0.0235049914102585,0.0358737347849762));
#17173=CARTESIAN_POINT('',(0.0050046767773962,-0.023921001315076,0.0362870052078241));
#17174=CARTESIAN_POINT('',(0.0050046767773962,-0.023921001315076,0.0363171395094901));
#17175=CARTESIAN_POINT('',(0.0050046767773962,-0.023921001315076,0.0363171395094901));
#17176=CARTESIAN_POINT('',(0.0050046767773962,-0.023921001315076,0.0362870052078241));
#17177=CARTESIAN_POINT('',(0.0050046767773962,-0.0240386033624867,0.0363171395094901));
#17178=CARTESIAN_POINT('',(0.0050046767773962,-0.0241554577957376,0.0363171395094901));
#17179=CARTESIAN_POINT('',(0.0050046767773962,-0.0241554577957376,0.0363171395094901));
#17180=CARTESIAN_POINT('',(0.0050046767773962,-0.0240386033624867,0.0363171395094901));
#17181=CARTESIAN_POINT('',(0.0050046767773962,-0.0236237262750461,0.036298244112062));
#17182=CARTESIAN_POINT('',(0.0050046767773962,-0.0236237262750461,0.036298244112062));
#17183=CARTESIAN_POINT('',(0.0050046767773962,-0.0202869122155467,0.0340393241846356));
#17184=CARTESIAN_POINT('',(0.0050046767773962,-0.0234649491506828,0.0324986470565954));
#17185=CARTESIAN_POINT('',(0.00550467677739621,-0.0234649491506828,0.0324986470565954));
#17186=CARTESIAN_POINT('',(0.00550467677739621,-0.0234494294190482,0.0330581588653771));
#17187=CARTESIAN_POINT('',(0.00550467677739621,-0.0237204818243034,0.0329962048581345));
#17188=CARTESIAN_POINT('',(0.0050046767773962,-0.0234494294190482,0.0330581588653771));
#17189=CARTESIAN_POINT('',(0.0050046767773962,-0.0234494294190482,0.0330581588653771));
#17190=CARTESIAN_POINT('',(0.0050046767773962,-0.0234649491506828,0.0324986470565954));
#17191=CARTESIAN_POINT('',(0.0050046767773964,-0.0237204824754184,0.0329962045187002));
#17192=CARTESIAN_POINT('',(0.0050046767773962,-0.0237204320994419,0.0329961046531574));
#17193=CARTESIAN_POINT('',(0.0050046767773962,-0.0234340276290558,0.0324863684923876));
#17194=CARTESIAN_POINT('',(0.00550467677739621,-0.0234340276290558,0.0324863684923876));
#17195=CARTESIAN_POINT('',(0.00550467677739621,-0.0231756121753468,0.0329962140643298));
#17196=CARTESIAN_POINT('',(0.0050046767773962,-0.0231756665420515,0.0329961046531574));
#17197=CARTESIAN_POINT('',(0.0050046767773962,-0.0231756121753468,0.0329962140643298));
#17198=CARTESIAN_POINT('',(0.0050046767773962,-0.0234340276290558,0.0324863684923876));
#17199=CARTESIAN_POINT('',(0.0050046767773962,-0.0233776933172642,0.0326042671133337));
#17200=CARTESIAN_POINT('',(0.00550467677739621,-0.0233776933172642,0.0326042671133337));
#17201=CARTESIAN_POINT('',(0.00550467677739621,-0.0229977201741036,0.0328270839675518));
#17202=CARTESIAN_POINT('',(0.0050046767773962,-0.0229977958913087,0.0328270394801742));
#17203=CARTESIAN_POINT('',(0.0050046767773962,-0.0229977201741036,0.0328270839675518));
#17204=CARTESIAN_POINT('',(0.0050046767773962,-0.0233776933172642,0.0326042671133337));
#17205=CARTESIAN_POINT('',(0.0050046767773962,-0.0233958744528474,0.0325978706217065));
#17206=CARTESIAN_POINT('',(0.00550467677739621,-0.0233958744528474,0.0325978706217065));
#17207=CARTESIAN_POINT('',(0.00550467677739621,-0.0229364300256517,0.0325930101349901));
#17208=CARTESIAN_POINT('',(0.0050046767773962,-0.0229363532242754,0.0325930094490538));
#17209=CARTESIAN_POINT('',(0.0050046767773962,-0.0229364300256517,0.0325930101349901));
#17210=CARTESIAN_POINT('',(0.0050046767773962,-0.0233958744528474,0.0325978706217065));
#17211=CARTESIAN_POINT('',(0.0050046767773962,-0.023391376002521,0.0325894832715968));
#17212=CARTESIAN_POINT('',(0.00550467677739621,-0.023391376002521,0.0325894832715968));
#17213=CARTESIAN_POINT('',(0.00550467677739621,-0.0229977138402504,0.0323612793539027));
#17214=CARTESIAN_POINT('',(0.0050046767773962,-0.0229977958913087,0.032361327545336));
#17215=CARTESIAN_POINT('',(0.0050046767773962,-0.0229977138402504,0.0323612793539027));
#17216=CARTESIAN_POINT('',(0.0050046767773962,-0.023391376002521,0.0325894832715968));
#17217=CARTESIAN_POINT('',(0.0050046767773962,-0.0233854684142918,0.0325891459113976));
#17218=CARTESIAN_POINT('',(0.00550467677739621,-0.0233854684142918,0.0325891459113976));
#17219=CARTESIAN_POINT('',(0.00550467677739621,-0.023175626642985,0.032190814610174));
#17220=CARTESIAN_POINT('',(0.0050046767773962,-0.0231756665420515,0.032190892631368));
#17221=CARTESIAN_POINT('',(0.0050046767773962,-0.023175626642985,0.032190814610174));
#17222=CARTESIAN_POINT('',(0.0050046767773962,-0.0233854684142918,0.0325891459113976));
#17223=CARTESIAN_POINT('',(0.0050046767773962,-0.0234330915624371,0.0326837152786488));
#17224=CARTESIAN_POINT('',(0.00550467677739621,-0.0234330915624371,0.0326837152786488));
#17225=CARTESIAN_POINT('',(0.00550467677739621,-0.0234474562438305,0.0321271687250704));
#17226=CARTESIAN_POINT('',(0.0050046767773962,-0.0234474622888961,0.0321269061596486));
#17227=CARTESIAN_POINT('',(0.0050046767773962,-0.0234474562438305,0.0321271687250704));
#17228=CARTESIAN_POINT('',(0.0050046767773962,-0.0234330915624371,0.0326837152786488));
#17229=CARTESIAN_POINT('',(0.0050046767773962,-0.0234603490099054,0.0326785959491867));
#17230=CARTESIAN_POINT('',(0.00550467677739621,-0.0234603490099054,0.0326785959491867));
#17231=CARTESIAN_POINT('',(0.00550467677739621,-0.023716737571582,0.0321908483546687));
#17232=CARTESIAN_POINT('',(0.0050046767773962,-0.0237167142310546,0.032190892631368));
#17233=CARTESIAN_POINT('',(0.0050046767773962,-0.023716737571582,0.0321908483546687));
#17234=CARTESIAN_POINT('',(0.0050046767773962,-0.0234603490099054,0.0326785959491867));
#17235=CARTESIAN_POINT('',(0.0050046767773962,-0.0235081492722974,0.032587889682882));
#17236=CARTESIAN_POINT('',(0.00550467677739621,-0.0235081492722974,0.032587889682882));
#17237=CARTESIAN_POINT('',(0.00550467677739621,-0.023894669898485,0.0323612773877715));
#17238=CARTESIAN_POINT('',(0.0050046767773962,-0.0238945848817974,0.032361327545336));
#17239=CARTESIAN_POINT('',(0.0050046767773962,-0.023894669898485,0.0323612773877715));
#17240=CARTESIAN_POINT('',(0.0050046767773962,-0.0235081492722974,0.032587889682882));
#17241=CARTESIAN_POINT('',(0.0050046767773962,-0.0234996811758187,0.0325894401627558));
#17242=CARTESIAN_POINT('',(0.00550467677739621,-0.0234996811758187,0.0325894401627558));
#17243=CARTESIAN_POINT('',(0.00550467677739621,-0.0239557499472241,0.0325930094674266));
#17244=CARTESIAN_POINT('',(0.0050046767773962,-0.0239558318715471,0.0325930094490538));
#17245=CARTESIAN_POINT('',(0.0050046767773962,-0.0239557499472241,0.0325930094674266));
#17246=CARTESIAN_POINT('',(0.0050046767773962,-0.0234996811758187,0.0325894401627558));
#17247=CARTESIAN_POINT('',(0.0050046767773962,-0.0234881185177438,0.0325981619913909));
#17248=CARTESIAN_POINT('',(0.00550467677739621,-0.0234881185177438,0.0325981619913909));
#17249=CARTESIAN_POINT('',(0.00550467677739621,-0.0238958319284661,0.0328270808889886));
#17250=CARTESIAN_POINT('',(0.0050046767773962,-0.0238957589454986,0.0328270394801742));
#17251=CARTESIAN_POINT('',(0.0050046767773962,-0.0238958319284661,0.0328270808889886));
#17252=CARTESIAN_POINT('',(0.0050046767773962,-0.0234881185177438,0.0325981619913909));
#17253=CARTESIAN_POINT('',(0.0050046767773962,-0.0235990844530439,0.0325934357403503));
#17254=CARTESIAN_POINT('',(0.0050046767773962,-0.0238791357499701,0.0321269061596486));
#17255=CARTESIAN_POINT('',(0.0050046767773962,-0.0238791357499701,0.0321269061596486));
#17256=CARTESIAN_POINT('',(0.0050046767773962,-0.0235990844530439,0.0325934357403503));
#17257=CARTESIAN_POINT('',(0.0050046770273962,-0.024074991528066,0.0323286520639445));
#17258=CARTESIAN_POINT('',(0.0050046767773962,-0.0240749993372262,0.032328649438984));
#17259=CARTESIAN_POINT('',(0.0050046767773962,-0.0240047511924334,0.0321269061596486));
#17260=CARTESIAN_POINT('',(0.0050046767773962,-0.0241311587176037,0.0321269061596486));
#17261=CARTESIAN_POINT('',(0.0050046767773962,-0.0241311587176037,0.0321269061596486));
#17262=CARTESIAN_POINT('',(0.0050046767773962,-0.0240047511924334,0.0321269061596486));
#17263=CARTESIAN_POINT('',(0.0050046767773962,-0.0241311587176037,0.0320130219806253));
#17264=CARTESIAN_POINT('',(0.0050046767773962,-0.0241311587176037,0.0318991378016018));
#17265=CARTESIAN_POINT('',(0.0050046767773962,-0.0241311587176037,0.0318991378016018));
#17266=CARTESIAN_POINT('',(0.0050046767773962,-0.0241311587176037,0.0320130219806253));
#17267=CARTESIAN_POINT('',(0.0050046767773962,-0.0231193114843904,0.0318991378016018));
#17268=CARTESIAN_POINT('',(0.0050046767773962,-0.0221074642511771,0.0318991378016018));
#17269=CARTESIAN_POINT('',(0.0050046767773962,-0.0221074642511771,0.0318991378016018));
#17270=CARTESIAN_POINT('',(0.0050046767773962,-0.0231193114843904,0.0318991378016018));
#17271=CARTESIAN_POINT('',(0.0050046767773962,-0.0221074642511771,0.0320130219806253));
#17272=CARTESIAN_POINT('',(0.0050046767773962,-0.0221074642511771,0.0321269061596486));
#17273=CARTESIAN_POINT('',(0.0050046767773962,-0.0221074642511771,0.0321269061596486));
#17274=CARTESIAN_POINT('',(0.0050046767773962,-0.0221074642511771,0.0320130219806253));
#17275=CARTESIAN_POINT('',(0.0050046767773962,-0.022559478776167,0.0321269061596486));
#17276=CARTESIAN_POINT('',(0.0050046767773962,-0.0230107753421971,0.0321269061596486));
#17277=CARTESIAN_POINT('',(0.0050046767773962,-0.0230107753421971,0.0321269061596486));
#17278=CARTESIAN_POINT('',(0.0050046767773962,-0.022559478776167,0.0321269061596486));
#17279=CARTESIAN_POINT('',(0.0050046767773962,-0.0233093353010618,0.0326079180329307));
#17280=CARTESIAN_POINT('',(0.0050046767773962,-0.0228150333084773,0.0323309975663865));
#17281=CARTESIAN_POINT('',(0.0050046767773962,-0.0228150510971505,0.0323310058736315));
#17282=CARTESIAN_POINT('',(0.0050046767773962,-0.0233093353010618,0.0326079180329307));
#17283=CARTESIAN_POINT('',(0.0050046767773962,-0.0233341298467395,0.0326266394984133));
#17284=CARTESIAN_POINT('',(0.0050046767773962,-0.022735979685925,0.0326403633516718));
#17285=CARTESIAN_POINT('',(0.0050046767773962,-0.0227362376480306,0.0326403576582519));
#17286=CARTESIAN_POINT('',(0.0050046767773962,-0.0233341298467395,0.0326266394984133));
#17287=CARTESIAN_POINT('',(0.0050046767773962,-0.0233643039945281,0.0326485435940048));
#17288=CARTESIAN_POINT('',(0.0050046767773962,-0.0228261869136394,0.0329722320245648));
#17289=CARTESIAN_POINT('',(0.0050046767773962,-0.0228261203031896,0.0329722722602298));
#17290=CARTESIAN_POINT('',(0.0050046767773962,-0.0233643039945281,0.0326485435940048));
#17291=CARTESIAN_POINT('',(0.0050046767773962,-0.0233629030901613,0.0326450113297983));
#17292=CARTESIAN_POINT('',(0.0050046767773962,-0.0230791976412636,0.0332064577329687));
#17293=CARTESIAN_POINT('',(0.0050046767773962,-0.023079160952465,0.0332065311832684));
#17294=CARTESIAN_POINT('',(0.0050046767773962,-0.0233629030901613,0.0326450113297983));
#17295=CARTESIAN_POINT('',(0.0050046767773962,-0.0234337812263252,0.0325025803778051));
#17296=CARTESIAN_POINT('',(0.0050046767773962,-0.0234498104162986,0.0332915773513109));
#17297=CARTESIAN_POINT('',(0.0050046767773962,-0.0234498072805898,0.0332912348975998));
#17298=CARTESIAN_POINT('',(0.0050046767773962,-0.0234337812263252,0.0325025803778051));
#17299=CARTESIAN_POINT('',(0.0050046767773962,-0.0234689697651744,0.0325179055802513));
#17300=CARTESIAN_POINT('',(0.0050046767773962,-0.0238194448049159,0.0332064577329687));
#17301=CARTESIAN_POINT('',(0.0050046767773962,-0.0238195239837039,0.0332066155683767));
#17302=CARTESIAN_POINT('',(0.0050046767773962,-0.0234689697651744,0.0325179055802513));
#17303=CARTESIAN_POINT('',(0.0050046767773962,-0.023535104626101,0.032658876705822));
#17304=CARTESIAN_POINT('',(0.0050046767773962,-0.0240661938594667,0.0329722320245648));
#17305=CARTESIAN_POINT('',(0.0050046767773962,-0.0240662644968419,0.032972273488885));
#17306=CARTESIAN_POINT('',(0.0050046767773962,-0.023535104626101,0.032658876705822));
#17307=CARTESIAN_POINT('',(0.0050046767773962,-0.0235115288441923,0.0326490944599957));
#17308=CARTESIAN_POINT('',(0.0050046767773962,-0.024153857282495,0.0326403633516718));
#17309=CARTESIAN_POINT('',(0.0050046767773962,-0.0241535730515805,0.0326403619135759));
#17310=CARTESIAN_POINT('',(0.0050046767773962,-0.0235115288441923,0.0326490944599957));
#17311=CARTESIAN_POINT('',(0.0050046767773962,-0.0235496163490098,0.032625384366279));
#17312=CARTESIAN_POINT('',(0.0050046767773962,-0.0235496163490098,0.032625384366279));
#17313=CARTESIAN_POINT('',(0.0050046767773962,-0.0235202706031476,0.0326119513371628));
#17314=CARTESIAN_POINT('',(0.00550467677739621,-0.0235202706031476,0.0326119513371628));
#17315=CARTESIAN_POINT('',(0.0050046767773962,-0.0235202706031476,0.0326119513371628));
#17316=CARTESIAN_POINT('',(0.0050046767773962,-0.0202869122155467,0.0340393241846356));
#17317=CARTESIAN_POINT('',(0.00550467677739621,-0.0148386782508162,0.0691));
#17318=CARTESIAN_POINT('',(0.0050046767773962,-0.0154896728267793,0.0322767999547407));
#17319=CARTESIAN_POINT('',(0.0050046767773962,-0.0154941994732814,0.0269573999094815));
#17320=CARTESIAN_POINT('',(0.0050046767773962,-0.0154941994732814,0.0269573999094815));
#17321=CARTESIAN_POINT('',(0.0050046767773962,-0.0154896728267793,0.0322767999547407));
#17322=CARTESIAN_POINT('',(0.0050046767773962,-0.0154851461802772,0.0375962));
#17323=CARTESIAN_POINT('',(0.0050046767773962,-0.0154851461802772,0.0375962));
#17324=CARTESIAN_POINT('',(0.0050046767773962,-0.0202914388620488,0.026961482213259));
#17325=CARTESIAN_POINT('',(0.0050046767773962,-0.0202914388620488,0.026961482213259));
#17326=CARTESIAN_POINT('',(0.0050046767773962,-0.0202916516043141,0.0264614822132589));
#17327=CARTESIAN_POINT('',(0.0050046767773962,-0.0154946249578121,0.0264574000905185));
#17328=CARTESIAN_POINT('',(0.0050046767773962,-0.0154946249578121,0.0264574000905185));
#17329=CARTESIAN_POINT('',(0.0050046767773962,-0.0202916516043141,0.0264614822132589));
#17330=CARTESIAN_POINT('',(0.0050046767773962,-0.0154991516043142,0.0211380000452593));
#17331=CARTESIAN_POINT('',(0.0050046767773962,-0.0155036782508162,0.0158186));
#17332=CARTESIAN_POINT('',(0.0050046767773962,-0.0155036782508162,0.0158186));
#17333=CARTESIAN_POINT('',(0.0050046767773962,-0.0154991516043142,0.0211380000452593));
#17334=CARTESIAN_POINT('',(0.0050046767773962,-0.0190286782508162,0.0158186));
#17335=CARTESIAN_POINT('',(0.0050046767773962,-0.0190286782508162,0.0122936));
#17336=CARTESIAN_POINT('',(0.0050046767773962,-0.0190286782508162,0.0122936));
#17337=CARTESIAN_POINT('',(0.0050046767773962,-0.0190286782508162,0.0158186));
#17338=CARTESIAN_POINT('',(0.0050046767773962,-0.0220586782508162,0.0122936));
#17339=CARTESIAN_POINT('',(0.0050046767773962,-0.0220586782508162,0.0122936));
#17340=CARTESIAN_POINT('',(0.0050046767773962,-0.0220586782508162,0.0117936));
#17341=CARTESIAN_POINT('',(0.0050046767773962,-0.0190286782508162,0.0117936));
#17342=CARTESIAN_POINT('',(0.0050046767773962,-0.0190286782508162,0.0117936));
#17343=CARTESIAN_POINT('',(0.0050046767773962,-0.0220586782508162,0.0117936));
#17344=CARTESIAN_POINT('',(0.0050046767773962,-0.0190286782508162,0.0158186));
#17345=CARTESIAN_POINT('',(0.0050046767773962,-0.0150036809844762,0.0158151748506144));
#17346=CARTESIAN_POINT('',(0.0050046767773962,-0.0150036809844762,0.0158151748506144));
#17347=CARTESIAN_POINT('',(0.0050046767773962,-0.0190286782508162,0.0158186));
#17348=CARTESIAN_POINT('',(0.0050046767773962,-0.0149944136728953,0.0267054746830419));
#17349=CARTESIAN_POINT('',(0.0050046767773962,-0.0149851461830883,0.0375959872576939));
#17350=CARTESIAN_POINT('',(0.0050046767773962,-0.0149851461830883,0.0375959872576939));
#17351=CARTESIAN_POINT('',(0.0050046767773962,-0.0149944136728953,0.0267054746830419));
#17352=CARTESIAN_POINT('',(0.0050046767773962,-0.019010194640067,0.0375962));
#17353=CARTESIAN_POINT('',(0.0050046767773962,-0.0190299456819665,0.0416212));
#17354=CARTESIAN_POINT('',(0.0050046767773962,-0.0190299456819665,0.0416212));
#17355=CARTESIAN_POINT('',(0.0050046767773962,-0.019010194640067,0.0375962));
#17356=CARTESIAN_POINT('',(0.0050046767773962,-0.0220593119663914,0.0416212));
#17357=CARTESIAN_POINT('',(0.0050046767773962,-0.0220593119663914,0.0416212));
#17358=CARTESIAN_POINT('',(0.0050046767773962,-0.0220586782508162,0.0411212));
#17359=CARTESIAN_POINT('',(0.0050046767773962,-0.0190286782508162,0.0411212));
#17360=CARTESIAN_POINT('',(0.0050046767773962,-0.0190286782508162,0.0411212));
#17361=CARTESIAN_POINT('',(0.0050046767773962,-0.0220586782508162,0.0411212));
#17362=CARTESIAN_POINT('',(0.0050046767773962,-0.019010194640067,0.0375962));
#17363=CARTESIAN_POINT('',(0.0050046767773962,-0.019010194640067,0.0375962));
#17364=CARTESIAN_POINT('',(0.0050046767773962,-0.0148386782508162,0.03355));
#17365=MECHANICAL_DESIGN_GEOMETRIC_PRESENTATION_REPRESENTATION('',(#10410),
#17366);
#17366=(
GEOMETRIC_REPRESENTATION_CONTEXT(3)
GLOBAL_UNCERTAINTY_ASSIGNED_CONTEXT((#17367))
GLOBAL_UNIT_ASSIGNED_CONTEXT((#17370,#17369,#17368))
REPRESENTATION_CONTEXT('Part 1','TOP_LEVEL_ASSEMBLY_PART')
);
#17367=UNCERTAINTY_MEASURE_WITH_UNIT(LENGTH_MEASURE(2.E-5),#17370,
'DISTANCE_ACCURACY_VALUE','Maximum Tolerance applied to model');
#17368=(
NAMED_UNIT(*)
SI_UNIT($,.STERADIAN.)
SOLID_ANGLE_UNIT()
);
#17369=(
NAMED_UNIT(*)
PLANE_ANGLE_UNIT()
SI_UNIT($,.RADIAN.)
);
#17370=(
LENGTH_UNIT()
NAMED_UNIT(*)
SI_UNIT($,.METRE.)
);
#17371=PRODUCT_DEFINITION_SHAPE('','',#17372);
#17372=PRODUCT_DEFINITION('','',#17374,#17373);
#17373=PRODUCT_DEFINITION_CONTEXT('',#17380,'design');
#17374=PRODUCT_DEFINITION_FORMATION_WITH_SPECIFIED_SOURCE('','',#17376,
 .NOT_KNOWN.);
#17375=PRODUCT_RELATED_PRODUCT_CATEGORY('','',(#17376));
#17376=PRODUCT('Part 1','Part 1','Part 1',(#17378));
#17377=PRODUCT_CATEGORY('','');
#17378=PRODUCT_CONTEXT('',#17380,'mechanical');
#17379=APPLICATION_PROTOCOL_DEFINITION('international standard',
'ap242_managed_model_based_3d_engineering',2020,#17380);
#17380=APPLICATION_CONTEXT('managed model based 3d engineering');
ENDSEC;
END-ISO-10303-21;
